y2_statefips,y1_statefips,y1_state,y1_state_name,n1,n2,AGI
01,96,AL,AL Total Migration-US and Foreign,33716,67747,1515297
01,97,AL,AL Total Migration-US,32868,65647,1467218
01,98,AL,AL Total Migration-Foreign,848,2100,48079
01,97,AL,AL Total Migration-Same State,46630,95832,1871804
01,01,AL,AL Non-migrants,1598458,3579600,96406319
01,13,GA,Georgia,5972,12269,249108
01,12,FL,Florida,4489,8446,185502
01,48,TX,Texas,3435,7041,135165
01,47,TN,Tennessee,2608,5304,124203
01,28,MS,Mississippi,2212,4562,90723
01,06,CA,California,1169,2274,55689
01,37,NC,North Carolina,1056,2158,49972
01,22,LA,Louisiana,883,1671,40723
01,57,FR,Foreign,848,2100,48079
01,51,VA,Virginia,819,1624,48796
01,36,NY,New York,772,1518,34582
01,17,IL,Illinois,717,1443,34167
01,39,OH,Ohio,713,1430,29911
01,45,SC,South Carolina,637,1220,31594
01,26,MI,Michigan,594,1125,22176
01,21,KY,Kentucky,574,1213,27082
01,08,CO,Colorado,473,932,24958
01,29,MO,Missouri,459,901,20884
01,18,IN,Indiana,457,895,21821
01,42,PA,Pennsylvania,440,850,23033
01,53,WA,Washington,351,742,17875
01,24,MD,Maryland,340,647,18685
01,05,AR,Arkansas,338,703,15223
01,40,OK,Oklahoma,300,615,15592
01,04,AZ,Arizona,285,575,16478
01,34,NJ,New Jersey,261,489,12404
01,20,KS,Kansas,242,549,12081
01,55,WI,Wisconsin,198,385,9052
01,15,HI,Hawaii,197,440,8578
01,25,MA,Massachusetts,171,315,8548
01,32,NV,Nevada,166,299,7457
01,35,NM,New Mexico,143,310,7926
01,27,MN,Minnesota,133,252,7129
01,09,CT,Connecticut,130,248,7706
01,54,WV,West Virginia,119,235,5459
01,19,IA,Iowa,118,205,4816
01,02,AK,Alaska,107,223,4869
01,49,UT,Utah,99,201,4551
01,41,OR,Oregon,97,179,5421
01,31,NE,Nebraska,75,149,3165
01,16,ID,Idaho,69,142,2370
01,30,MT,Montana,56,116,2494
01,38,ND,North Dakota,54,113,2763
01,11,DC,District Of Columbia,54,92,5309
01,56,WY,Wyoming,53,100,1885
01,23,ME,Maine,52,86,2041
01,46,SD,South Dakota,48,129,2095
01,33,NH,New Hampshire,42,68,1548
01,10,DE,Delaware,38,61,1461
01,44,RI,Rhode Island,31,70,1432
01,50,VT,Vermont,22,33,716
02,96,AK,AK Total Migration-US and Foreign,12294,22884,601986
02,97,AK,AK Total Migration-US,11710,21452,561138
02,98,AK,AK Total Migration-Foreign,584,1432,40848
02,97,AK,AK Total Migration-Same State,5788,10559,313287
02,02,AK,AK Non-migrants,265963,558608,21208409
02,06,CA,California,1271,2249,56604
02,53,WA,Washington,1174,2020,55978
02,48,TX,Texas,941,1911,67188
02,12,FL,Florida,607,1044,24232
02,57,FR,Foreign,584,1432,40848
02,41,OR,Oregon,567,945,24363
02,04,AZ,Arizona,486,871,28598
02,08,CO,Colorado,411,689,22373
02,13,GA,Georgia,361,802,13769
02,37,NC,North Carolina,349,767,14123
02,36,NY,New York,328,555,12288
02,15,HI,Hawaii,317,668,12918
02,51,VA,Virginia,288,557,15073
02,32,NV,Nevada,263,489,12816
02,16,ID,Idaho,247,465,11707
02,26,MI,Michigan,241,397,10095
02,42,PA,Pennsylvania,212,367,10467
02,30,MT,Montana,212,348,13003
02,17,IL,Illinois,203,329,8290
02,39,OH,Ohio,203,352,8209
02,40,OK,Oklahoma,193,378,8607
02,29,MO,Missouri,189,372,8297
02,27,MN,Minnesota,188,297,7874
02,49,UT,Utah,180,401,9906
02,47,TN,Tennessee,178,370,7373
02,55,WI,Wisconsin,159,259,6008
02,22,LA,Louisiana,143,309,6967
02,45,SC,South Carolina,139,252,5428
02,18,IN,Indiana,129,209,5252
02,01,AL,Alabama,128,278,6138
02,35,NM,New Mexico,128,254,7385
02,24,MD,Maryland,114,196,5833
02,25,MA,Massachusetts,106,155,4907
02,21,KY,Kentucky,105,246,4200
02,20,KS,Kansas,97,197,4115
02,56,WY,Wyoming,86,146,6700
02,34,NJ,New Jersey,86,131,3791
02,05,AR,Arkansas,79,163,3807
02,19,IA,Iowa,76,153,3234
02,28,MS,Mississippi,76,149,3216
02,31,NE,Nebraska,69,133,3047
02,38,ND,North Dakota,57,94,3227
02,46,SD,South Dakota,52,93,2291
02,09,CT,Connecticut,51,76,2043
02,23,ME,Maine,49,71,2429
02,33,NH,New Hampshire,43,66,1899
02,10,DE,Delaware,33,57,1195
02,50,VT,Vermont,32,40,1300
02,54,WV,West Virginia,28,36,1116
02,11,DC,District Of Columbia,22,25,980
02,44,RI,Rhode Island,14,21,479
04,96,AZ,AZ Total Migration-US and Foreign,73817,137346,4593065
04,97,AZ,AZ Total Migration-US,71861,133049,4481270
04,98,AZ,AZ Total Migration-Foreign,1956,4297,111795
04,97,AZ,AZ Total Migration-Same State,29884,59753,1246123
04,04,AZ,AZ Non-migrants,2229625,4942639,142623684
04,06,CA,California,15330,29184,1013447
04,48,TX,Texas,5578,11103,263324
04,17,IL,Illinois,3590,6253,315036
04,53,WA,Washington,3338,5949,208028
04,08,CO,Colorado,3292,5903,213866
04,35,NM,New Mexico,3096,6669,122753
04,12,FL,Florida,2458,4255,145598
04,32,NV,Nevada,2405,4544,121927
04,36,NY,New York,2168,3601,132820
04,57,FR,Foreign,1956,4297,111795
04,26,MI,Michigan,1945,3395,92368
04,49,UT,Utah,1841,4052,136768
04,41,OR,Oregon,1792,3082,112639
04,27,MN,Minnesota,1738,3055,152717
04,39,OH,Ohio,1618,2787,100190
04,55,WI,Wisconsin,1427,2434,87780
04,42,PA,Pennsylvania,1303,2219,88518
04,29,MO,Missouri,1143,2055,58683
04,18,IN,Indiana,1128,2053,56663
04,37,NC,North Carolina,1085,2098,60867
04,51,VA,Virginia,1060,1964,104397
04,13,GA,Georgia,1026,1975,56919
04,34,NJ,New Jersey,863,1500,81949
04,47,TN,Tennessee,796,1468,36737
04,16,ID,Idaho,787,1609,41052
04,19,IA,Iowa,777,1379,50915
04,40,OK,Oklahoma,704,1291,29822
04,25,MA,Massachusetts,698,1095,60218
04,15,HI,Hawaii,672,1309,36999
04,20,KS,Kansas,668,1276,49276
04,02,AK,Alaska,612,1140,35898
04,24,MD,Maryland,597,1041,41095
04,31,NE,Nebraska,588,1064,48635
04,30,MT,Montana,566,980,29657
04,46,SD,South Dakota,512,918,21883
04,38,ND,North Dakota,466,851,30818
04,56,WY,Wyoming,465,812,24813
04,09,CT,Connecticut,458,794,37599
04,45,SC,South Carolina,447,799,21284
04,21,KY,Kentucky,406,796,35431
04,05,AR,Arkansas,403,749,16036
04,22,LA,Louisiana,372,704,17848
04,01,AL,Alabama,341,643,16174
04,28,MS,Mississippi,276,536,9947
04,33,NH,New Hampshire,221,354,13786
04,23,ME,Maine,214,364,12827
04,54,WV,West Virginia,130,194,5801
04,50,VT,Vermont,124,200,6977
04,11,DC,District Of Columbia,117,156,10372
04,44,RI,Rhode Island,111,207,8660
04,10,DE,Delaware,109,190,3452
05,96,AR,AR Total Migration-US and Foreign,22230,44480,984892
05,97,AR,AR Total Migration-US,21897,43692,966386
05,98,AR,AR Total Migration-Foreign,333,788,18505
05,97,AR,AR Total Migration-Same State,32457,65470,1161833
05,05,AR,AR Non-migrants,954334,2145497,58280625
05,48,TX,Texas,4517,9001,192553
05,40,OK,Oklahoma,2101,4414,76994
05,29,MO,Missouri,2080,4151,74437
05,47,TN,Tennessee,1358,2690,60703
05,06,CA,California,1270,2480,50134
05,22,LA,Louisiana,1003,2036,45362
05,12,FL,Florida,965,1745,53278
05,17,IL,Illinois,756,1442,38929
05,28,MS,Mississippi,732,1518,27993
05,13,GA,Georgia,551,1152,24480
05,20,KS,Kansas,473,878,20396
05,08,CO,Colorado,368,731,16608
05,37,NC,North Carolina,365,748,15841
05,26,MI,Michigan,337,660,14807
05,57,FR,Foreign,333,788,18505
05,04,AZ,Arizona,326,661,13834
05,51,VA,Virginia,313,625,17127
05,36,NY,New York,299,564,15070
05,01,AL,Alabama,298,625,13851
05,39,OH,Ohio,295,562,19631
05,18,IN,Indiana,271,578,11031
05,55,WI,Wisconsin,238,476,10267
05,53,WA,Washington,226,438,9043
05,19,IA,Iowa,211,415,7347
05,21,KY,Kentucky,210,429,8139
05,42,PA,Pennsylvania,205,395,11838
05,27,MN,Minnesota,203,439,13594
05,45,SC,South Carolina,188,386,10265
05,32,NV,Nevada,169,353,6111
05,34,NJ,New Jersey,147,291,11201
05,41,OR,Oregon,141,255,4845
05,31,NE,Nebraska,126,269,6040
05,35,NM,New Mexico,124,244,6265
05,24,MD,Maryland,115,211,6234
05,25,MA,Massachusetts,114,186,6277
05,49,UT,Utah,104,258,6815
05,15,HI,Hawaii,97,209,3125
05,02,AK,Alaska,95,184,3952
05,38,ND,North Dakota,72,127,3984
05,56,WY,Wyoming,70,143,3197
05,46,SD,South Dakota,60,116,6700
05,09,CT,Connecticut,54,104,5793
05,54,WV,West Virginia,53,118,2542
05,16,ID,Idaho,49,101,1888
05,30,MT,Montana,42,84,1395
05,23,ME,Maine,27,58,1707
05,11,DC,District Of Columbia,27,33,2150
05,10,DE,Delaware,27,63,1146
05,33,NH,New Hampshire,25,46,1467
05,44,RI,Rhode Island,-1,-1,-1
05,50,VT,Vermont,-1,-1,-1
06,96,CA,CA Total Migration-US and Foreign,200999,344232,13587730
06,97,CA,CA Total Migration-US,190669,322677,12547137
06,98,CA,CA Total Migration-Foreign,10330,21555,1040593
06,97,CA,CA Total Migration-Same State,364319,676488,24921124
06,06,CA,CA Non-migrants,13658090,30666470,1154367010
06,48,TX,Texas,20523,38725,1246622
06,36,NY,New York,14595,20913,1498625
06,04,AZ,Arizona,12564,22988,651807
06,53,WA,Washington,11126,19789,778613
06,12,FL,Florida,10607,17150,694337
06,32,NV,Nevada,10534,19061,499590
06,57,FR,Foreign,10330,21555,1040593
06,17,IL,Illinois,8714,14073,730352
06,41,OR,Oregon,6605,10976,338634
06,08,CO,Colorado,6317,10684,446800
06,51,VA,Virginia,5918,10225,390970
06,25,MA,Massachusetts,5592,8004,504321
06,13,GA,Georgia,4964,8877,296325
06,34,NJ,New Jersey,4934,8042,470097
06,42,PA,Pennsylvania,4789,7113,340369
06,37,NC,North Carolina,4548,8273,280100
06,15,HI,Hawaii,4088,7065,197380
06,26,MI,Michigan,3829,6023,223688
06,39,OH,Ohio,3790,6035,221051
06,24,MD,Maryland,3391,5401,223603
06,49,UT,Utah,3390,6744,159131
06,27,MN,Minnesota,2878,4579,196146
06,29,MO,Missouri,2735,4459,141287
06,47,TN,Tennessee,2570,4524,139139
06,18,IN,Indiana,2277,3837,110693
06,55,WI,Wisconsin,2243,3572,152429
06,09,CT,Connecticut,2178,3296,276642
06,35,NM,New Mexico,2105,3637,98846
06,16,ID,Idaho,1839,3381,70180
06,40,OK,Oklahoma,1820,3248,74418
06,22,LA,Louisiana,1701,2899,133012
06,20,KS,Kansas,1563,2796,79642
06,45,SC,South Carolina,1535,2675,70252
06,11,DC,District Of Columbia,1469,1880,150872
06,01,AL,Alabama,1232,2198,59586
06,02,AK,Alaska,1175,2104,50188
06,21,KY,Kentucky,1158,1969,59642
06,05,AR,Arkansas,1115,2039,44453
06,19,IA,Iowa,1105,1827,49990
06,31,NE,Nebraska,917,1627,50260
06,30,MT,Montana,876,1459,57800
06,28,MS,Mississippi,837,1553,37603
06,33,NH,New Hampshire,736,1051,44160
06,44,RI,Rhode Island,630,950,38278
06,23,ME,Maine,553,794,33019
06,56,WY,Wyoming,544,940,31005
06,38,ND,North Dakota,522,857,24538
06,46,SD,South Dakota,442,738,17646
06,10,DE,Delaware,412,680,27435
06,50,VT,Vermont,385,508,18791
06,54,WV,West Virginia,299,439,16768
08,96,CO,CO Total Migration-US and Foreign,76123,131276,4507290
08,97,CO,CO Total Migration-US,74124,126595,4351575
08,98,CO,CO Total Migration-Foreign,1999,4681,155715
08,97,CO,CO Total Migration-Same State,89984,162557,4928376
08,08,CO,CO Non-migrants,1932425,4134014,157232055
08,06,CA,California,8337,14858,646116
08,48,TX,Texas,7677,14537,485158
08,12,FL,Florida,4458,7190,213301
08,04,AZ,Arizona,3464,6291,180849
08,17,IL,Illinois,3104,4693,228281
08,36,NY,New York,2619,3877,225312
08,35,NM,New Mexico,2289,4313,110271
08,57,FR,Foreign,1999,4681,155715
08,53,WA,Washington,1895,3405,103857
08,20,KS,Kansas,1846,3306,89355
08,51,VA,Virginia,1821,3079,121617
08,13,GA,Georgia,1781,3275,88099
08,42,PA,Pennsylvania,1703,2598,94264
08,29,MO,Missouri,1646,2782,73516
08,56,WY,Wyoming,1641,2881,91838
08,37,NC,North Carolina,1626,2808,83567
08,39,OH,Ohio,1588,2491,83649
08,26,MI,Michigan,1543,2195,69074
08,27,MN,Minnesota,1482,2222,80966
08,31,NE,Nebraska,1481,2488,73318
08,40,OK,Oklahoma,1453,2746,84985
08,49,UT,Utah,1436,2987,71808
08,32,NV,Nevada,1311,2388,66711
08,55,WI,Wisconsin,1264,1882,76415
08,47,TN,Tennessee,1147,1914,53138
08,19,IA,Iowa,1092,1695,53999
08,41,OR,Oregon,1025,1682,64105
08,25,MA,Massachusetts,998,1350,74765
08,18,IN,Indiana,995,1620,50238
08,34,NJ,New Jersey,976,1541,81271
08,24,MD,Maryland,930,1529,38021
08,22,LA,Louisiana,754,1321,36221
08,15,HI,Hawaii,719,1349,46648
08,30,MT,Montana,686,1042,32014
08,45,SC,South Carolina,659,1086,21894
08,01,AL,Alabama,628,1130,28097
08,46,SD,South Dakota,624,972,24656
08,16,ID,Idaho,620,1141,29788
08,38,ND,North Dakota,611,1115,40518
08,21,KY,Kentucky,604,1156,23898
08,05,AR,Arkansas,579,1069,29473
08,02,AK,Alaska,549,986,32613
08,09,CT,Connecticut,546,763,43142
08,28,MS,Mississippi,346,629,15647
08,33,NH,New Hampshire,327,461,17181
08,11,DC,District Of Columbia,282,377,29990
08,50,VT,Vermont,260,331,10985
08,23,ME,Maine,234,332,9440
08,54,WV,West Virginia,215,333,9674
08,10,DE,Delaware,127,207,6544
08,44,RI,Rhode Island,126,172,5287
09,96,CT,CT Total Migration-US and Foreign,27588,47645,2418486
09,97,CT,CT Total Migration-US,26934,46169,2277368
09,98,CT,CT Total Migration-Foreign,654,1476,141118
09,97,CT,CT Total Migration-Same State,21110,33767,1178906
09,09,CT,CT Non-migrants,1383786,2839854,148163858
09,36,NY,New York,8339,15055,1016401
09,25,MA,Massachusetts,3015,4583,196950
09,12,FL,Florida,2447,4185,144141
09,34,NJ,New Jersey,1518,2611,146750
09,06,CA,California,1248,2069,107745
09,48,TX,Texas,1007,1917,76313
09,42,PA,Pennsylvania,921,1500,63047
09,44,RI,Rhode Island,904,1446,47833
09,37,NC,North Carolina,700,1249,38491
09,51,VA,Virginia,692,1230,45403
09,57,FR,Foreign,654,1476,141118
09,13,GA,Georgia,560,1018,31354
09,24,MD,Maryland,452,735,34474
09,17,IL,Illinois,400,682,37189
09,45,SC,South Carolina,383,626,16920
09,33,NH,New Hampshire,365,537,21349
09,39,OH,Ohio,324,554,22476
09,23,ME,Maine,313,492,13191
09,08,CO,Colorado,258,439,16323
09,50,VT,Vermont,246,363,11870
09,04,AZ,Arizona,236,400,15645
09,26,MI,Michigan,231,386,14219
09,53,WA,Washington,225,408,14070
09,47,TN,Tennessee,166,277,10478
09,11,DC,District Of Columbia,163,200,15743
09,27,MN,Minnesota,137,251,12237
09,18,IN,Indiana,130,240,13564
09,29,MO,Missouri,128,239,9335
09,55,WI,Wisconsin,124,225,9694
09,15,HI,Hawaii,123,216,5378
09,01,AL,Alabama,105,206,5588
09,21,KY,Kentucky,100,138,4479
09,49,UT,Utah,97,192,9624
09,41,OR,Oregon,94,161,5939
09,22,LA,Louisiana,94,150,4364
09,32,NV,Nevada,92,154,5143
09,10,DE,Delaware,84,151,6970
09,20,KS,Kansas,70,131,5318
09,40,OK,Oklahoma,61,105,2892
09,35,NM,New Mexico,58,105,2192
09,19,IA,Iowa,52,91,3293
09,05,AR,Arkansas,49,89,2008
09,54,WV,West Virginia,43,76,1984
09,28,MS,Mississippi,39,64,1742
09,31,NE,Nebraska,34,60,1438
09,16,ID,Idaho,33,66,3347
09,02,AK,Alaska,31,46,1285
09,38,ND,North Dakota,23,24,1007
09,56,WY,Wyoming,20,27,175
09,30,MT,Montana,-1,-1,-1
09,46,SD,South Dakota,-1,-1,-1
10,96,DE,DE Total Migration-US and Foreign,12050,22041,806699
10,97,DE,DE Total Migration-US,11824,21523,787469
10,98,DE,DE Total Migration-Foreign,226,518,19229
10,97,DE,DE Total Migration-Same State,2885,5254,119856
10,10,DE,DE Non-migrants,347432,721941,24478142
10,42,PA,Pennsylvania,3051,5547,188303
10,24,MD,Maryland,2452,4447,144801
10,34,NJ,New Jersey,1288,2296,141678
10,36,NY,New York,875,1596,63796
10,12,FL,Florida,583,987,24101
10,51,VA,Virginia,501,906,32869
10,48,TX,Texas,369,703,19681
10,06,CA,California,311,549,32683
10,37,NC,North Carolina,296,534,12668
10,13,GA,Georgia,246,466,12702
10,57,FR,Foreign,226,518,19229
10,39,OH,Ohio,138,268,8241
10,09,CT,Connecticut,130,243,8769
10,25,MA,Massachusetts,123,214,6947
10,17,IL,Illinois,119,231,9239
10,45,SC,South Carolina,117,203,7879
10,47,TN,Tennessee,97,222,4093
10,26,MI,Michigan,78,157,5022
10,04,AZ,Arizona,75,148,4503
10,11,DC,District Of Columbia,69,87,9508
10,08,CO,Colorado,67,135,4326
10,18,IN,Indiana,60,106,3612
10,54,WV,West Virginia,55,100,2400
10,21,KY,Kentucky,51,127,2366
10,53,WA,Washington,45,78,1883
10,27,MN,Minnesota,43,75,4343
10,01,AL,Alabama,42,82,3067
10,22,LA,Louisiana,39,61,1995
10,29,MO,Missouri,39,75,2130
10,20,KS,Kansas,36,64,1704
10,33,NH,New Hampshire,35,65,2733
10,35,NM,New Mexico,30,47,1095
10,55,WI,Wisconsin,29,50,1531
10,44,RI,Rhode Island,29,48,1319
10,40,OK,Oklahoma,29,56,1062
10,32,NV,Nevada,29,55,1203
10,28,MS,Mississippi,28,59,1334
10,23,ME,Maine,28,51,1368
10,19,IA,Iowa,25,57,1885
10,05,AR,Arkansas,25,50,999
10,41,OR,Oregon,24,52,1058
10,15,HI,Hawaii,24,44,944
10,49,UT,Utah,23,68,2224
10,50,VT,Vermont,21,30,1417
10,38,ND,North Dakota,18,28,565
10,02,AK,Alaska,18,33,693
10,31,NE,Nebraska,14,23,730
10,56,WY,Wyoming,-1,-1,-1
10,46,SD,South Dakota,-1,-1,-1
10,16,ID,Idaho,-1,-1,-1
10,30,MT,Montana,-1,-1,-1
11,96,DC,DC Total Migration-US and Foreign,22712,31280,1584958
11,97,DC,DC Total Migration-US,22187,30323,1531914
11,98,DC,DC Total Migration-Foreign,525,957,53044
11,11,DC,DC Non-migrants,255331,426998,25292722
11,24,MD,Maryland,7186,11554,474939
11,51,VA,Virginia,4312,5536,322857
11,36,NY,New York,1441,1746,129259
11,06,CA,California,1184,1409,79258
11,12,FL,Florida,745,972,63924
11,42,PA,Pennsylvania,704,815,38572
11,48,TX,Texas,695,984,36572
11,25,MA,Massachusetts,576,673,40731
11,37,NC,North Carolina,549,724,32917
11,57,FR,Foreign,525,957,53044
11,34,NJ,New Jersey,520,618,31753
11,17,IL,Illinois,440,527,33774
11,13,GA,Georgia,427,596,30759
11,39,OH,Ohio,277,322,15069
11,09,CT,Connecticut,261,306,18440
11,26,MI,Michigan,245,272,11893
11,53,WA,Washington,184,215,10588
11,08,CO,Colorado,180,227,18054
11,45,SC,South Carolina,151,198,8427
11,47,TN,Tennessee,147,195,7969
11,27,MN,Minnesota,144,161,8787
11,55,WI,Wisconsin,132,164,9654
11,29,MO,Missouri,127,150,7148
11,04,AZ,Arizona,116,158,6190
11,22,LA,Louisiana,115,141,5351
11,18,IN,Indiana,100,121,4802
11,41,OR,Oregon,89,98,4005
11,01,AL,Alabama,83,111,4147
11,10,DE,Delaware,80,104,5434
11,21,KY,Kentucky,77,92,3484
11,54,WV,West Virginia,73,93,4845
11,35,NM,New Mexico,65,83,3478
11,32,NV,Nevada,63,89,2389
11,33,NH,New Hampshire,63,69,3356
11,49,UT,Utah,59,82,7309
11,44,RI,Rhode Island,59,69,14343
11,28,MS,Mississippi,59,79,3404
11,23,ME,Maine,59,78,5349
11,19,IA,Iowa,58,66,2607
11,15,HI,Hawaii,49,67,2781
11,20,KS,Kansas,48,60,2842
11,40,OK,Oklahoma,47,59,2509
11,05,AR,Arkansas,47,57,2488
11,50,VT,Vermont,43,54,3400
11,31,NE,Nebraska,35,39,1523
11,30,MT,Montana,27,33,1273
11,02,AK,Alaska,27,36,2388
11,46,SD,South Dakota,19,21,873
11,16,ID,Idaho,-1,-1,-1
11,56,WY,Wyoming,-1,-1,-1
11,38,ND,North Dakota,-1,-1,-1
12,96,FL,FL Total Migration-US and Foreign,236191,425387,21266473
12,97,FL,FL Total Migration-US,229625,411266,20650919
12,98,FL,FL Total Migration-Foreign,6566,14121,615554
12,97,FL,FL Total Migration-Same State,227647,407226,10613324
12,12,FL,FL Non-migrants,7246289,14640337,493450202
12,36,NY,New York,25996,44983,2620649
12,48,TX,Texas,23089,42521,992239
12,13,GA,Georgia,15742,30190,1003635
12,34,NJ,New Jersey,12348,22202,1494652
12,42,PA,Pennsylvania,10438,18180,1017451
12,06,CA,California,10239,18149,1162002
12,37,NC,North Carolina,9428,17351,567708
12,39,OH,Ohio,9056,15742,840774
12,17,IL,Illinois,8803,15338,1466396
12,51,VA,Virginia,8567,15835,734499
12,25,MA,Massachusetts,7451,12715,750711
12,26,MI,Michigan,7449,12811,597318
12,57,FR,Foreign,6566,14121,615554
12,24,MD,Maryland,5875,10253,692993
12,09,CT,Connecticut,5800,10318,985402
12,47,TN,Tennessee,5637,10352,337489
12,01,AL,Alabama,5329,10204,303897
12,18,IN,Indiana,5117,9082,392763
12,45,SC,South Carolina,4416,8079,239369
12,08,CO,Colorado,3720,6590,487532
12,21,KY,Kentucky,3403,6182,246660
12,29,MO,Missouri,3271,5820,280468
12,55,WI,Wisconsin,3048,5349,412421
12,27,MN,Minnesota,2653,4650,322304
12,53,WA,Washington,2588,4598,163190
12,04,AZ,Arizona,2493,4431,166316
12,22,LA,Louisiana,2334,4323,246842
12,32,NV,Nevada,1949,3317,203724
12,33,NH,New Hampshire,1909,3172,256845
12,28,MS,Mississippi,1825,3633,104765
12,23,ME,Maine,1804,2993,159813
12,44,RI,Rhode Island,1598,2820,220498
12,40,OK,Oklahoma,1425,2715,124792
12,20,KS,Kansas,1327,2494,114195
12,54,WV,West Virginia,1232,2167,70207
12,05,AR,Arkansas,1202,2263,93334
12,19,IA,Iowa,1141,2071,123967
12,15,HI,Hawaii,1074,1922,52106
12,10,DE,Delaware,1016,1791,55112
12,35,NM,New Mexico,990,1768,51514
12,41,OR,Oregon,966,1619,58588
12,50,VT,Vermont,850,1380,100882
12,31,NE,Nebraska,804,1418,37316
12,49,UT,Utah,772,1575,45449
12,02,AK,Alaska,703,1243,35908
12,11,DC,District Of Columbia,671,949,90722
12,46,SD,South Dakota,485,849,44616
12,56,WY,Wyoming,426,752,18801
12,38,ND,North Dakota,423,764,24317
12,16,ID,Idaho,374,704,20431
12,30,MT,Montana,369,639,17333
13,96,GA,GA Total Migration-US and Foreign,101627,199299,4889104
13,97,GA,GA Total Migration-US,98749,192667,4717007
13,98,GA,GA Total Migration-Foreign,2878,6632,172097
13,97,GA,GA Total Migration-Same State,166329,334326,7248743
13,13,GA,GA Non-migrants,3266790,7430492,220961020
13,12,FL,Florida,15624,29784,692115
13,48,TX,Texas,10872,22498,414940
13,01,AL,Alabama,6655,13258,254092
13,37,NC,North Carolina,5808,11207,272361
13,36,NY,New York,5693,10822,288417
13,45,SC,South Carolina,5428,10368,226573
13,47,TN,Tennessee,5151,10001,232190
13,06,CA,California,4998,9491,308613
13,51,VA,Virginia,3583,6868,186031
13,57,FR,Foreign,2878,6632,172097
13,17,IL,Illinois,2816,5534,165275
13,39,OH,Ohio,2599,4826,138791
13,34,NJ,New Jersey,2267,4433,132886
13,42,PA,Pennsylvania,2229,4233,112848
13,26,MI,Michigan,2053,3873,94442
13,24,MD,Maryland,1955,3743,113808
13,22,LA,Louisiana,1598,3248,62682
13,28,MS,Mississippi,1459,2980,56907
13,18,IN,Indiana,1312,2604,58650
13,21,KY,Kentucky,1284,2645,54003
13,08,CO,Colorado,1260,2553,71556
13,29,MO,Missouri,1133,2223,55325
13,53,WA,Washington,1116,2285,58062
13,04,AZ,Arizona,1061,2139,53645
13,25,MA,Massachusetts,1057,1869,64204
13,09,CT,Connecticut,915,1724,67797
13,55,WI,Wisconsin,771,1477,42465
13,20,KS,Kansas,685,1508,36959
13,40,OK,Oklahoma,659,1349,33418
13,27,MN,Minnesota,646,1225,53718
13,05,AR,Arkansas,580,1161,26895
13,32,NV,Nevada,568,1104,22093
13,15,HI,Hawaii,567,1250,23827
13,19,IA,Iowa,385,732,17016
13,02,AK,Alaska,368,823,14978
13,35,NM,New Mexico,355,719,15351
13,11,DC,District Of Columbia,354,513,24896
13,54,WV,West Virginia,327,641,13912
13,49,UT,Utah,313,665,14908
13,41,OR,Oregon,305,557,14178
13,10,DE,Delaware,279,515,11689
13,31,NE,Nebraska,264,527,11914
13,44,RI,Rhode Island,209,381,10144
13,23,ME,Maine,207,399,9651
13,33,NH,New Hampshire,201,399,11593
13,38,ND,North Dakota,153,317,8354
13,16,ID,Idaho,144,298,5628
13,56,WY,Wyoming,138,283,41820
13,46,SD,South Dakota,126,235,6008
13,30,MT,Montana,117,208,4350
13,50,VT,Vermont,102,172,5028
15,96,HI,HI Total Migration-US and Foreign,21959,41666,1179128
15,97,HI,HI Total Migration-US,20288,37820,1086159
15,98,HI,HI Total Migration-Foreign,1671,3846,92969
15,97,HI,HI Total Migration-Same State,2761,4725,115253
15,15,HI,HI Non-migrants,542461,1107755,35364835
15,06,CA,California,4508,7779,301849
15,57,FR,Foreign,1671,3846,92969
15,48,TX,Texas,1533,3170,72764
15,53,WA,Washington,1350,2716,69385
15,12,FL,Florida,1119,1921,50010
15,36,NY,New York,741,1247,31416
15,51,VA,Virginia,720,1542,41508
15,13,GA,Georgia,686,1466,29395
15,32,NV,Nevada,649,1150,28727
15,08,CO,Colorado,618,1216,33076
15,37,NC,North Carolina,601,1250,22495
15,04,AZ,Arizona,588,1049,28465
15,41,OR,Oregon,549,922,23668
15,17,IL,Illinois,442,691,22920
15,24,MD,Maryland,376,709,23466
15,42,PA,Pennsylvania,336,589,18168
15,45,SC,South Carolina,309,588,12902
15,02,AK,Alaska,303,628,13113
15,49,UT,Utah,297,663,12908
15,39,OH,Ohio,292,506,10364
15,29,MO,Missouri,292,611,12991
15,47,TN,Tennessee,278,580,12809
15,26,MI,Michigan,276,495,13273
15,34,NJ,New Jersey,266,432,14791
15,25,MA,Massachusetts,260,401,15934
15,21,KY,Kentucky,229,547,7891
15,09,CT,Connecticut,225,360,10761
15,40,OK,Oklahoma,201,432,24304
15,27,MN,Minnesota,182,279,10897
15,20,KS,Kansas,181,429,7152
15,01,AL,Alabama,175,345,7418
15,16,ID,Idaho,172,319,9150
15,18,IN,Indiana,170,319,23301
15,55,WI,Wisconsin,167,278,7425
15,22,LA,Louisiana,147,272,6469
15,35,NM,New Mexico,144,261,7794
15,28,MS,Mississippi,96,170,3485
15,05,AR,Arkansas,96,192,3035
15,30,MT,Montana,87,170,6128
15,19,IA,Iowa,85,162,4670
15,23,ME,Maine,76,136,4681
15,31,NE,Nebraska,74,127,2946
15,33,NH,New Hampshire,65,100,3008
15,11,DC,District Of Columbia,59,94,4711
15,44,RI,Rhode Island,52,95,5072
15,54,WV,West Virginia,44,81,1406
15,56,WY,Wyoming,44,85,2638
15,38,ND,North Dakota,41,77,1703
15,10,DE,Delaware,38,71,1496
15,46,SD,South Dakota,30,66,1426
15,50,VT,Vermont,19,32,797
16,96,ID,ID Total Migration-US and Foreign,18284,36633,953883
16,97,ID,ID Total Migration-US,17848,35607,930290
16,98,ID,ID Total Migration-Foreign,436,1026,23593
16,97,ID,ID Total Migration-Same State,14508,30193,522058
16,16,ID,ID Non-migrants,546985,1283315,32767635
16,06,CA,California,3253,6743,213209
16,53,WA,Washington,2981,5594,133290
16,49,UT,Utah,1536,3481,65366
16,41,OR,Oregon,1472,2894,68881
16,48,TX,Texas,835,1777,48443
16,32,NV,Nevada,808,1659,36404
16,04,AZ,Arizona,801,1604,37278
16,30,MT,Montana,653,1262,27629
16,08,CO,Colorado,631,1207,32062
16,57,FR,Foreign,436,1026,23593
16,56,WY,Wyoming,411,856,21203
16,12,FL,Florida,367,687,15603
16,02,AK,Alaska,335,647,21140
16,38,ND,North Dakota,290,565,16258
16,37,NC,North Carolina,201,416,8216
16,17,IL,Illinois,191,363,10431
16,51,VA,Virginia,187,345,11096
16,36,NY,New York,186,316,11323
16,35,NM,New Mexico,186,397,8878
16,15,HI,Hawaii,162,311,5773
16,29,MO,Missouri,157,288,6994
16,27,MN,Minnesota,151,279,7230
16,13,GA,Georgia,148,331,8131
16,42,PA,Pennsylvania,145,257,7678
16,39,OH,Ohio,134,235,6752
16,26,MI,Michigan,132,222,4240
16,55,WI,Wisconsin,108,181,6312
16,40,OK,Oklahoma,101,202,3875
16,19,IA,Iowa,99,178,3683
16,47,TN,Tennessee,98,234,5830
16,20,KS,Kansas,97,205,5914
16,18,IN,Indiana,97,186,5219
16,46,SD,South Dakota,84,144,4356
16,24,MD,Maryland,82,165,5351
16,31,NE,Nebraska,80,170,4164
16,34,NJ,New Jersey,66,118,4948
16,22,LA,Louisiana,65,125,2854
16,25,MA,Massachusetts,65,111,3895
16,45,SC,South Carolina,62,126,3151
16,05,AR,Arkansas,61,133,5094
16,21,KY,Kentucky,60,131,3148
16,01,AL,Alabama,49,95,2383
16,28,MS,Mississippi,42,74,1336
16,09,CT,Connecticut,40,60,2365
16,33,NH,New Hampshire,38,58,1762
16,54,WV,West Virginia,34,68,2195
16,50,VT,Vermont,25,46,1299
16,23,ME,Maine,21,28,421
16,11,DC,District Of Columbia,21,33,17226
16,10,DE,Delaware,-1,-1,-1
16,44,RI,Rhode Island,-1,-1,-1
17,96,IL,IL Total Migration-US and Foreign,73426,126459,4246750
17,97,IL,IL Total Migration-US,71459,122396,4050999
17,98,IL,IL Total Migration-Foreign,1967,4063,195751
17,97,IL,IL Total Migration-Same State,105519,195035,5694945
17,17,IL,IL Non-migrants,4857323,10604004,384604563
17,18,IN,Indiana,6788,12317,295696
17,48,TX,Texas,5747,11054,363185
17,06,CA,California,5405,9125,398651
17,55,WI,Wisconsin,5106,8589,243273
17,29,MO,Missouri,4889,8414,214392
17,12,FL,Florida,4659,7583,225795
17,26,MI,Michigan,3611,5480,200400
17,19,IA,Iowa,2978,5243,118963
17,36,NY,New York,2957,4518,272996
17,39,OH,Ohio,2550,3958,168429
17,57,FR,Foreign,1967,4063,195751
17,13,GA,Georgia,1946,3584,105366
17,04,AZ,Arizona,1804,3066,103580
17,27,MN,Minnesota,1562,2656,89499
17,47,TN,Tennessee,1541,2852,62401
17,51,VA,Virginia,1514,2553,95221
17,37,NC,North Carolina,1460,2609,79538
17,08,CO,Colorado,1451,2370,85995
17,42,PA,Pennsylvania,1408,2334,98410
17,34,NJ,New Jersey,1170,2057,112998
17,21,KY,Kentucky,1098,1912,48796
17,53,WA,Washington,1023,1822,71974
17,25,MA,Massachusetts,1022,1492,78186
17,24,MD,Maryland,798,1317,51246
17,32,NV,Nevada,720,1198,34953
17,20,KS,Kansas,656,1114,34462
17,05,AR,Arkansas,607,1132,24461
17,45,SC,South Carolina,584,975,28324
17,01,AL,Alabama,561,1045,25851
17,28,MS,Mississippi,556,1107,17271
17,22,LA,Louisiana,535,961,27299
17,09,CT,Connecticut,510,813,48499
17,40,OK,Oklahoma,502,930,20310
17,31,NE,Nebraska,440,749,23102
17,41,OR,Oregon,394,610,16674
17,11,DC,District Of Columbia,385,492,30501
17,49,UT,Utah,319,609,17281
17,35,NM,New Mexico,318,591,16375
17,15,HI,Hawaii,297,496,13079
17,02,AK,Alaska,213,376,11020
17,54,WV,West Virginia,157,280,7278
17,38,ND,North Dakota,145,206,5936
17,46,SD,South Dakota,143,284,6124
17,30,MT,Montana,142,231,6146
17,44,RI,Rhode Island,135,207,9299
17,56,WY,Wyoming,125,199,5600
17,16,ID,Idaho,122,225,6591
17,33,NH,New Hampshire,111,193,11159
17,23,ME,Maine,111,172,5314
17,10,DE,Delaware,106,177,5805
17,50,VT,Vermont,78,119,7291
18,96,IN,IN Total Migration-US and Foreign,41152,78653,1938746
18,97,IN,IN Total Migration-US,40534,77295,1890677
18,98,IN,IN Total Migration-Foreign,618,1358,48069
18,97,IN,IN Total Migration-Same State,69933,129068,2891508
18,18,IN,IN Non-migrants,2413153,5296632,150655847
18,17,IL,Illinois,8183,16296,385036
18,21,KY,Kentucky,3718,6879,143020
18,39,OH,Ohio,3563,6558,171329
18,26,MI,Michigan,3051,5728,137051
18,12,FL,Florida,3004,5286,130761
18,48,TX,Texas,2487,5127,96840
18,06,CA,California,1830,3448,94148
18,47,TN,Tennessee,1158,2251,46182
18,13,GA,Georgia,965,1878,38812
18,37,NC,North Carolina,944,1865,40413
18,36,NY,New York,942,1739,45284
18,51,VA,Virginia,745,1423,36184
18,29,MO,Missouri,727,1343,32636
18,42,PA,Pennsylvania,723,1334,44671
18,04,AZ,Arizona,671,1253,63488
18,55,WI,Wisconsin,668,1299,34291
18,57,FR,Foreign,618,1358,48069
18,08,CO,Colorado,607,1082,28196
18,45,SC,South Carolina,440,865,19742
18,27,MN,Minnesota,419,828,26533
18,01,AL,Alabama,412,819,19452
18,24,MD,Maryland,395,741,23737
18,34,NJ,New Jersey,388,823,23894
18,53,WA,Washington,367,716,21166
18,19,IA,Iowa,367,704,17713
18,20,KS,Kansas,297,607,13344
18,22,LA,Louisiana,277,526,11448
18,05,AR,Arkansas,265,496,9788
18,40,OK,Oklahoma,261,488,9230
18,28,MS,Mississippi,245,484,8175
18,32,NV,Nevada,232,435,9432
18,25,MA,Massachusetts,216,357,11650
18,54,WV,West Virginia,174,329,8639
18,49,UT,Utah,168,357,7154
18,35,NM,New Mexico,166,317,8107
18,09,CT,Connecticut,159,276,16051
18,41,OR,Oregon,155,269,5860
18,15,HI,Hawaii,151,272,5691
18,31,NE,Nebraska,146,275,7016
18,16,ID,Idaho,100,187,3592
18,38,ND,North Dakota,97,160,4917
18,02,AK,Alaska,95,172,3718
18,46,SD,South Dakota,91,169,4593
18,11,DC,District Of Columbia,76,115,5001
18,56,WY,Wyoming,72,150,2615
18,33,NH,New Hampshire,66,102,3778
18,30,MT,Montana,63,134,1928
18,23,ME,Maine,59,108,2991
18,44,RI,Rhode Island,48,80,1984
18,10,DE,Delaware,48,84,2118
18,50,VT,Vermont,33,61,1279
19,96,IA,IA Total Migration-US and Foreign,20961,39240,923049
19,97,IA,IA Total Migration-US,20655,38581,898076
19,98,IA,IA Total Migration-Foreign,306,659,24973
19,97,IA,IA Total Migration-Same State,29584,51441,1266609
19,19,IA,IA Non-migrants,1153911,2506494,78977221
19,17,IL,Illinois,3799,7020,148671
19,31,NE,Nebraska,2078,3906,87290
19,27,MN,Minnesota,1489,2666,73407
19,48,TX,Texas,1265,2492,51792
19,29,MO,Missouri,1154,2186,46028
19,06,CA,California,975,1859,41183
19,55,WI,Wisconsin,913,1590,40987
19,12,FL,Florida,731,1262,41860
19,46,SD,South Dakota,637,1131,26998
19,08,CO,Colorado,619,1125,25431
19,04,AZ,Arizona,564,1026,24588
19,20,KS,Kansas,448,870,21472
19,18,IN,Indiana,365,658,14226
19,36,NY,New York,359,665,17048
19,26,MI,Michigan,352,650,13960
19,37,NC,North Carolina,346,673,14316
19,13,GA,Georgia,326,691,13502
19,57,FR,Foreign,306,659,24973
19,39,OH,Ohio,289,577,14190
19,53,WA,Washington,289,555,11804
19,51,VA,Virginia,275,498,16845
19,47,TN,Tennessee,268,509,11213
19,42,PA,Pennsylvania,266,512,13158
19,40,OK,Oklahoma,242,456,7790
19,38,ND,North Dakota,180,333,6685
19,05,AR,Arkansas,179,371,5638
19,32,NV,Nevada,152,259,6713
19,28,MS,Mississippi,148,318,5639
19,24,MD,Maryland,146,264,6819
19,34,NJ,New Jersey,141,250,8784
19,21,KY,Kentucky,141,256,6930
19,49,UT,Utah,138,323,6696
19,22,LA,Louisiana,136,287,6258
19,41,OR,Oregon,131,222,4998
19,01,AL,Alabama,130,239,5270
19,45,SC,South Carolina,124,254,7126
19,35,NM,New Mexico,105,211,4439
19,25,MA,Massachusetts,104,155,5911
19,16,ID,Idaho,94,205,3677
19,56,WY,Wyoming,93,181,4255
19,30,MT,Montana,81,163,3271
19,15,HI,Hawaii,76,148,6665
19,02,AK,Alaska,75,147,3019
19,09,CT,Connecticut,55,89,2858
19,54,WV,West Virginia,34,76,1445
19,11,DC,District Of Columbia,33,42,2558
19,33,NH,New Hampshire,30,55,1075
19,44,RI,Rhode Island,29,64,1342
19,23,ME,Maine,23,42,737
19,50,VT,Vermont,14,30,655
19,10,DE,Delaware,14,20,855
20,96,KS,KS Total Migration-US and Foreign,26943,52381,1276087
20,97,KS,KS Total Migration-US,25988,49944,1220556
20,98,KS,KS Total Migration-Foreign,955,2437,55530
20,97,KS,KS Total Migration-Same State,25291,46983,1000521
20,20,KS,KS Non-migrants,1043675,2318809,75034450
20,29,MO,Missouri,6831,12158,344619
20,48,TX,Texas,2659,5417,132411
20,40,OK,Oklahoma,1736,3677,72182
20,06,CA,California,1564,3004,64787
20,08,CO,Colorado,1190,2301,50853
20,12,FL,Florida,974,1747,36766
20,57,FR,Foreign,955,2437,55530
20,31,NE,Nebraska,777,1444,36039
20,17,IL,Illinois,735,1352,42653
20,13,GA,Georgia,606,1335,25355
20,04,AZ,Arizona,586,1105,25537
20,37,NC,North Carolina,511,1090,23118
20,19,IA,Iowa,463,837,22900
20,53,WA,Washington,453,924,23543
20,36,NY,New York,447,864,22298
20,51,VA,Virginia,438,835,22743
20,05,AR,Arkansas,422,826,17309
20,47,TN,Tennessee,365,781,16676
20,39,OH,Ohio,342,623,17666
20,26,MI,Michigan,310,566,12080
20,27,MN,Minnesota,308,581,17241
20,18,IN,Indiana,306,566,15292
20,42,PA,Pennsylvania,298,534,13256
20,21,KY,Kentucky,250,574,12820
20,01,AL,Alabama,247,511,9981
20,45,SC,South Carolina,230,464,10145
20,22,LA,Louisiana,228,508,8262
20,35,NM,New Mexico,210,452,9680
20,55,WI,Wisconsin,206,371,8119
20,15,HI,Hawaii,197,463,7988
20,32,NV,Nevada,192,346,8915
20,41,OR,Oregon,190,325,7830
20,24,MD,Maryland,187,350,10423
20,34,NJ,New Jersey,182,323,9786
20,49,UT,Utah,153,347,6871
20,02,AK,Alaska,133,335,5290
20,28,MS,Mississippi,131,269,4161
20,46,SD,South Dakota,124,212,4742
20,25,MA,Massachusetts,117,202,6542
20,56,WY,Wyoming,100,207,5365
20,16,ID,Idaho,99,194,3562
20,38,ND,North Dakota,83,179,4245
20,09,CT,Connecticut,80,137,4361
20,30,MT,Montana,68,130,4910
20,33,NH,New Hampshire,58,107,2710
20,54,WV,West Virginia,51,111,1814
20,23,ME,Maine,40,81,1397
20,11,DC,District Of Columbia,32,38,1488
20,44,RI,Rhode Island,30,57,1476
20,10,DE,Delaware,30,57,1694
20,50,VT,Vermont,19,27,651
21,96,KY,KY Total Migration-US and Foreign,31361,60365,1356766
21,97,KY,KY Total Migration-US,30713,58863,1326601
21,98,KY,KY Total Migration-Foreign,648,1502,30165
21,97,KY,KY Total Migration-Same State,45828,89677,1692864
21,21,KY,KY Non-migrants,1486245,3260782,88859668
21,39,OH,Ohio,4617,8330,194889
21,18,IN,Indiana,3809,7030,137511
21,47,TN,Tennessee,3172,6329,113604
21,12,FL,Florida,2465,4505,117159
21,48,TX,Texas,1783,3601,80545
21,17,IL,Illinois,1381,2591,63104
21,06,CA,California,1187,2209,67338
21,13,GA,Georgia,1042,2216,45090
21,37,NC,North Carolina,987,2045,43286
21,26,MI,Michigan,862,1574,40058
21,51,VA,Virginia,845,1668,42647
21,36,NY,New York,738,1450,35845
21,57,FR,Foreign,648,1502,30165
21,54,WV,West Virginia,618,1232,23886
21,29,MO,Missouri,552,1048,20447
21,01,AL,Alabama,523,1098,21678
21,42,PA,Pennsylvania,513,924,21930
21,45,SC,South Carolina,488,987,19287
21,08,CO,Colorado,387,796,21918
21,04,AZ,Arizona,348,669,14258
21,53,WA,Washington,319,691,14640
21,24,MD,Maryland,310,604,15452
21,34,NJ,New Jersey,275,511,15867
21,28,MS,Mississippi,270,568,9866
21,55,WI,Wisconsin,255,465,12095
21,22,LA,Louisiana,249,478,11376
21,05,AR,Arkansas,234,454,11097
21,40,OK,Oklahoma,211,425,8916
21,20,KS,Kansas,209,447,9471
21,27,MN,Minnesota,207,381,9827
21,25,MA,Massachusetts,205,326,11112
21,32,NV,Nevada,159,306,8864
21,15,HI,Hawaii,153,323,6343
21,19,IA,Iowa,152,305,5505
21,02,AK,Alaska,129,281,6258
21,09,CT,Connecticut,127,231,5898
21,49,UT,Utah,110,257,4356
21,41,OR,Oregon,105,193,4066
21,35,NM,New Mexico,99,201,4355
21,31,NE,Nebraska,88,158,4035
21,46,SD,South Dakota,64,115,1638
21,33,NH,New Hampshire,56,112,2374
21,23,ME,Maine,56,102,2426
21,56,WY,Wyoming,52,97,2980
21,38,ND,North Dakota,51,85,2432
21,30,MT,Montana,50,87,1553
21,16,ID,Idaho,50,104,1552
21,44,RI,Rhode Island,48,82,2346
21,11,DC,District Of Columbia,44,63,2358
21,10,DE,Delaware,35,60,1981
21,50,VT,Vermont,24,49,1085
22,96,LA,LA Total Migration-US and Foreign,32073,61174,1536488
22,97,LA,LA Total Migration-US,31307,59437,1491268
22,98,LA,LA Total Migration-Foreign,766,1737,45220
22,97,LA,LA Total Migration-Same State,55172,110371,2761369
22,22,LA,LA Non-migrants,1543341,3382604,101610627
22,48,TX,Texas,8707,17678,491229
22,28,MS,Mississippi,3020,5828,128442
22,12,FL,Florida,2197,3855,99152
22,06,CA,California,1771,3105,84039
22,13,GA,Georgia,1534,3072,55064
22,01,AL,Alabama,1037,1956,49626
22,36,NY,New York,923,1561,45392
22,05,AR,Arkansas,912,1925,38791
22,37,NC,North Carolina,842,1698,30017
22,47,TN,Tennessee,838,1586,38152
22,57,FR,Foreign,766,1737,45220
22,51,VA,Virginia,673,1231,36253
22,17,IL,Illinois,657,1054,27711
22,39,OH,Ohio,515,867,22626
22,29,MO,Missouri,504,954,22343
22,08,CO,Colorado,491,860,22019
22,40,OK,Oklahoma,452,889,19106
22,42,PA,Pennsylvania,442,741,24569
22,26,MI,Michigan,428,812,18381
22,53,WA,Washington,408,795,21897
22,45,SC,South Carolina,379,690,16876
22,04,AZ,Arizona,366,671,15524
22,24,MD,Maryland,363,624,18848
22,21,KY,Kentucky,313,608,11798
22,34,NJ,New Jersey,309,496,7726
22,18,IN,Indiana,301,564,12195
22,32,NV,Nevada,247,452,9788
22,25,MA,Massachusetts,243,369,11317
22,20,KS,Kansas,240,458,10335
22,55,WI,Wisconsin,201,351,8758
22,35,NM,New Mexico,181,328,8482
22,27,MN,Minnesota,181,300,7114
22,15,HI,Hawaii,154,345,6489
22,19,IA,Iowa,145,271,6117
22,09,CT,Connecticut,142,214,8029
22,41,OR,Oregon,136,214,5095
22,02,AK,Alaska,133,272,7368
22,49,UT,Utah,118,264,4622
22,54,WV,West Virginia,99,186,4999
22,31,NE,Nebraska,92,152,3499
22,38,ND,North Dakota,82,167,4549
22,56,WY,Wyoming,73,164,1180
22,11,DC,District Of Columbia,69,95,5462
22,44,RI,Rhode Island,61,104,4129
22,16,ID,Idaho,53,112,2461
22,30,MT,Montana,50,109,1983
22,23,ME,Maine,50,78,2143
22,33,NH,New Hampshire,49,80,3115
22,46,SD,South Dakota,46,97,2162
22,10,DE,Delaware,42,80,3150
22,50,VT,Vermont,38,55,1145
23,96,ME,ME Total Migration-US and Foreign,10176,16548,568172
23,97,ME,ME Total Migration-US,9954,16099,547272
23,98,ME,ME Total Migration-Foreign,222,449,20901
23,97,ME,ME Total Migration-Same State,11765,18847,454077
23,23,ME,ME Non-migrants,509468,1013151,30912560
23,25,MA,Massachusetts,1624,2441,102687
23,33,NH,New Hampshire,1445,2252,60719
23,12,FL,Florida,946,1523,41956
23,36,NY,New York,767,1217,50094
23,06,CA,California,462,733,35605
23,09,CT,Connecticut,436,676,29812
23,48,TX,Texas,348,644,19056
23,51,VA,Virginia,329,615,22134
23,42,PA,Pennsylvania,296,465,14129
23,37,NC,North Carolina,276,470,15204
23,50,VT,Vermont,265,396,11719
23,34,NJ,New Jersey,264,418,17017
23,57,FR,Foreign,222,449,20901
23,24,MD,Maryland,177,307,13775
23,08,CO,Colorado,160,253,9324
23,13,GA,Georgia,156,287,6469
23,04,AZ,Arizona,148,248,4022
23,44,RI,Rhode Island,135,208,5357
23,39,OH,Ohio,124,190,6440
23,53,WA,Washington,118,191,4616
23,47,TN,Tennessee,116,219,5807
23,45,SC,South Carolina,99,170,4163
23,17,IL,Illinois,98,166,11129
23,26,MI,Michigan,88,154,4623
23,41,OR,Oregon,79,123,3693
23,27,MN,Minnesota,64,100,3027
23,18,IN,Indiana,62,103,2866
23,29,MO,Missouri,58,99,4272
23,02,AK,Alaska,56,91,2294
23,21,KY,Kentucky,55,94,2010
23,55,WI,Wisconsin,54,100,2608
23,01,AL,Alabama,52,90,3142
23,32,NV,Nevada,50,78,1892
23,15,HI,Hawaii,49,85,2424
23,22,LA,Louisiana,47,68,2044
23,11,DC,District Of Columbia,43,55,2600
23,49,UT,Utah,43,84,1267
23,20,KS,Kansas,40,81,1931
23,35,NM,New Mexico,33,65,2412
23,30,MT,Montana,32,42,924
23,40,OK,Oklahoma,30,66,1342
23,19,IA,Iowa,28,59,2125
23,10,DE,Delaware,27,50,1536
23,46,SD,South Dakota,27,54,1664
23,54,WV,West Virginia,26,41,521
23,28,MS,Mississippi,25,49,1241
23,56,WY,Wyoming,22,27,630
23,16,ID,Idaho,20,46,569
23,05,AR,Arkansas,19,33,715
23,38,ND,North Dakota,18,41,820
23,31,NE,Nebraska,18,32,842
24,96,MD,MD Total Migration-US and Foreign,60429,107742,3396285
24,97,MD,MD Total Migration-US,58282,102692,3235127
24,98,MD,MD Total Migration-Foreign,2147,5050,161158
24,97,MD,MD Total Migration-Same State,63356,114871,3286397
24,24,MD,MD Non-migrants,2244389,4699658,189941228
24,51,VA,Virginia,10322,18653,559233
24,11,DC,District Of Columbia,7197,12835,457245
24,42,PA,Pennsylvania,5279,8542,268496
24,36,NY,New York,4289,7331,242637
24,12,FL,Florida,3581,6162,197823
24,34,NJ,New Jersey,2838,5397,160558
24,06,CA,California,2716,4638,164545
24,48,TX,Texas,2640,5046,135432
24,37,NC,North Carolina,2308,4129,102791
24,57,FR,Foreign,2147,5050,161158
24,10,DE,Delaware,1992,3571,91797
24,13,GA,Georgia,1606,3073,75375
24,54,WV,West Virginia,1175,2073,47955
24,39,OH,Ohio,971,1573,50223
24,25,MA,Massachusetts,909,1429,60235
24,17,IL,Illinois,878,1501,98987
24,45,SC,South Carolina,816,1414,34123
24,26,MI,Michigan,648,1079,36951
24,09,CT,Connecticut,587,945,46976
24,04,AZ,Arizona,565,975,35232
24,08,CO,Colorado,563,959,34454
24,47,TN,Tennessee,543,936,27494
24,53,WA,Washington,536,968,30681
24,15,HI,Hawaii,389,764,20872
24,01,AL,Alabama,386,691,17660
24,18,IN,Indiana,351,597,18307
24,22,LA,Louisiana,340,593,15875
24,29,MO,Missouri,337,603,21321
24,21,KY,Kentucky,302,596,14131
24,55,WI,Wisconsin,273,436,14078
24,27,MN,Minnesota,263,426,16204
24,32,NV,Nevada,245,428,12293
24,40,OK,Oklahoma,219,439,11538
24,20,KS,Kansas,192,365,10670
24,41,OR,Oregon,181,294,8886
24,28,MS,Mississippi,179,322,8113
24,44,RI,Rhode Island,177,280,7859
24,49,UT,Utah,176,348,9736
24,35,NM,New Mexico,176,309,10125
24,23,ME,Maine,152,240,7708
24,33,NH,New Hampshire,145,252,8777
24,05,AR,Arkansas,138,259,7575
24,19,IA,Iowa,124,203,6484
24,31,NE,Nebraska,123,227,5709
24,02,AK,Alaska,104,194,4463
24,50,VT,Vermont,93,151,4587
24,30,MT,Montana,63,106,2329
24,16,ID,Idaho,63,105,2430
24,46,SD,South Dakota,50,83,2485
24,38,ND,North Dakota,47,84,1965
24,56,WY,Wyoming,35,68,3703
25,96,MA,MA Total Migration-US and Foreign,49424,76243,3561556
25,97,MA,MA Total Migration-US,48117,73574,3384747
25,98,MA,MA Total Migration-Foreign,1307,2669,176808
25,97,MA,MA Total Migration-Same State,65444,102319,4832401
25,25,MA,MA Non-migrants,2610091,5259618,259185151
25,36,NY,New York,6554,9807,526681
25,33,NH,New Hampshire,4611,6593,268657
25,12,FL,Florida,4595,7404,252250
25,09,CT,Connecticut,3815,5544,256010
25,44,RI,Rhode Island,3606,5610,219315
25,06,CA,California,3395,5187,335401
25,34,NJ,New Jersey,2075,3271,187356
25,48,TX,Texas,1911,3256,162439
25,42,PA,Pennsylvania,1805,2708,145523
25,23,ME,Maine,1375,1940,74614
25,57,FR,Foreign,1307,2669,176808
25,51,VA,Virginia,1202,1852,79453
25,37,NC,North Carolina,1155,1892,67511
25,17,IL,Illinois,1049,1629,98831
25,24,MD,Maryland,978,1476,66330
25,13,GA,Georgia,904,1530,55800
25,50,VT,Vermont,776,1040,41452
25,39,OH,Ohio,688,1021,55202
25,08,CO,Colorado,649,982,41843
25,53,WA,Washington,586,899,50107
25,26,MI,Michigan,550,824,37183
25,04,AZ,Arizona,510,800,27573
25,11,DC,District Of Columbia,448,567,44381
25,45,SC,South Carolina,436,678,19837
25,47,TN,Tennessee,385,628,19364
25,27,MN,Minnesota,325,536,27277
25,18,IN,Indiana,313,483,20545
25,55,WI,Wisconsin,311,471,18803
25,29,MO,Missouri,290,493,23224
25,41,OR,Oregon,278,408,17898
25,32,NV,Nevada,220,340,11399
25,22,LA,Louisiana,218,352,10116
25,21,KY,Kentucky,192,317,13599
25,15,HI,Hawaii,187,291,9086
25,01,AL,Alabama,182,281,7327
25,49,UT,Utah,181,346,14160
25,35,NM,New Mexico,172,286,10705
25,20,KS,Kansas,151,250,7958
25,10,DE,Delaware,150,208,12868
25,40,OK,Oklahoma,121,224,5628
25,19,IA,Iowa,110,150,6387
25,02,AK,Alaska,101,145,5060
25,05,AR,Arkansas,100,162,4685
25,28,MS,Mississippi,85,141,3703
25,54,WV,West Virginia,77,116,2929
25,30,MT,Montana,66,81,3332
25,16,ID,Idaho,64,99,3084
25,31,NE,Nebraska,61,95,7255
25,46,SD,South Dakota,42,66,1602
25,38,ND,North Dakota,33,50,1823
25,56,WY,Wyoming,29,45,1180
26,96,MI,MI Total Migration-US and Foreign,44561,81229,2389588
26,97,MI,MI Total Migration-US,43404,78673,2271418
26,98,MI,MI Total Migration-Foreign,1157,2556,118170
26,97,MI,MI Total Migration-Same State,107361,189044,4703659
26,26,MI,MI Non-migrants,3663023,7741940,240040055
26,48,TX,Texas,4521,8777,183021
26,12,FL,Florida,4397,7580,188352
26,39,OH,Ohio,3570,6315,194185
26,17,IL,Illinois,3420,5930,258151
26,18,IN,Indiana,2825,5357,133135
26,06,CA,California,2794,4906,164638
26,36,NY,New York,1589,2944,82920
26,55,WI,Wisconsin,1469,2543,79811
26,13,GA,Georgia,1420,2791,51384
26,37,NC,North Carolina,1363,2573,65090
26,47,TN,Tennessee,1262,2337,76170
26,04,AZ,Arizona,1231,2173,67227
26,57,FR,Foreign,1157,2556,118170
26,51,VA,Virginia,1044,1864,66136
26,08,CO,Colorado,960,1621,44124
26,42,PA,Pennsylvania,939,1663,74537
26,21,KY,Kentucky,723,1365,31960
26,29,MO,Missouri,627,1132,29380
26,53,WA,Washington,623,1092,33415
26,45,SC,South Carolina,609,1132,28591
26,27,MN,Minnesota,602,1040,33705
26,01,AL,Alabama,559,1110,19223
26,34,NJ,New Jersey,550,1045,42980
26,24,MD,Maryland,533,924,33556
26,32,NV,Nevada,466,874,21833
26,25,MA,Massachusetts,444,742,30180
26,19,IA,Iowa,354,662,22137
26,22,LA,Louisiana,334,593,14371
26,40,OK,Oklahoma,325,634,14711
26,20,KS,Kansas,289,557,12962
26,41,OR,Oregon,288,531,13443
26,28,MS,Mississippi,279,542,8587
26,05,AR,Arkansas,271,538,10260
26,09,CT,Connecticut,265,521,26821
26,38,ND,North Dakota,242,412,12982
26,49,UT,Utah,230,454,10928
26,02,AK,Alaska,226,379,10439
26,15,HI,Hawaii,217,350,8047
26,54,WV,West Virginia,187,352,6733
26,35,NM,New Mexico,164,276,6874
26,30,MT,Montana,157,260,6083
26,11,DC,District Of Columbia,157,215,10958
26,56,WY,Wyoming,139,256,1392
26,31,NE,Nebraska,138,254,5864
26,33,NH,New Hampshire,108,182,7259
26,46,SD,South Dakota,107,194,4203
26,16,ID,Idaho,107,205,5098
26,23,ME,Maine,87,141,4794
26,10,DE,Delaware,74,142,4962
26,44,RI,Rhode Island,60,96,3976
26,50,VT,Vermont,59,97,3831
27,96,MN,MN Total Migration-US and Foreign,32980,57322,1942918
27,97,MN,MN Total Migration-US,32334,55939,1857970
27,98,MN,MN Total Migration-Foreign,646,1383,84948
27,97,MN,MN Total Migration-Same State,75284,128399,3614664
27,27,MN,MN Non-migrants,2103548,4492685,168262741
27,55,WI,Wisconsin,5218,7974,242908
27,38,ND,North Dakota,2985,4894,131117
27,06,CA,California,2139,3766,132442
27,48,TX,Texas,2067,4150,84225
27,17,IL,Illinois,1971,3611,113553
27,19,IA,Iowa,1786,3133,85249
27,12,FL,Florida,1372,2286,85134
27,46,SD,South Dakota,1169,1965,102346
27,04,AZ,Arizona,1050,1773,50798
27,08,CO,Colorado,889,1582,43566
27,36,NY,New York,859,1455,57614
27,26,MI,Michigan,776,1323,42074
27,53,WA,Washington,668,1154,45440
27,57,FR,Foreign,646,1383,84948
27,13,GA,Georgia,579,1070,27666
27,37,NC,North Carolina,573,1005,31019
27,29,MO,Missouri,553,1045,26785
27,31,NE,Nebraska,507,988,22608
27,51,VA,Virginia,483,809,32161
27,39,OH,Ohio,483,854,29363
27,18,IN,Indiana,476,936,21446
27,42,PA,Pennsylvania,431,726,27981
27,20,KS,Kansas,399,796,-18273
27,47,TN,Tennessee,372,697,18464
27,34,NJ,New Jersey,340,612,69228
27,25,MA,Massachusetts,328,524,18940
27,32,NV,Nevada,303,530,14941
27,41,OR,Oregon,301,488,13873
27,30,MT,Montana,271,430,12095
27,24,MD,Maryland,257,417,13550
27,49,UT,Utah,214,460,10343
27,02,AK,Alaska,214,373,11450
27,21,KY,Kentucky,185,359,9408
27,09,CT,Connecticut,184,322,22703
27,40,OK,Oklahoma,183,350,7384
27,22,LA,Louisiana,169,291,7940
27,45,SC,South Carolina,167,288,8015
27,05,AR,Arkansas,167,305,9692
27,15,HI,Hawaii,156,254,5786
27,35,NM,New Mexico,142,242,5950
27,01,AL,Alabama,142,286,6733
27,56,WY,Wyoming,135,232,11822
27,16,ID,Idaho,123,228,133935
27,28,MS,Mississippi,120,236,4729
27,11,DC,District Of Columbia,98,129,6794
27,23,ME,Maine,85,183,2525
27,33,NH,New Hampshire,62,98,3819
27,54,WV,West Virginia,54,89,1955
27,50,VT,Vermont,44,78,2124
27,44,RI,Rhode Island,43,79,3639
27,10,DE,Delaware,42,64,2913
28,96,MS,MS Total Migration-US and Foreign,22310,45508,903605
28,97,MS,MS Total Migration-US,21903,44583,885582
28,98,MS,MS Total Migration-Foreign,407,925,18023
28,97,MS,MS Total Migration-Same State,34898,73138,1241350
28,28,MS,MS Non-migrants,963915,2176566,51150828
28,47,TN,Tennessee,3669,7674,130424
28,48,TX,Texas,3050,6287,120629
28,22,LA,Louisiana,2639,5444,117342
28,01,AL,Alabama,2022,4275,83165
28,12,FL,Florida,1436,2669,56518
28,13,GA,Georgia,1161,2422,40895
28,06,CA,California,810,1588,47318
28,05,AR,Arkansas,675,1392,25281
28,17,IL,Illinois,620,1241,19362
28,37,NC,North Carolina,474,977,20256
28,51,VA,Virginia,422,888,19910
28,57,FR,Foreign,407,925,18023
28,29,MO,Missouri,363,720,13999
28,36,NY,New York,325,610,13657
28,39,OH,Ohio,314,588,18026
28,26,MI,Michigan,311,617,9773
28,18,IN,Indiana,258,524,9853
28,45,SC,South Carolina,247,490,11838
28,08,CO,Colorado,243,510,9549
28,21,KY,Kentucky,241,472,10046
28,55,WI,Wisconsin,219,432,8181
28,40,OK,Oklahoma,214,409,8297
28,42,PA,Pennsylvania,206,387,9412
28,04,AZ,Arizona,197,425,9168
28,53,WA,Washington,195,393,8499
28,24,MD,Maryland,142,298,7655
28,34,NJ,New Jersey,119,242,4487
28,20,KS,Kansas,114,229,4202
28,32,NV,Nevada,112,208,4396
28,27,MN,Minnesota,109,205,3949
28,25,MA,Massachusetts,89,155,4266
28,35,NM,New Mexico,86,156,3525
28,19,IA,Iowa,85,187,2374
28,15,HI,Hawaii,71,145,2517
28,49,UT,Utah,68,154,2560
28,41,OR,Oregon,63,110,1938
28,31,NE,Nebraska,63,135,2292
28,02,AK,Alaska,61,111,2296
28,38,ND,North Dakota,57,145,3139
28,54,WV,West Virginia,49,107,1643
28,56,WY,Wyoming,40,85,1354
28,30,MT,Montana,40,91,1866
28,09,CT,Connecticut,40,52,1196
28,11,DC,District Of Columbia,35,49,2253
28,16,ID,Idaho,29,58,1192
28,23,ME,Maine,21,37,1074
28,46,SD,South Dakota,20,43,676
28,44,RI,Rhode Island,20,35,752
28,33,NH,New Hampshire,20,33,1235
28,10,DE,Delaware,20,48,735
28,50,VT,Vermont,19,31,610
29,96,MO,MO Total Migration-US and Foreign,44101,81283,2215637
29,97,MO,MO Total Migration-US,43088,78919,2154268
29,98,MO,MO Total Migration-Foreign,1013,2364,61369
29,97,MO,MO Total Migration-Same State,73688,136463,2785986
29,29,MO,MO Non-migrants,2135644,4555741,139134831
29,20,KS,Kansas,7191,12601,349401
29,17,IL,Illinois,6096,10279,302476
29,48,TX,Texas,3722,7246,179113
29,06,CA,California,2421,4417,125672
29,12,FL,Florida,2021,3598,145771
29,05,AR,Arkansas,1987,4006,71670
29,40,OK,Oklahoma,1414,2762,61241
29,19,IA,Iowa,1127,1977,52642
29,08,CO,Colorado,1103,2071,52468
29,57,FR,Foreign,1013,2364,61369
29,47,TN,Tennessee,986,1867,44841
29,13,GA,Georgia,948,1860,45027
29,37,NC,North Carolina,836,1667,36590
29,04,AZ,Arizona,811,1593,41394
29,36,NY,New York,799,1385,46251
29,18,IN,Indiana,777,1479,34438
29,39,OH,Ohio,749,1355,41077
29,31,NE,Nebraska,671,1206,39244
29,26,MI,Michigan,656,1148,31848
29,51,VA,Virginia,649,1209,38328
29,53,WA,Washington,635,1266,37618
29,55,WI,Wisconsin,621,1084,33473
29,21,KY,Kentucky,584,1115,22195
29,42,PA,Pennsylvania,511,954,30059
29,27,MN,Minnesota,495,899,27506
29,22,LA,Louisiana,456,887,20798
29,01,AL,Alabama,394,716,18372
29,28,MS,Mississippi,378,742,14550
29,45,SC,South Carolina,355,669,15424
29,24,MD,Maryland,335,633,20455
29,32,NV,Nevada,317,603,16449
29,34,NJ,New Jersey,291,515,18331
29,41,OR,Oregon,289,508,13068
29,35,NM,New Mexico,289,531,13562
29,49,UT,Utah,268,597,11077
29,15,HI,Hawaii,232,478,11195
29,25,MA,Massachusetts,216,346,15062
29,02,AK,Alaska,211,433,10518
29,46,SD,South Dakota,158,279,7452
29,09,CT,Connecticut,149,266,10757
29,38,ND,North Dakota,145,264,9624
29,56,WY,Wyoming,125,223,4997
29,30,MT,Montana,125,251,4955
29,16,ID,Idaho,122,245,6509
29,54,WV,West Virginia,99,203,4935
29,11,DC,District Of Columbia,77,100,5382
29,23,ME,Maine,71,110,3026
29,33,NH,New Hampshire,53,88,2513
29,50,VT,Vermont,45,75,1287
29,44,RI,Rhode Island,41,50,1277
29,10,DE,Delaware,37,63,2348
30,96,MT,MT Total Migration-US and Foreign,12052,21139,673524
30,97,MT,MT Total Migration-US,11802,20596,661149
30,98,MT,MT Total Migration-Foreign,250,543,12375
30,97,MT,MT Total Migration-Same State,9575,16461,385573
30,30,MT,MT Non-migrants,385518,789405,24325769
30,06,CA,California,1275,2244,113013
30,53,WA,Washington,1213,2163,54919
30,08,CO,Colorado,698,1168,29938
30,38,ND,North Dakota,664,1172,41619
30,56,WY,Wyoming,608,1047,30042
30,48,TX,Texas,582,1083,35742
30,16,ID,Idaho,573,1069,22921
30,41,OR,Oregon,537,876,21035
30,04,AZ,Arizona,516,922,29129
30,49,UT,Utah,355,703,14980
30,12,FL,Florida,350,619,16723
30,32,NV,Nevada,295,516,19204
30,27,MN,Minnesota,295,450,11093
30,57,FR,Foreign,250,543,12375
30,36,NY,New York,224,340,21183
30,02,AK,Alaska,213,369,12927
30,26,MI,Michigan,209,302,7795
30,55,WI,Wisconsin,191,266,7140
30,46,SD,South Dakota,191,343,7632
30,17,IL,Illinois,185,282,15237
30,37,NC,North Carolina,178,297,6983
30,51,VA,Virginia,171,301,14556
30,42,PA,Pennsylvania,155,248,18441
30,35,NM,New Mexico,149,291,7461
30,13,GA,Georgia,145,295,10238
30,39,OH,Ohio,138,226,7625
30,29,MO,Missouri,133,291,5825
30,40,OK,Oklahoma,130,255,5254
30,20,KS,Kansas,117,200,4710
30,19,IA,Iowa,108,166,4834
30,18,IN,Indiana,105,181,5337
30,47,TN,Tennessee,103,194,5461
30,31,NE,Nebraska,94,194,4021
30,15,HI,Hawaii,85,161,5505
30,25,MA,Massachusetts,80,111,3342
30,45,SC,South Carolina,72,141,2937
30,34,NJ,New Jersey,71,117,5614
30,24,MD,Maryland,71,118,3350
30,05,AR,Arkansas,70,140,2288
30,22,LA,Louisiana,60,114,3122
30,23,ME,Maine,59,81,1599
30,09,CT,Connecticut,53,69,5789
30,50,VT,Vermont,51,69,2090
30,01,AL,Alabama,50,86,2166
30,21,KY,Kentucky,46,85,1760
30,33,NH,New Hampshire,42,64,1661
30,28,MS,Mississippi,41,80,2209
30,54,WV,West Virginia,35,63,1956
30,44,RI,Rhode Island,16,24,2744
30,11,DC,District Of Columbia,-1,-1,-1
30,10,DE,Delaware,-1,-1,-1
31,96,NE,NE Total Migration-US and Foreign,14468,27629,642369
31,97,NE,NE Total Migration-US,14104,26840,618835
31,98,NE,NE Total Migration-Foreign,364,789,23534
31,97,NE,NE Total Migration-Same State,18935,33814,787464
31,31,NE,NE Non-migrants,698628,1548323,50179715
31,19,IA,Iowa,2189,4121,90385
31,48,TX,Texas,1129,2181,44949
31,08,CO,Colorado,1106,2060,46032
31,06,CA,California,991,2012,47689
31,20,KS,Kansas,828,1574,34567
31,29,MO,Missouri,642,1173,32549
31,12,FL,Florida,610,1056,21840
31,46,SD,South Dakota,560,989,22183
31,17,IL,Illinois,480,897,23944
31,04,AZ,Arizona,476,899,3304
31,27,MN,Minnesota,395,703,18021
31,57,FR,Foreign,364,789,23534
31,56,WY,Wyoming,288,540,11892
31,53,WA,Washington,274,526,11620
31,40,OK,Oklahoma,234,531,14129
31,13,GA,Georgia,228,465,9358
31,36,NY,New York,227,408,11373
31,39,OH,Ohio,210,349,9619
31,51,VA,Virginia,202,418,11503
31,37,NC,North Carolina,187,364,8161
31,47,TN,Tennessee,181,370,7663
31,55,WI,Wisconsin,180,344,9001
31,26,MI,Michigan,168,301,8281
31,42,PA,Pennsylvania,158,302,8351
31,38,ND,North Dakota,154,301,15447
31,32,NV,Nevada,147,303,8162
31,49,UT,Utah,144,314,5660
31,05,AR,Arkansas,136,275,6094
31,18,IN,Indiana,135,226,5889
31,41,OR,Oregon,130,255,6180
31,35,NM,New Mexico,129,263,6287
31,24,MD,Maryland,121,234,7557
31,22,LA,Louisiana,117,228,5071
31,01,AL,Alabama,107,225,4780
31,45,SC,South Carolina,96,179,3449
31,21,KY,Kentucky,88,209,3970
31,34,NJ,New Jersey,81,158,6173
31,30,MT,Montana,81,140,3435
31,16,ID,Idaho,79,187,2814
31,02,AK,Alaska,73,138,3756
31,28,MS,Mississippi,70,145,2665
31,15,HI,Hawaii,66,128,2645
31,09,CT,Connecticut,50,90,4823
31,25,MA,Massachusetts,49,86,2019
31,23,ME,Maine,27,47,1080
31,33,NH,New Hampshire,24,36,1312
31,11,DC,District Of Columbia,22,29,1611
31,54,WV,West Virginia,20,31,734
31,44,RI,Rhode Island,15,30,809
31,50,VT,Vermont,-1,-1,-1
31,10,DE,Delaware,-1,-1,-1
32,96,NV,NV Total Migration-US and Foreign,46715,86378,3357675
32,97,NV,NV Total Migration-US,45798,84475,3260654
32,98,NV,NV Total Migration-Foreign,917,1903,97021
32,97,NV,NV Total Migration-Same State,6956,12757,305821
32,32,NV,NV Non-migrants,1031245,2210594,67472097
32,06,CA,California,17680,33533,1610535
32,48,TX,Texas,2557,4928,127932
32,04,AZ,Arizona,2541,5017,143019
32,12,FL,Florida,1907,3191,88359
32,49,UT,Utah,1607,3379,82507
32,53,WA,Washington,1454,2644,68312
32,36,NY,New York,1256,1984,78800
32,17,IL,Illinois,1254,2257,109470
32,08,CO,Colorado,1249,2143,85973
32,15,HI,Hawaii,1105,2114,51009
32,41,OR,Oregon,952,1654,62527
32,57,FR,Foreign,917,1903,97021
32,16,ID,Idaho,708,1473,35458
32,26,MI,Michigan,702,1202,31630
32,42,PA,Pennsylvania,652,1017,32780
32,39,OH,Ohio,637,1074,38180
32,13,GA,Georgia,622,1160,53451
32,51,VA,Virginia,620,1067,73904
32,34,NJ,New Jersey,559,956,69543
32,37,NC,North Carolina,553,1031,25885
32,35,NM,New Mexico,549,1032,24375
32,27,MN,Minnesota,449,753,34716
32,29,MO,Missouri,440,739,19656
32,55,WI,Wisconsin,433,740,21686
32,47,TN,Tennessee,400,735,19470
32,18,IN,Indiana,395,703,15587
32,24,MD,Maryland,332,574,21426
32,02,AK,Alaska,325,584,22043
32,40,OK,Oklahoma,293,541,11563
32,30,MT,Montana,288,517,14609
32,20,KS,Kansas,277,512,24633
32,25,MA,Massachusetts,273,412,15078
32,22,LA,Louisiana,251,486,10203
32,56,WY,Wyoming,227,417,15073
32,19,IA,Iowa,212,354,9696
32,09,CT,Connecticut,208,310,13218
32,45,SC,South Carolina,205,329,8138
32,31,NE,Nebraska,200,351,10133
32,05,AR,Arkansas,188,378,8596
32,38,ND,North Dakota,185,376,9770
32,28,MS,Mississippi,171,308,6491
32,01,AL,Alabama,167,327,7062
32,46,SD,South Dakota,150,263,8426
32,21,KY,Kentucky,144,259,6457
32,33,NH,New Hampshire,103,156,14010
32,54,WV,West Virginia,71,105,3147
32,44,RI,Rhode Island,62,101,2744
32,23,ME,Maine,58,100,3211
32,11,DC,District Of Columbia,51,72,3585
32,10,DE,Delaware,45,65,5479
32,50,VT,Vermont,31,52,1100
33,96,NH,NH Total Migration-US and Foreign,15851,25717,1119097
33,97,NH,NH Total Migration-US,15606,25211,1098872
33,98,NH,NH Total Migration-Foreign,245,506,20226
33,97,NH,NH Total Migration-Same State,11116,17613,556564
33,33,NH,NH Non-migrants,536815,1079325,42795928
33,25,MA,Massachusetts,5986,9592,475425
33,23,ME,Maine,1359,2082,65661
33,50,VT,Vermont,1039,1613,62616
33,12,FL,Florida,1032,1690,49381
33,36,NY,New York,895,1460,74842
33,09,CT,Connecticut,560,892,51142
33,06,CA,California,487,778,31862
33,48,TX,Texas,432,755,25351
33,37,NC,North Carolina,319,517,12585
33,42,PA,Pennsylvania,307,497,22599
33,51,VA,Virginia,300,503,21352
33,34,NJ,New Jersey,295,506,24007
33,44,RI,Rhode Island,253,378,18019
33,57,FR,Foreign,245,506,20226
33,24,MD,Maryland,177,296,21342
33,08,CO,Colorado,177,305,11010
33,39,OH,Ohio,171,313,14896
33,13,GA,Georgia,149,257,7305
33,45,SC,South Carolina,140,237,6675
33,04,AZ,Arizona,139,227,7302
33,17,IL,Illinois,131,214,18951
33,53,WA,Washington,117,199,5490
33,26,MI,Michigan,103,155,6699
33,47,TN,Tennessee,89,155,7103
33,15,HI,Hawaii,58,89,2467
33,55,WI,Wisconsin,57,108,5765
33,32,NV,Nevada,54,96,2930
33,29,MO,Missouri,53,100,3588
33,18,IN,Indiana,52,84,3716
33,21,KY,Kentucky,49,90,1578
33,41,OR,Oregon,47,62,3167
33,27,MN,Minnesota,47,85,3261
33,01,AL,Alabama,47,80,2646
33,11,DC,District Of Columbia,46,63,4800
33,02,AK,Alaska,41,63,2537
33,49,UT,Utah,40,84,3023
33,40,OK,Oklahoma,40,60,1317
33,20,KS,Kansas,38,72,2657
33,22,LA,Louisiana,37,57,1680
33,10,DE,Delaware,36,57,2010
33,35,NM,New Mexico,33,48,1099
33,05,AR,Arkansas,30,53,1647
33,30,MT,Montana,26,41,1134
33,54,WV,West Virginia,24,40,1816
33,19,IA,Iowa,22,37,1219
33,28,MS,Mississippi,21,43,1044
33,31,NE,Nebraska,19,23,887
33,38,ND,North Dakota,16,33,596
33,16,ID,Idaho,16,22,668
33,56,WY,Wyoming,-1,-1,-1
33,46,SD,South Dakota,-1,-1,-1
34,96,NJ,NJ Total Migration-US and Foreign,64439,114639,4904929
34,97,NJ,NJ Total Migration-US,62791,110929,4646875
34,98,NJ,NJ Total Migration-Foreign,1648,3710,258054
34,97,NJ,NJ Total Migration-Same State,84812,149199,5963003
34,34,NJ,NJ Non-migrants,3375608,7264590,319962308
34,36,NY,New York,23156,41189,2040964
34,42,PA,Pennsylvania,9395,15610,559487
34,12,FL,Florida,5240,8840,380186
34,06,CA,California,2666,4695,252545
34,48,TX,Texas,2624,5543,190998
34,24,MD,Maryland,2469,4846,115262
34,37,NC,North Carolina,1674,3096,82106
34,51,VA,Virginia,1658,2860,100956
34,57,FR,Foreign,1648,3710,258054
34,25,MA,Massachusetts,1449,2322,122842
34,09,CT,Connecticut,1271,2193,105905
34,13,GA,Georgia,1226,2253,73157
34,17,IL,Illinois,996,1801,92421
34,10,DE,Delaware,832,1413,42143
34,39,OH,Ohio,716,1251,50843
34,45,SC,South Carolina,714,1273,28896
34,04,AZ,Arizona,514,884,32885
34,26,MI,Michigan,454,777,31170
34,08,CO,Colorado,438,752,23906
34,53,WA,Washington,413,758,30514
34,47,TN,Tennessee,380,705,17397
34,18,IN,Indiana,321,586,23493
34,11,DC,District Of Columbia,301,410,21057
34,27,MN,Minnesota,268,499,23503
34,29,MO,Missouri,264,478,18882
34,32,NV,Nevada,263,425,10951
34,44,RI,Rhode Island,247,400,13628
34,33,NH,New Hampshire,205,360,17017
34,22,LA,Louisiana,203,358,9577
34,55,WI,Wisconsin,194,349,17080
34,21,KY,Kentucky,194,353,10699
34,01,AL,Alabama,184,323,7510
34,15,HI,Hawaii,179,315,6477
34,41,OR,Oregon,150,267,9745
34,20,KS,Kansas,149,287,9341
34,23,ME,Maine,144,228,7974
34,54,WV,West Virginia,134,222,5410
34,50,VT,Vermont,130,187,7379
34,49,UT,Utah,129,293,10677
34,40,OK,Oklahoma,127,215,5986
34,05,AR,Arkansas,111,188,6426
34,35,NM,New Mexico,100,175,4292
34,28,MS,Mississippi,97,170,5549
34,19,IA,Iowa,97,179,5235
34,31,NE,Nebraska,73,133,3490
34,02,AK,Alaska,67,133,3061
34,16,ID,Idaho,45,88,2577
34,38,ND,North Dakota,40,86,1510
34,46,SD,South Dakota,35,53,1429
34,30,MT,Montana,29,55,1266
34,56,WY,Wyoming,26,53,1069
35,96,NM,NM Total Migration-US and Foreign,21097,41410,1028528
35,97,NM,NM Total Migration-US,20321,39629,990792
35,98,NM,NM Total Migration-Foreign,776,1781,37736
35,97,NM,NM Total Migration-Same State,17330,35359,638900
35,35,NM,NM Non-migrants,711555,1528166,41029265
35,48,TX,Texas,5010,10420,224591
35,04,AZ,Arizona,2609,5913,89268
35,06,CA,California,2030,3689,110645
35,08,CO,Colorado,1635,3170,82398
35,12,FL,Florida,796,1402,38966
35,57,FR,Foreign,776,1781,37736
35,53,WA,Washington,449,804,28459
35,40,OK,Oklahoma,433,901,17418
35,36,NY,New York,427,647,37185
35,32,NV,Nevada,419,868,21182
35,17,IL,Illinois,372,621,21461
35,51,VA,Virginia,324,598,24019
35,49,UT,Utah,324,669,13709
35,37,NC,North Carolina,292,513,12983
35,29,MO,Missouri,290,569,13496
35,41,OR,Oregon,285,466,12524
35,13,GA,Georgia,285,587,16767
35,39,OH,Ohio,266,432,13020
35,42,PA,Pennsylvania,254,412,10822
35,20,KS,Kansas,238,525,11053
35,26,MI,Michigan,232,418,11594
35,47,TN,Tennessee,219,402,9806
35,24,MD,Maryland,200,366,16252
35,18,IN,Indiana,179,317,9094
35,27,MN,Minnesota,176,274,9348
35,55,WI,Wisconsin,170,304,12456
35,22,LA,Louisiana,167,305,8330
35,25,MA,Massachusetts,158,229,8502
35,15,HI,Hawaii,152,265,6354
35,02,AK,Alaska,135,276,7880
35,05,AR,Arkansas,129,244,5502
35,56,WY,Wyoming,128,249,7316
35,16,ID,Idaho,127,297,6448
35,19,IA,Iowa,123,245,4378
35,01,AL,Alabama,122,232,6285
35,34,NJ,New Jersey,120,180,6721
35,45,SC,South Carolina,110,199,5545
35,30,MT,Montana,107,172,5473
35,21,KY,Kentucky,104,172,3381
35,46,SD,South Dakota,102,187,4342
35,31,NE,Nebraska,102,192,4747
35,09,CT,Connecticut,98,151,5836
35,28,MS,Mississippi,83,150,4722
35,38,ND,North Dakota,80,180,4289
35,11,DC,District Of Columbia,52,68,5972
35,23,ME,Maine,51,86,2532
35,33,NH,New Hampshire,47,68,1918
35,54,WV,West Virginia,40,72,1672
35,50,VT,Vermont,27,56,1694
35,44,RI,Rhode Island,24,34,1434
35,10,DE,Delaware,19,33,1002
36,96,NY,NY Total Migration-US and Foreign,123949,194081,9280577
36,97,NY,NY Total Migration-US,120050,186578,8317156
36,98,NY,NY Total Migration-Foreign,3899,7503,963421
36,97,NY,NY Total Migration-Same State,196270,335737,12748492
36,36,NY,NY Non-migrants,7522592,15210935,682477717
36,34,NJ,New Jersey,19562,30363,1538981
36,12,FL,Florida,14014,22123,1320129
36,06,CA,California,10759,15092,1032711
36,42,PA,Pennsylvania,9103,14750,472157
36,48,TX,Texas,6782,11801,323398
36,09,CT,Connecticut,6706,10189,671497
36,25,MA,Massachusetts,5911,8004,415491
36,37,NC,North Carolina,4520,7721,215455
36,51,VA,Virginia,4311,6831,265536
36,24,MD,Maryland,4111,6947,195107
36,57,FR,Foreign,3899,7503,963421
36,13,GA,Georgia,3557,6173,159906
36,17,IL,Illinois,3078,4329,239956
36,39,OH,Ohio,2326,3521,111105
36,45,SC,South Carolina,2113,3357,71771
36,26,MI,Michigan,1616,2392,87122
36,53,WA,Washington,1476,2258,98069
36,11,DC,District Of Columbia,1455,1739,123317
36,08,CO,Colorado,1402,2057,84079
36,04,AZ,Arizona,1395,2201,78972
36,47,TN,Tennessee,1195,1976,53397
36,50,VT,Vermont,906,1274,37003
36,27,MN,Minnesota,867,1211,53167
36,18,IN,Indiana,845,1317,39119
36,29,MO,Missouri,816,1240,70365
36,44,RI,Rhode Island,777,1164,33892
36,22,LA,Louisiana,757,1195,30206
36,33,NH,New Hampshire,738,1027,39075
36,55,WI,Wisconsin,730,1088,34806
36,32,NV,Nevada,678,1058,34180
36,41,OR,Oregon,639,879,42458
36,01,AL,Alabama,609,1057,24306
36,21,KY,Kentucky,603,1039,26740
36,23,ME,Maine,586,853,34643
36,15,HI,Hawaii,567,966,25517
36,10,DE,Delaware,552,849,48777
36,40,OK,Oklahoma,462,777,18170
36,20,KS,Kansas,446,770,20749
36,49,UT,Utah,437,744,23084
36,35,NM,New Mexico,388,612,16712
36,28,MS,Mississippi,320,557,30741
36,19,IA,Iowa,307,513,12175
36,05,AR,Arkansas,297,466,10562
36,54,WV,West Virginia,271,452,9120
36,02,AK,Alaska,263,443,10023
36,31,NE,Nebraska,206,287,8150
36,16,ID,Idaho,146,250,6365
36,30,MT,Montana,143,186,5720
36,38,ND,North Dakota,128,202,5619
36,46,SD,South Dakota,93,150,3641
36,56,WY,Wyoming,81,128,3916
37,96,NC,NC Total Migration-US and Foreign,96732,183169,5477905
37,97,NC,NC Total Migration-US,93592,175928,5280076
37,98,NC,NC Total Migration-Foreign,3140,7241,197828
37,97,NC,NC Total Migration-Same State,112525,217460,4845978
37,37,NC,NC Non-migrants,3385275,7456503,218584505
37,12,FL,Florida,9402,17093,459901
37,51,VA,Virginia,9121,17087,476700
37,45,SC,South Carolina,8791,16289,420420
37,36,NY,New York,7788,14332,413128
37,13,GA,Georgia,5716,11055,274472
37,48,TX,Texas,5583,11554,288030
37,06,CA,California,4854,9435,307171
37,42,PA,Pennsylvania,3764,6775,209115
37,34,NJ,New Jersey,3464,6614,232584
37,57,FR,Foreign,3140,7241,197828
37,24,MD,Maryland,3086,5817,180171
37,39,OH,Ohio,3026,5404,165693
37,47,TN,Tennessee,2736,5018,135258
37,17,IL,Illinois,2100,3968,169233
37,26,MI,Michigan,1851,3294,95255
37,25,MA,Massachusetts,1605,2883,111781
37,09,CT,Connecticut,1438,2641,101998
37,08,CO,Colorado,1234,2420,69422
37,01,AL,Alabama,1214,2296,56031
37,18,IN,Indiana,1199,2190,61700
37,53,WA,Washington,1123,2201,59951
37,04,AZ,Arizona,1120,2169,57409
37,54,WV,West Virginia,1030,1906,43577
37,21,KY,Kentucky,1029,2005,46704
37,29,MO,Missouri,900,1684,46575
37,55,WI,Wisconsin,820,1562,47743
37,22,LA,Louisiana,798,1537,38453
37,27,MN,Minnesota,677,1308,46869
37,40,OK,Oklahoma,580,1194,26621
37,28,MS,Mississippi,567,1114,23551
37,20,KS,Kansas,535,1126,29819
37,33,NH,New Hampshire,481,865,276590
37,19,IA,Iowa,471,848,31649
37,11,DC,District Of Columbia,467,692,29088
37,15,HI,Hawaii,463,981,20011
37,32,NV,Nevada,461,859,20691
37,41,OR,Oregon,416,733,20488
37,02,AK,Alaska,410,847,16821
37,05,AR,Arkansas,403,815,19772
37,10,DE,Delaware,400,761,24335
37,23,ME,Maine,383,678,23454
37,35,NM,New Mexico,308,589,16053
37,49,UT,Utah,300,610,13236
37,44,RI,Rhode Island,293,526,13895
37,50,VT,Vermont,267,459,14270
37,31,NE,Nebraska,228,437,11107
37,16,ID,Idaho,184,329,8259
37,30,MT,Montana,151,260,7432
37,38,ND,North Dakota,121,234,7163
37,56,WY,Wyoming,119,215,5881
37,46,SD,South Dakota,115,219,4548
38,96,ND,ND Total Migration-US and Foreign,15060,27024,738567
38,97,ND,ND Total Migration-US,14691,26181,722720
38,98,ND,ND Total Migration-Foreign,369,843,15847
38,97,ND,ND Total Migration-Same State,7724,12943,423846
38,38,ND,ND Non-migrants,283016,585612,24354011
38,27,MN,Minnesota,3364,5200,166208
38,06,CA,California,880,1585,38059
38,30,MT,Montana,725,1308,42802
38,48,TX,Texas,709,1388,36722
38,46,SD,South Dakota,631,1163,30881
38,53,WA,Washington,528,971,26110
38,12,FL,Florida,527,958,21375
38,08,CO,Colorado,513,972,30146
38,26,MI,Michigan,485,795,21235
38,04,AZ,Arizona,481,904,24654
38,16,ID,Idaho,438,902,25420
38,57,FR,Foreign,369,843,15847
38,55,WI,Wisconsin,360,524,16121
38,13,GA,Georgia,318,659,16349
38,17,IL,Illinois,290,521,14332
38,41,OR,Oregon,283,505,14694
38,49,UT,Utah,277,663,16085
38,42,PA,Pennsylvania,247,456,8907
38,37,NC,North Carolina,232,421,9408
38,29,MO,Missouri,229,470,12023
38,56,WY,Wyoming,219,435,11664
38,36,NY,New York,215,311,8693
38,32,NV,Nevada,206,432,13624
38,39,OH,Ohio,201,345,7695
38,19,IA,Iowa,196,330,7781
38,31,NE,Nebraska,174,323,8905
38,51,VA,Virginia,165,294,7593
38,47,TN,Tennessee,158,304,8950
38,20,KS,Kansas,147,260,6876
38,18,IN,Indiana,142,264,6207
38,40,OK,Oklahoma,128,236,6457
38,22,LA,Louisiana,120,252,7269
38,34,NJ,New Jersey,112,201,3819
38,35,NM,New Mexico,107,208,5616
38,05,AR,Arkansas,104,200,5054
38,21,KY,Kentucky,91,163,4344
38,24,MD,Maryland,88,151,3412
38,01,AL,Alabama,88,171,4348
38,02,AK,Alaska,87,164,5608
38,28,MS,Mississippi,86,181,4581
38,45,SC,South Carolina,83,149,3327
38,23,ME,Maine,54,104,1982
38,25,MA,Massachusetts,52,92,1947
38,15,HI,Hawaii,42,84,1602
38,09,CT,Connecticut,38,51,1132
38,33,NH,New Hampshire,23,36,861
38,54,WV,West Virginia,21,29,837
38,44,RI,Rhode Island,16,22,624
38,10,DE,Delaware,11,24,379
38,11,DC,District Of Columbia,-1,-1,-1
38,50,VT,Vermont,-1,-1,-1
39,96,OH,OH Total Migration-US and Foreign,57867,105210,2865701
39,97,OH,OH Total Migration-US,56513,102210,2739247
39,98,OH,OH Total Migration-Foreign,1354,3000,126454
39,97,OH,OH Total Migration-Same State,113480,197937,5053891
39,39,OH,OH Non-migrants,4407336,9055218,283638722
39,12,FL,Florida,5450,9355,230807
39,21,KY,Kentucky,4330,7902,181616
39,48,TX,Texas,4005,7936,185916
39,42,PA,Pennsylvania,3892,6484,186580
39,26,MI,Michigan,3808,6457,176666
39,18,IN,Indiana,3243,5786,143151
39,06,CA,California,2808,4857,176069
39,36,NY,New York,2613,4641,128470
39,54,WV,West Virginia,2377,4375,87915
39,17,IL,Illinois,2324,4199,151948
39,37,NC,North Carolina,2186,4104,110142
39,13,GA,Georgia,1967,3853,83951
39,51,VA,Virginia,1706,3153,90674
39,47,TN,Tennessee,1509,2942,62510
39,57,FR,Foreign,1354,3000,126454
39,04,AZ,Arizona,1078,1912,54339
39,45,SC,South Carolina,1059,1992,43961
39,24,MD,Maryland,949,1708,53963
39,34,NJ,New Jersey,900,1704,58444
39,08,CO,Colorado,854,1459,42909
39,29,MO,Missouri,750,1343,37492
39,53,WA,Washington,690,1246,42605
39,25,MA,Massachusetts,646,1132,41421
39,55,WI,Wisconsin,624,1125,33714
39,01,AL,Alabama,593,1179,23837
39,27,MN,Minnesota,471,842,28517
39,32,NV,Nevada,465,819,19433
39,22,LA,Louisiana,410,773,19001
39,40,OK,Oklahoma,386,757,16191
39,09,CT,Connecticut,370,683,26710
39,20,KS,Kansas,369,744,18795
39,19,IA,Iowa,327,642,19110
39,28,MS,Mississippi,307,587,11145
39,05,AR,Arkansas,289,588,17136
39,41,OR,Oregon,263,457,15137
39,49,UT,Utah,246,488,8190
39,15,HI,Hawaii,232,419,9620
39,35,NM,New Mexico,225,421,11525
39,31,NE,Nebraska,218,427,16132
39,11,DC,District Of Columbia,196,268,13118
39,02,AK,Alaska,174,313,7491
39,33,NH,New Hampshire,156,275,9426
39,10,DE,Delaware,150,246,7531
39,38,ND,North Dakota,145,249,5869
39,23,ME,Maine,131,230,5492
39,16,ID,Idaho,126,259,6116
39,30,MT,Montana,121,194,4402
39,44,RI,Rhode Island,116,223,5873
39,46,SD,South Dakota,112,214,5318
39,56,WY,Wyoming,75,140,488
39,50,VT,Vermont,72,108,2383
40,96,OK,OK Total Migration-US and Foreign,30730,62297,1410301
40,97,OK,OK Total Migration-US,29821,60218,1365646
40,98,OK,OK Total Migration-Foreign,909,2079,44655
40,97,OK,OK Total Migration-Same State,48071,97280,2114099
40,40,OK,OK Non-migrants,1251228,2808515,85474840
40,48,TX,Texas,8082,16446,435581
40,06,CA,California,2199,4300,80912
40,05,AR,Arkansas,2110,4524,80682
40,20,KS,Kansas,2010,4212,90094
40,29,MO,Missouri,1440,2916,34536
40,12,FL,Florida,1271,2394,49945
40,08,CO,Colorado,1011,2027,50114
40,57,FR,Foreign,909,2079,44655
40,04,AZ,Arizona,714,1436,31630
40,17,IL,Illinois,653,1290,40096
40,13,GA,Georgia,619,1295,24147
40,37,NC,North Carolina,573,1216,23439
40,35,NM,New Mexico,537,1112,25663
40,36,NY,New York,522,973,21940
40,53,WA,Washington,513,1084,22303
40,22,LA,Louisiana,513,1055,27244
40,47,TN,Tennessee,500,993,20305
40,51,VA,Virginia,496,951,24688
40,39,OH,Ohio,390,754,17760
40,42,PA,Pennsylvania,378,702,20706
40,26,MI,Michigan,370,687,15042
40,01,AL,Alabama,335,675,15080
40,32,NV,Nevada,328,614,13260
40,18,IN,Indiana,318,618,12820
40,28,MS,Mississippi,297,672,12055
40,19,IA,Iowa,268,510,11352
40,21,KY,Kentucky,235,525,9169
40,45,SC,South Carolina,233,464,9434
40,27,MN,Minnesota,223,428,14186
40,49,UT,Utah,215,511,8548
40,31,NE,Nebraska,213,398,9563
40,15,HI,Hawaii,206,441,8077
40,24,MD,Maryland,197,383,10239
40,55,WI,Wisconsin,194,383,9592
40,41,OR,Oregon,185,372,8583
40,02,AK,Alaska,182,372,10976
40,38,ND,North Dakota,158,332,8708
40,34,NJ,New Jersey,158,287,9391
40,25,MA,Massachusetts,145,228,6918
40,56,WY,Wyoming,144,329,7780
40,16,ID,Idaho,114,229,3998
40,46,SD,South Dakota,104,194,4207
40,30,MT,Montana,104,211,4567
40,54,WV,West Virginia,87,181,6530
40,09,CT,Connecticut,76,153,4363
40,33,NH,New Hampshire,56,96,2596
40,23,ME,Maine,43,71,1716
40,11,DC,District Of Columbia,33,46,2134
40,10,DE,Delaware,28,54,1439
40,44,RI,Rhode Island,22,47,964
40,50,VT,Vermont,19,27,574
41,96,OR,OR Total Migration-US and Foreign,44650,76830,2289346
41,97,OR,OR Total Migration-US,43856,75210,2238027
41,98,OR,OR Total Migration-Foreign,794,1620,51319
41,97,OR,OR Total Migration-Same State,43321,74033,2083758
41,41,OR,OR Non-migrants,1413621,2971054,96003132
41,06,CA,California,11621,20178,664130
41,53,WA,Washington,8432,15039,402645
41,04,AZ,Arizona,2004,3591,95938
41,48,TX,Texas,2001,3654,112218
41,16,ID,Idaho,1475,2895,52784
41,08,CO,Colorado,1303,2142,67135
41,32,NV,Nevada,1189,2148,52289
41,12,FL,Florida,1141,1759,46097
41,36,NY,New York,1040,1483,63785
41,17,IL,Illinois,801,1209,46627
41,57,FR,Foreign,794,1620,51319
41,49,UT,Utah,783,1497,32828
41,02,AK,Alaska,761,1241,38976
41,15,HI,Hawaii,758,1265,28438
41,30,MT,Montana,617,981,22489
41,37,NC,North Carolina,551,909,27200
41,26,MI,Michigan,514,791,23187
41,27,MN,Minnesota,511,770,28244
41,39,OH,Ohio,507,746,26287
41,13,GA,Georgia,502,876,26122
41,51,VA,Virginia,500,830,31442
41,42,PA,Pennsylvania,480,714,23755
41,35,NM,New Mexico,475,856,26338
41,25,MA,Massachusetts,460,672,30740
41,55,WI,Wisconsin,429,664,23274
41,29,MO,Missouri,403,682,16537
41,47,TN,Tennessee,374,608,15380
41,40,OK,Oklahoma,302,560,12608
41,20,KS,Kansas,291,509,12695
41,18,IN,Indiana,288,454,12805
41,34,NJ,New Jersey,286,460,27902
41,24,MD,Maryland,245,355,15887
41,56,WY,Wyoming,233,440,10265
41,19,IA,Iowa,231,395,9873
41,45,SC,South Carolina,222,383,10633
41,22,LA,Louisiana,222,355,9174
41,38,ND,North Dakota,220,357,9274
41,31,NE,Nebraska,182,316,6538
41,09,CT,Connecticut,178,255,8885
41,21,KY,Kentucky,175,304,7346
41,05,AR,Arkansas,173,300,6346
41,01,AL,Alabama,138,260,5595
41,46,SD,South Dakota,132,225,5923
41,50,VT,Vermont,120,184,6109
41,11,DC,District Of Columbia,117,161,8769
41,33,NH,New Hampshire,116,169,5057
41,23,ME,Maine,95,139,2914
41,28,MS,Mississippi,93,168,8345
41,54,WV,West Virginia,66,109,3668
41,44,RI,Rhode Island,64,97,4189
41,10,DE,Delaware,35,55,2341
42,96,PA,PA Total Migration-US and Foreign,73249,128417,4490608
42,97,PA,PA Total Migration-US,71744,125168,4325851
42,98,PA,PA Total Migration-Foreign,1505,3249,164757
42,97,PA,PA Total Migration-Same State,98576,163773,4891744
42,42,PA,PA Non-migrants,4921106,10126840,356331280
42,34,NJ,New Jersey,11846,20147,894385
42,36,NY,New York,11063,20049,567441
42,12,FL,Florida,5690,9671,277730
42,24,MD,Maryland,5395,9371,310416
42,48,TX,Texas,3670,7013,180652
42,51,VA,Virginia,3217,5546,197631
42,06,CA,California,3198,5230,256309
42,39,OH,Ohio,3159,5405,162189
42,37,NC,North Carolina,2498,4484,119837
42,10,DE,Delaware,2401,4262,169750
42,13,GA,Georgia,1604,3041,71829
42,57,FR,Foreign,1505,3249,164757
42,25,MA,Massachusetts,1492,2349,115236
42,54,WV,West Virginia,1306,2268,70519
42,17,IL,Illinois,1271,2204,120300
42,45,SC,South Carolina,1130,1958,46534
42,09,CT,Connecticut,1008,1693,81793
42,26,MI,Michigan,939,1650,64913
42,04,AZ,Arizona,848,1468,40313
42,08,CO,Colorado,823,1344,41544
42,47,TN,Tennessee,739,1330,34817
42,53,WA,Washington,622,1081,38981
42,18,IN,Indiana,574,1040,31293
42,11,DC,District Of Columbia,468,617,35381
42,29,MO,Missouri,453,818,35800
42,21,KY,Kentucky,432,837,34612
42,27,MN,Minnesota,417,700,29243
42,32,NV,Nevada,404,688,36222
42,22,LA,Louisiana,388,708,20699
42,55,WI,Wisconsin,377,658,20795
42,01,AL,Alabama,362,722,17173
42,40,OK,Oklahoma,300,523,15745
42,41,OR,Oregon,295,467,18034
42,44,RI,Rhode Island,279,452,14005
42,15,HI,Hawaii,272,475,11113
42,33,NH,New Hampshire,265,431,13825
42,23,ME,Maine,261,399,15136
42,20,KS,Kansas,255,479,12296
42,49,UT,Utah,232,467,11360
42,35,NM,New Mexico,222,379,11469
42,28,MS,Mississippi,211,435,7559
42,05,AR,Arkansas,203,349,12371
42,19,IA,Iowa,187,345,10821
42,50,VT,Vermont,183,277,9403
42,02,AK,Alaska,159,280,7676
42,31,NE,Nebraska,144,233,5890
42,16,ID,Idaho,112,206,5587
42,56,WY,Wyoming,103,172,5139
42,38,ND,North Dakota,99,172,6170
42,30,MT,Montana,95,149,4004
42,46,SD,South Dakota,73,126,3912
44,96,RI,RI Total Migration-US and Foreign,9970,16670,768514
44,97,RI,RI Total Migration-US,9770,16201,754580
44,98,RI,RI Total Migration-Foreign,200,469,13934
44,97,RI,RI Total Migration-Same State,6564,10299,388549
44,44,RI,RI Non-migrants,409163,808142,29219095
44,25,MA,Massachusetts,3350,5404,193678
44,09,CT,Connecticut,940,1458,56552
44,36,NY,New York,900,1494,250743
44,12,FL,Florida,876,1492,39588
44,06,CA,California,406,711,23637
44,34,NJ,New Jersey,321,563,19130
44,48,TX,Texas,304,518,19107
44,51,VA,Virginia,273,527,16903
44,42,PA,Pennsylvania,233,393,12847
44,33,NH,New Hampshire,221,330,13851
44,57,FR,Foreign,200,469,13934
44,37,NC,North Carolina,198,340,8322
44,23,ME,Maine,136,204,6899
44,24,MD,Maryland,131,222,9132
44,17,IL,Illinois,114,170,8386
44,13,GA,Georgia,111,202,4890
44,45,SC,South Carolina,101,161,3967
44,39,OH,Ohio,83,132,5457
44,08,CO,Colorado,75,113,3473
44,53,WA,Washington,74,155,4741
44,50,VT,Vermont,72,97,3137
44,04,AZ,Arizona,72,126,3366
44,47,TN,Tennessee,63,115,3274
44,55,WI,Wisconsin,54,95,5007
44,27,MN,Minnesota,51,74,2995
44,26,MI,Michigan,49,72,2846
44,15,HI,Hawaii,48,99,2689
44,01,AL,Alabama,46,100,2242
44,11,DC,District Of Columbia,43,61,3085
44,21,KY,Kentucky,40,85,1891
44,20,KS,Kansas,36,85,2473
44,29,MO,Missouri,35,57,2576
44,22,LA,Louisiana,35,56,1661
44,18,IN,Indiana,35,58,2810
44,32,NV,Nevada,32,51,1442
44,40,OK,Oklahoma,30,58,3360
44,41,OR,Oregon,24,32,1062
44,10,DE,Delaware,24,36,1042
44,49,UT,Utah,22,40,922
44,05,AR,Arkansas,22,50,1067
44,31,NE,Nebraska,18,32,1115
44,28,MS,Mississippi,17,43,812
44,19,IA,Iowa,17,32,887
44,54,WV,West Virginia,14,18,376
44,02,AK,Alaska,13,22,556
44,35,NM,New Mexico,11,18,589
44,46,SD,South Dakota,-1,-1,-1
44,16,ID,Idaho,-1,-1,-1
44,56,WY,Wyoming,-1,-1,-1
44,38,ND,North Dakota,-1,-1,-1
44,30,MT,Montana,-1,-1,-1
45,96,SC,SC Total Migration-US and Foreign,52710,99919,3106093
45,97,SC,SC Total Migration-US,51416,96915,3020744
45,98,SC,SC Total Migration-Foreign,1294,3004,85349
45,97,SC,SC Total Migration-Same State,49257,95715,1935322
45,45,SC,SC Non-migrants,1635884,3554356,98288141
45,37,NC,North Carolina,10410,20144,556239
45,13,GA,Georgia,5698,11261,300581
45,12,FL,Florida,4229,7697,199287
45,36,NY,New York,3175,5635,189191
45,48,TX,Texas,2666,5324,152065
45,51,VA,Virginia,2633,4834,183577
45,42,PA,Pennsylvania,2038,3599,151451
45,39,OH,Ohio,1725,3124,110596
45,34,NJ,New Jersey,1699,3143,122386
45,06,CA,California,1632,2978,110849
45,24,MD,Maryland,1363,2386,87728
45,47,TN,Tennessee,1357,2526,78670
45,57,FR,Foreign,1294,3004,85349
45,17,IL,Illinois,947,1795,82253
45,26,MI,Michigan,895,1665,57587
45,09,CT,Connecticut,895,1650,86558
45,25,MA,Massachusetts,840,1388,63650
45,18,IN,Indiana,696,1348,40878
45,01,AL,Alabama,669,1313,14230
45,21,KY,Kentucky,607,1214,32330
45,54,WV,West Virginia,553,1060,32269
45,08,CO,Colorado,529,998,26501
45,53,WA,Washington,522,1055,31194
45,04,AZ,Arizona,451,877,24557
45,29,MO,Missouri,435,900,25410
45,22,LA,Louisiana,354,702,17367
45,55,WI,Wisconsin,329,608,21993
45,40,OK,Oklahoma,301,617,12419
45,28,MS,Mississippi,294,593,15672
45,33,NH,New Hampshire,277,445,17091
45,27,MN,Minnesota,243,450,15195
45,20,KS,Kansas,238,497,12921
45,15,HI,Hawaii,231,528,11384
45,32,NV,Nevada,221,414,11256
45,23,ME,Maine,210,358,10536
45,05,AR,Arkansas,205,416,9821
45,19,IA,Iowa,186,342,10118
45,44,RI,Rhode Island,184,336,9806
45,02,AK,Alaska,159,316,6910
45,10,DE,Delaware,157,275,8880
45,35,NM,New Mexico,153,294,9023
45,50,VT,Vermont,148,230,16285
45,41,OR,Oregon,144,248,5896
45,11,DC,District Of Columbia,143,223,11146
45,49,UT,Utah,142,331,7260
45,31,NE,Nebraska,116,221,5707
45,16,ID,Idaho,74,133,3380
45,56,WY,Wyoming,63,114,1990
45,30,MT,Montana,63,109,3755
45,38,ND,North Dakota,62,108,2562
45,46,SD,South Dakota,55,93,2337
46,96,SD,SD Total Migration-US and Foreign,9358,16940,518713
46,97,SD,SD Total Migration-US,9166,16517,508678
46,98,SD,SD Total Migration-Foreign,192,423,10035
46,97,SD,SD Total Migration-Same State,10047,17802,463303
46,46,SD,SD Non-migrants,319174,685345,22555006
46,27,MN,Minnesota,1182,2107,78490
46,19,IA,Iowa,799,1370,43369
46,31,NE,Nebraska,666,1171,37913
46,06,CA,California,573,1057,33792
46,38,ND,North Dakota,504,954,29284
46,08,CO,Colorado,498,866,29953
46,48,TX,Texas,454,865,22453
46,04,AZ,Arizona,371,638,22594
46,56,WY,Wyoming,304,547,13706
46,12,FL,Florida,287,493,14765
46,17,IL,Illinois,232,413,13610
46,53,WA,Washington,209,381,10700
46,29,MO,Missouri,193,356,10402
46,57,FR,Foreign,192,423,10035
46,55,WI,Wisconsin,191,323,9415
46,30,MT,Montana,173,351,8717
46,39,OH,Ohio,169,285,7929
46,37,NC,North Carolina,155,279,7232
46,20,KS,Kansas,155,294,7681
46,26,MI,Michigan,138,262,8582
46,51,VA,Virginia,134,254,8404
46,47,TN,Tennessee,120,217,5517
46,13,GA,Georgia,119,222,6631
46,32,NV,Nevada,115,227,4915
46,36,NY,New York,112,185,6444
46,18,IN,Indiana,111,228,6613
46,42,PA,Pennsylvania,110,178,4992
46,41,OR,Oregon,108,186,5241
46,40,OK,Oklahoma,97,179,4154
46,49,UT,Utah,92,164,4629
46,35,NM,New Mexico,87,187,4884
46,16,ID,Idaho,65,128,3387
46,02,AK,Alaska,65,117,3913
46,05,AR,Arkansas,63,113,3145
46,45,SC,South Carolina,56,90,1399
46,22,LA,Louisiana,56,107,2625
46,24,MD,Maryland,54,93,3091
46,34,NJ,New Jersey,48,88,2913
46,25,MA,Massachusetts,44,72,2361
46,01,AL,Alabama,41,82,1558
46,09,CT,Connecticut,40,65,2393
46,21,KY,Kentucky,38,85,1478
46,15,HI,Hawaii,36,56,2061
46,28,MS,Mississippi,30,63,1008
46,54,WV,West Virginia,21,36,552
46,23,ME,Maine,19,32,1058
46,11,DC,District Of Columbia,17,20,1281
46,33,NH,New Hampshire,15,31,1446
46,50,VT,Vermont,-1,-1,-1
46,44,RI,Rhode Island,-1,-1,-1
46,10,DE,Delaware,-1,-1,-1
47,96,TN,TN Total Migration-US and Foreign,62130,118230,3220955
47,97,TN,TN Total Migration-US,61121,116034,3150643
47,98,TN,TN Total Migration-Foreign,1009,2196,70312
47,97,TN,TN Total Migration-Same State,68439,131493,2759504
47,47,TN,TN Non-migrants,2284202,4979878,143879419
47,12,FL,Florida,5501,10211,273693
47,13,GA,Georgia,5288,10106,276911
47,48,TX,Texas,4805,9611,259839
47,28,MS,Mississippi,4201,8324,161433
47,21,KY,Kentucky,4137,8506,163471
47,01,AL,Alabama,3116,5881,139622
47,06,CA,California,2922,5468,184086
47,37,NC,North Carolina,2874,5519,144770
47,51,VA,Virginia,2689,4938,128092
47,17,IL,Illinois,2424,4423,151879
47,39,OH,Ohio,2092,3785,122906
47,36,NY,New York,1806,3192,101817
47,26,MI,Michigan,1780,3247,84679
47,18,IN,Indiana,1605,3007,80929
47,05,AR,Arkansas,1481,2918,58908
47,45,SC,South Carolina,1255,2398,65013
47,29,MO,Missouri,1146,2199,55358
47,42,PA,Pennsylvania,1125,1956,68168
47,57,FR,Foreign,1009,2196,70312
47,08,CO,Colorado,831,1532,42417
47,22,LA,Louisiana,830,1551,41201
47,24,MD,Maryland,743,1355,46575
47,55,WI,Wisconsin,726,1305,31102
47,04,AZ,Arizona,710,1364,42456
47,34,NJ,New Jersey,669,1252,34988
47,53,WA,Washington,637,1246,33750
47,40,OK,Oklahoma,506,1051,21160
47,25,MA,Massachusetts,479,782,31892
47,27,MN,Minnesota,429,751,25945
47,20,KS,Kansas,427,852,26389
47,54,WV,West Virginia,367,755,15807
47,32,NV,Nevada,348,628,19425
47,09,CT,Connecticut,340,642,30955
47,19,IA,Iowa,323,603,16922
47,41,OR,Oregon,264,458,10761
47,15,HI,Hawaii,249,510,12326
47,35,NM,New Mexico,211,410,17479
47,02,AK,Alaska,205,417,10120
47,49,UT,Utah,200,421,11857
47,31,NE,Nebraska,192,350,17539
47,33,NH,New Hampshire,150,256,7659
47,23,ME,Maine,139,236,6078
47,11,DC,District Of Columbia,139,194,11735
47,16,ID,Idaho,115,241,7736
47,10,DE,Delaware,110,224,4817
47,30,MT,Montana,98,187,5828
47,38,ND,North Dakota,95,177,4623
47,46,SD,South Dakota,92,169,4948
47,56,WY,Wyoming,88,158,27340
47,44,RI,Rhode Island,85,140,4110
47,50,VT,Vermont,77,128,3128
48,96,TX,TX Total Migration-US and Foreign,224302,446245,14003750
48,97,TX,TX Total Migration-US,215858,425288,13146406
48,98,TX,TX Total Migration-Foreign,8444,20957,857344
48,97,TX,TX Total Migration-Same State,376186,738659,21338559
48,48,TX,TX Non-migrants,9048226,20811746,702167593
48,06,CA,California,25288,50924,1804603
48,12,FL,Florida,21446,39133,902345
48,22,LA,Louisiana,11260,22498,615501
48,13,GA,Georgia,9892,20532,468073
48,36,NY,New York,9655,17717,694641
48,17,IL,Illinois,8882,17732,777679
48,40,OK,Oklahoma,8611,16998,525317
48,57,FR,Foreign,8444,20957,857344
48,08,CO,Colorado,6641,13360,463370
48,04,AZ,Arizona,6523,13582,422295
48,37,NC,North Carolina,6266,12931,341251
48,35,NM,New Mexico,6127,12879,332556
48,51,VA,Virginia,6121,12482,469601
48,26,MI,Michigan,5179,9934,173869
48,05,AR,Arkansas,5177,10247,246150
48,29,MO,Missouri,5088,9739,272385
48,39,OH,Ohio,4857,9196,348313
48,47,TN,Tennessee,4819,9527,233841
48,42,PA,Pennsylvania,4606,8509,279628
48,53,WA,Washington,4236,8484,255431
48,34,NJ,New Jersey,4154,8431,340860
48,28,MS,Mississippi,3882,8020,169392
48,01,AL,Alabama,3674,7397,154428
48,20,KS,Kansas,3610,7465,434780
48,24,MD,Maryland,3527,6748,216115
48,18,IN,Indiana,3298,6420,153817
48,32,NV,Nevada,2885,5575,172287
48,55,WI,Wisconsin,2633,5092,136447
48,27,MN,Minnesota,2562,4985,178757
48,25,MA,Massachusetts,2465,4330,168855
48,45,SC,South Carolina,2380,4673,126632
48,21,KY,Kentucky,2149,4520,107714
48,49,UT,Utah,1850,4334,127767
48,41,OR,Oregon,1743,3182,87884
48,15,HI,Hawaii,1645,3667,76778
48,09,CT,Connecticut,1596,3089,156229
48,19,IA,Iowa,1582,2973,80427
48,31,NE,Nebraska,1499,2997,119181
48,02,AK,Alaska,1103,2232,75267
48,16,ID,Idaho,910,1912,70743
48,56,WY,Wyoming,796,1454,46316
48,38,ND,North Dakota,703,1425,45831
48,11,DC,District Of Columbia,681,1023,53534
48,54,WV,West Virginia,622,1120,34263
48,46,SD,South Dakota,592,1073,23822
48,30,MT,Montana,573,1085,34536
48,10,DE,Delaware,507,958,28563
48,33,NH,New Hampshire,466,796,33418
48,23,ME,Maine,466,800,20435
48,44,RI,Rhode Island,427,754,31410
48,50,VT,Vermont,204,354,13070
49,96,UT,UT Total Migration-US and Foreign,24263,49892,1325354
49,97,UT,UT Total Migration-US,23628,48203,1275083
49,98,UT,UT Total Migration-Foreign,635,1689,50272
49,97,UT,UT Total Migration-Same State,26496,56835,1246803
49,49,UT,UT Non-migrants,929882,2420651,66274016
49,06,CA,California,4330,8902,251675
49,16,ID,Idaho,1913,4009,78373
49,04,AZ,Arizona,1800,4016,87897
49,32,NV,Nevada,1642,3470,75875
49,48,TX,Texas,1549,3385,88448
49,08,CO,Colorado,1257,2525,59533
49,53,WA,Washington,1146,2380,59362
49,12,FL,Florida,729,1417,36794
49,41,OR,Oregon,655,1214,28844
49,56,WY,Wyoming,645,1385,29129
49,57,FR,Foreign,635,1689,50272
49,35,NM,New Mexico,459,1014,18443
49,36,NY,New York,452,749,25133
49,51,VA,Virginia,434,869,39303
49,17,IL,Illinois,421,802,26738
49,15,HI,Hawaii,397,943,17749
49,13,GA,Georgia,355,733,17437
49,30,MT,Montana,323,581,14991
49,39,OH,Ohio,314,567,16526
49,37,NC,North Carolina,314,621,14659
49,26,MI,Michigan,291,529,11314
49,42,PA,Pennsylvania,277,480,16608
49,29,MO,Missouri,264,543,18426
49,27,MN,Minnesota,245,435,13857
49,47,TN,Tennessee,219,443,10303
49,55,WI,Wisconsin,201,355,12625
49,24,MD,Maryland,201,378,19959
49,38,ND,North Dakota,200,465,11881
49,02,AK,Alaska,199,402,11185
49,25,MA,Massachusetts,195,325,15577
49,34,NJ,New Jersey,184,336,33555
49,18,IN,Indiana,175,323,7564
49,20,KS,Kansas,159,333,8257
49,40,OK,Oklahoma,158,331,11977
49,31,NE,Nebraska,146,317,8306
49,45,SC,South Carolina,137,255,7449
49,19,IA,Iowa,129,255,5514
49,22,LA,Louisiana,126,244,6459
49,05,AR,Arkansas,122,255,6226
49,01,AL,Alabama,120,249,5234
49,21,KY,Kentucky,111,244,5950
49,09,CT,Connecticut,108,188,9500
49,46,SD,South Dakota,96,184,4996
49,33,NH,New Hampshire,88,144,4730
49,23,ME,Maine,70,105,3072
49,28,MS,Mississippi,63,135,2566
49,50,VT,Vermont,57,76,5103
49,54,WV,West Virginia,44,96,2149
49,44,RI,Rhode Island,40,69,2095
49,11,DC,District Of Columbia,36,63,3462
49,10,DE,Delaware,32,64,2273
50,96,VT,VT Total Migration-US and Foreign,6813,10396,410220
50,97,VT,VT Total Migration-US,6677,10138,373510
50,98,VT,VT Total Migration-Foreign,136,258,36709
50,97,VT,VT Total Migration-Same State,5102,7891,199015
50,50,VT,VT Non-migrants,260357,504414,16958421
50,36,NY,New York,1072,1576,55815
50,33,NH,New Hampshire,976,1526,39522
50,25,MA,Massachusetts,859,1227,54238
50,09,CT,Connecticut,399,591,30087
50,12,FL,Florida,383,595,18170
50,06,CA,California,290,448,29760
50,34,NJ,New Jersey,227,357,18575
50,42,PA,Pennsylvania,207,307,7934
50,23,ME,Maine,200,285,7878
50,51,VA,Virginia,166,284,10469
50,48,TX,Texas,165,258,7002
50,37,NC,North Carolina,148,252,7309
50,08,CO,Colorado,144,206,4990
50,57,FR,Foreign,136,258,36709
50,13,GA,Georgia,99,180,5977
50,24,MD,Maryland,95,156,9025
50,39,OH,Ohio,92,137,3788
50,17,IL,Illinois,89,138,7504
50,44,RI,Rhode Island,79,118,4233
50,45,SC,South Carolina,76,126,3289
50,53,WA,Washington,69,103,3107
50,04,AZ,Arizona,68,112,7968
50,47,TN,Tennessee,66,112,2431
50,26,MI,Michigan,60,111,3374
50,41,OR,Oregon,52,65,1323
50,27,MN,Minnesota,42,67,1643
50,11,DC,District Of Columbia,40,56,5223
50,35,NM,New Mexico,38,52,1722
50,55,WI,Wisconsin,37,55,1654
50,49,UT,Utah,37,46,1071
50,30,MT,Montana,32,43,948
50,29,MO,Missouri,32,46,1535
50,21,KY,Kentucky,32,51,1736
50,32,NV,Nevada,28,35,1056
50,18,IN,Indiana,27,32,749
50,02,AK,Alaska,25,45,1122
50,01,AL,Alabama,25,38,1023
50,40,OK,Oklahoma,21,33,1587
50,22,LA,Louisiana,21,33,1283
50,56,WY,Wyoming,19,24,665
50,15,HI,Hawaii,19,31,319
50,10,DE,Delaware,18,24,913
50,05,AR,Arkansas,17,21,461
50,16,ID,Idaho,16,23,862
50,28,MS,Mississippi,15,25,402
50,20,KS,Kansas,15,21,813
50,19,IA,Iowa,14,21,1184
50,54,WV,West Virginia,13,24,740
50,31,NE,Nebraska,13,22,1031
50,46,SD,South Dakota,-1,-1,-1
50,38,ND,North Dakota,-1,-1,-1
51,96,VA,VA Total Migration-US and Foreign,90039,166760,5391196
51,97,VA,VA Total Migration-US,83844,151580,4879051
51,98,VA,VA Total Migration-Foreign,6195,15180,512145
51,97,VA,VA Total Migration-Same State,133859,245543,6673419
51,51,VA,VA Non-migrants,2964636,6368598,247436124
51,24,MD,Maryland,11758,21117,654965
51,37,NC,North Carolina,7601,14316,330047
51,12,FL,Florida,6648,11999,407508
51,57,FR,Foreign,6195,15180,512145
51,36,NY,New York,5440,9317,303542
51,06,CA,California,5184,9727,372849
51,48,TX,Texas,4937,9622,276984
51,42,PA,Pennsylvania,4103,6742,238250
51,11,DC,District Of Columbia,3714,5634,341372
51,13,GA,Georgia,3132,5921,159742
51,34,NJ,New Jersey,2765,4887,192249
51,47,TN,Tennessee,2100,3977,110472
51,45,SC,South Carolina,1972,3634,92804
51,39,OH,Ohio,1958,3373,104474
51,54,WV,West Virginia,1937,3461,76032
51,17,IL,Illinois,1794,3198,115643
51,25,MA,Massachusetts,1304,2087,92765
51,26,MI,Michigan,1247,2141,65409
51,53,WA,Washington,1200,2429,70619
51,08,CO,Colorado,1136,2113,71808
51,04,AZ,Arizona,1001,1873,55148
51,09,CT,Connecticut,974,1716,87793
51,01,AL,Alabama,828,1610,46498
51,21,KY,Kentucky,806,1583,38393
51,18,IN,Indiana,789,1450,44942
51,15,HI,Hawaii,755,1678,42944
51,29,MO,Missouri,732,1337,36268
51,22,LA,Louisiana,659,1245,34884
51,27,MN,Minnesota,550,946,41569
51,28,MS,Mississippi,547,1033,23219
51,55,WI,Wisconsin,526,879,26767
51,10,DE,Delaware,496,840,27742
51,32,NV,Nevada,476,908,36063
51,40,OK,Oklahoma,454,910,23894
51,20,KS,Kansas,404,776,20722
51,49,UT,Utah,391,786,20895
51,33,NH,New Hampshire,352,571,19759
51,05,AR,Arkansas,348,648,23316
51,41,OR,Oregon,330,529,15758
51,35,NM,New Mexico,325,637,20900
51,23,ME,Maine,317,549,15363
51,44,RI,Rhode Island,306,582,18427
51,19,IA,Iowa,279,500,13966
51,02,AK,Alaska,273,535,15598
51,31,NE,Nebraska,204,352,10634
51,16,ID,Idaho,195,377,9762
51,50,VT,Vermont,179,298,8425
51,30,MT,Montana,123,216,5862
51,46,SD,South Dakota,107,190,6163
51,38,ND,North Dakota,103,191,5213
51,56,WY,Wyoming,85,140,4627
53,96,WA,WA Total Migration-US and Foreign,78809,143550,4731451
53,97,WA,WA Total Migration-US,75531,136438,4436196
53,98,WA,WA Total Migration-Foreign,3278,7112,295255
53,97,WA,WA Total Migration-Same State,68724,122963,3535540
53,53,WA,WA Non-migrants,2615285,5612501,213740983
53,06,CA,California,15010,27516,1065234
53,41,OR,Oregon,10019,19158,528749
53,48,TX,Texas,4912,9354,288028
53,04,AZ,Arizona,3432,6174,164450
53,16,ID,Idaho,3364,6184,143058
53,57,FR,Foreign,3278,7112,295255
53,12,FL,Florida,2903,4971,147182
53,08,CO,Colorado,2154,3710,127938
53,36,NY,New York,2145,3341,161676
53,17,IL,Illinois,1823,2917,122292
53,32,NV,Nevada,1747,3226,95854
53,02,AK,Alaska,1712,3037,92567
53,15,HI,Hawaii,1683,3243,77309
53,51,VA,Virginia,1570,2947,114429
53,13,GA,Georgia,1416,2839,71958
53,49,UT,Utah,1380,2834,73306
53,37,NC,North Carolina,1355,2549,78363
53,30,MT,Montana,1324,2211,56286
53,26,MI,Michigan,1079,1714,61127
53,39,OH,Ohio,1051,1731,58866
53,27,MN,Minnesota,1039,1704,67743
53,42,PA,Pennsylvania,1038,1699,72129
53,25,MA,Massachusetts,911,1349,75052
53,29,MO,Missouri,870,1600,44301
53,34,NJ,New Jersey,792,1343,63530
53,24,MD,Maryland,783,1321,51358
53,55,WI,Wisconsin,777,1336,42069
53,47,TN,Tennessee,773,1396,38273
53,45,SC,South Carolina,695,1319,36158
53,35,NM,New Mexico,680,1180,36016
53,40,OK,Oklahoma,667,1306,30094
53,20,KS,Kansas,590,1134,32040
53,18,IN,Indiana,586,1020,43864
53,38,ND,North Dakota,473,823,31623
53,22,LA,Louisiana,472,885,20897
53,09,CT,Connecticut,457,763,31061
53,21,KY,Kentucky,430,787,20669
53,01,AL,Alabama,413,747,18448
53,19,IA,Iowa,412,688,21492
53,05,AR,Arkansas,361,692,21196
53,56,WY,Wyoming,332,582,15132
53,31,NE,Nebraska,326,590,15457
53,46,SD,South Dakota,258,467,11325
53,11,DC,District Of Columbia,252,343,18328
53,28,MS,Mississippi,242,472,8877
53,33,NH,New Hampshire,196,283,11142
53,23,ME,Maine,163,244,7945
53,50,VT,Vermont,135,174,5582
53,44,RI,Rhode Island,127,201,6338
53,54,WV,West Virginia,113,175,4350
53,10,DE,Delaware,89,159,5033
54,96,WV,WV Total Migration-US and Foreign,12771,23705,535482
54,97,WV,WV Total Migration-US,12639,23428,529960
54,98,WV,WV Total Migration-Foreign,132,277,5522
54,97,WV,WV Total Migration-Same State,14111,26636,514142
54,54,WV,WV Non-migrants,631644,1338086,35929319
54,39,OH,Ohio,2008,3713,73184
54,51,VA,Virginia,1902,3586,85282
54,24,MD,Maryland,1555,2811,70026
54,42,PA,Pennsylvania,1256,2194,65330
54,12,FL,Florida,789,1403,25581
54,37,NC,North Carolina,700,1338,23486
54,21,KY,Kentucky,537,1098,17184
54,48,TX,Texas,526,984,25786
54,45,SC,South Carolina,295,579,10046
54,36,NY,New York,288,508,12393
54,06,CA,California,269,453,10273
54,13,GA,Georgia,239,461,10153
54,47,TN,Tennessee,229,445,10560
54,34,NJ,New Jersey,176,303,8654
54,26,MI,Michigan,165,314,6255
54,17,IL,Illinois,138,251,6061
54,18,IN,Indiana,137,275,5510
54,57,FR,Foreign,132,277,5522
54,08,CO,Colorado,126,224,6055
54,04,AZ,Arizona,103,190,5517
54,01,AL,Alabama,92,193,3784
54,29,MO,Missouri,78,154,2767
54,22,LA,Louisiana,78,166,3090
54,53,WA,Washington,73,140,3400
54,40,OK,Oklahoma,69,151,3833
54,28,MS,Mississippi,58,105,2667
54,11,DC,District Of Columbia,58,114,2494
54,05,AR,Arkansas,55,118,2196
54,55,WI,Wisconsin,49,90,1803
54,25,MA,Massachusetts,48,84,1843
54,32,NV,Nevada,44,104,1825
54,10,DE,Delaware,44,87,2363
54,09,CT,Connecticut,44,70,1524
54,20,KS,Kansas,41,69,1821
54,35,NM,New Mexico,39,62,2637
54,41,OR,Oregon,34,55,1461
54,27,MN,Minnesota,33,50,1179
54,49,UT,Utah,32,56,1730
54,02,AK,Alaska,32,60,1149
54,56,WY,Wyoming,28,48,1271
54,33,NH,New Hampshire,27,47,1371
54,19,IA,Iowa,24,41,1946
54,15,HI,Hawaii,24,39,507
54,38,ND,North Dakota,22,46,1194
54,30,MT,Montana,19,37,804
54,16,ID,Idaho,17,37,312
54,31,NE,Nebraska,15,29,619
54,46,SD,South Dakota,13,28,710
54,23,ME,Maine,11,18,324
54,44,RI,Rhode Island,-1,-1,-1
54,50,VT,Vermont,-1,-1,-1
55,96,WI,WI Total Migration-US and Foreign,31000,54911,1626394
55,97,WI,WI Total Migration-US,30412,53697,1586144
55,98,WI,WI Total Migration-Foreign,588,1214,40250
55,97,WI,WI Total Migration-Same State,59189,98765,2599938
55,55,WI,WI Non-migrants,2252810,4741900,153754196
55,17,IL,Illinois,6627,11837,379695
55,27,MN,Minnesota,4296,7194,232753
55,48,TX,Texas,1803,3527,78611
55,06,CA,California,1703,3047,93059
55,12,FL,Florida,1660,2806,91038
55,26,MI,Michigan,1601,2717,76151
55,19,IA,Iowa,951,1639,50878
55,04,AZ,Arizona,829,1439,41876
55,18,IN,Indiana,716,1379,32405
55,36,NY,New York,706,1150,36811
55,08,CO,Colorado,679,1094,53054
55,37,NC,North Carolina,625,1139,30361
55,57,FR,Foreign,588,1214,40250
55,39,OH,Ohio,574,988,29884
55,13,GA,Georgia,503,974,29960
55,29,MO,Missouri,502,891,20524
55,42,PA,Pennsylvania,469,864,27926
55,51,VA,Virginia,448,795,24536
55,53,WA,Washington,437,799,20913
55,47,TN,Tennessee,435,802,18627
55,34,NJ,New Jersey,287,543,6621
55,32,NV,Nevada,270,417,12119
55,38,ND,North Dakota,255,434,13557
55,20,KS,Kansas,243,483,10662
55,21,KY,Kentucky,242,438,9395
55,24,MD,Maryland,238,397,13288
55,45,SC,South Carolina,235,421,10904
55,41,OR,Oregon,223,361,8904
55,05,AR,Arkansas,221,403,8818
55,25,MA,Massachusetts,213,341,15934
55,40,OK,Oklahoma,196,378,8155
55,46,SD,South Dakota,187,348,8336
55,28,MS,Mississippi,180,358,4665
55,49,UT,Utah,163,298,7421
55,31,NE,Nebraska,163,307,7771
55,01,AL,Alabama,154,264,2900
55,22,LA,Louisiana,153,271,5919
55,09,CT,Connecticut,147,253,11268
55,15,HI,Hawaii,143,220,5115
55,35,NM,New Mexico,128,215,6671
55,30,MT,Montana,119,219,7000
55,02,AK,Alaska,113,179,4568
55,16,ID,Idaho,98,187,5212
55,56,WY,Wyoming,85,139,3409
55,10,DE,Delaware,84,256,3005
55,11,DC,District Of Columbia,79,97,5526
55,54,WV,West Virginia,72,121,2568
55,23,ME,Maine,51,97,2533
55,33,NH,New Hampshire,46,73,2118
55,50,VT,Vermont,30,50,1557
55,44,RI,Rhode Island,30,48,1163
56,96,WY,WY Total Migration-US and Foreign,9585,18277,774037
56,97,WY,WY Total Migration-US,9407,17909,763760
56,98,WY,WY Total Migration-Foreign,178,368,10276
56,97,WY,WY Total Migration-Same State,3948,7022,225835
56,56,WY,WY Non-migrants,216928,464394,19453339
56,08,CO,Colorado,1474,2732,84341
56,06,CA,California,798,1483,75995
56,49,UT,Utah,652,1514,46579
56,48,TX,Texas,567,1139,118793
56,30,MT,Montana,531,966,28910
56,16,ID,Idaho,390,858,21110
56,04,AZ,Arizona,345,686,20599
56,31,NE,Nebraska,312,565,14393
56,46,SD,South Dakota,299,581,14244
56,53,WA,Washington,271,533,11498
56,12,FL,Florida,237,454,10657
56,38,ND,North Dakota,234,465,16503
56,32,NV,Nevada,222,417,12146
56,41,OR,Oregon,180,313,11200
56,57,FR,Foreign,178,368,10276
56,26,MI,Michigan,165,265,7266
56,35,NM,New Mexico,153,345,7244
56,17,IL,Illinois,153,275,7955
56,36,NY,New York,142,214,27415
56,29,MO,Missouri,137,254,4943
56,42,PA,Pennsylvania,133,227,8604
56,27,MN,Minnesota,130,199,9011
56,40,OK,Oklahoma,129,279,6358
56,37,NC,North Carolina,123,219,10143
56,55,WI,Wisconsin,120,192,6274
56,51,VA,Virginia,116,200,10994
56,39,OH,Ohio,115,227,5786
56,13,GA,Georgia,112,231,9122
56,20,KS,Kansas,110,209,5570
56,02,AK,Alaska,87,161,5815
56,19,IA,Iowa,83,140,3046
56,18,IN,Indiana,76,144,2990
56,05,AR,Arkansas,76,179,2823
56,47,TN,Tennessee,75,146,30006
56,25,MA,Massachusetts,74,106,12023
56,45,SC,South Carolina,61,102,2989
56,01,AL,Alabama,61,112,2975
56,24,MD,Maryland,57,105,6936
56,22,LA,Louisiana,56,112,3511
56,21,KY,Kentucky,47,71,1796
56,28,MS,Mississippi,46,89,6382
56,09,CT,Connecticut,43,57,11755
56,54,WV,West Virginia,40,79,2309
56,15,HI,Hawaii,40,82,1696
56,34,NJ,New Jersey,37,61,49979
56,23,ME,Maine,36,49,964
56,50,VT,Vermont,33,35,1148
56,33,NH,New Hampshire,29,37,962
56,44,RI,Rhode Island,-1,-1,-1
56,11,DC,District Of Columbia,-1,-1,-1
56,10,DE,Delaware,-1,-1,-1
