storm,year,month,fips,avg_gustW_peak,avg_sustW_max,max_gustW_peak,max_sustW_max
Ivan,2004,Sep,01001,68.29411764705883,53.529411764705884,72,57
Ivan,2004,Sep,01003,107.55813953488372,84.51162790697674,115,90
Ivan,2004,Sep,01005,51,40.111111111111114,55,43
Ivan,2004,Sep,01007,61,48.125,64,50
Ivan,2004,Sep,01009,49.375,38.9375,51,40
Ivan,2004,Sep,01011,55.25,43.5,57,45
Ivan,2004,Sep,01013,77.55555555555556,61.111111111111114,81,64
Ivan,2004,Sep,01015,57.55263157894737,45.55263157894737,58,46
Ivan,2004,Sep,01017,50.77777777777778,39.77777777777778,53,42
Ivan,2004,Sep,01019,55.375,43.375,56,44
Ivan,2004,Sep,01021,65.83333333333333,51.833333333333336,68,53
Ivan,2004,Sep,01023,66.5,52.5,70,55
Ivan,2004,Sep,01025,82.11111111111111,64.66666666666667,89,70
Ivan,2004,Sep,01027,58.75,46.25,61,48
Ivan,2004,Sep,01029,54.25,42.5,55,43
Ivan,2004,Sep,01031,61.4375,48.25,67,53
Ivan,2004,Sep,01035,89.2,70.2,94,74
Ivan,2004,Sep,01037,63,49.666666666666664,64,50
Ivan,2004,Sep,01039,72.57142857142857,56.92857142857143,78,61
Ivan,2004,Sep,01041,68.16666666666667,53.666666666666664,70,55
Ivan,2004,Sep,01043,43.45454545454545,34.13636363636363,47,37
Ivan,2004,Sep,01045,56.285714285714285,44.285714285714285,59,46
Ivan,2004,Sep,01047,74.23529411764706,58.35294117647059,77,61
Ivan,2004,Sep,01049,49.714285714285715,39.142857142857146,53,42
Ivan,2004,Sep,01051,63.85,50.25,67,53
Ivan,2004,Sep,01053,96.9,76.2,101,79
Ivan,2004,Sep,01055,54.121212121212125,42.36363636363637,56,44
Ivan,2004,Sep,01057,42.4,33.2,45,35
Ivan,2004,Sep,01061,60.333333333333336,47.5,66,52
Ivan,2004,Sep,01063,56,44,59,46
Ivan,2004,Sep,01065,62,49,67,53
Ivan,2004,Sep,01067,50.666666666666664,39.833333333333336,52,41
Ivan,2004,Sep,01069,53.15384615384615,41.69230769230769,56,44
Ivan,2004,Sep,01071,42.07142857142857,32.92857142857143,46,36
Ivan,2004,Sep,01073,54.735449735449734,42.91534391534392,58,46
Ivan,2004,Sep,01075,42,33,42,33
Ivan,2004,Sep,01081,51.145833333333336,40.354166666666664,55,43
Ivan,2004,Sep,01085,73.5,57.75,77,61
Ivan,2004,Sep,01087,55,43.166666666666664,58,46
Ivan,2004,Sep,01089,40.5,31.5,41,32
Ivan,2004,Sep,01091,69.625,54.75,77,61
Ivan,2004,Sep,01095,46.11538461538461,36.38461538461539,50,39
Ivan,2004,Sep,01097,97.40298507462687,76.50746268656717,109,86
Ivan,2004,Sep,01099,91.66666666666667,72,95,75
Ivan,2004,Sep,01101,63.74647887323944,50.15492957746479,67,53
Ivan,2004,Sep,01103,40.666666666666664,31.666666666666668,41,32
Ivan,2004,Sep,01105,67.75,53,70,55
Ivan,2004,Sep,01107,46,36.166666666666664,48,38
Ivan,2004,Sep,01109,60.45454545454545,47.63636363636363,63,50
Ivan,2004,Sep,01111,53,41.5,54,42
Ivan,2004,Sep,01113,48.05555555555556,38,51,40
Ivan,2004,Sep,01115,55.416666666666664,43.458333333333336,61,48
Ivan,2004,Sep,01117,58.89090909090909,46.345454545454544,63,50
Ivan,2004,Sep,01119,55.8,44,58,46
Ivan,2004,Sep,01121,61.125,48.083333333333336,64,50
Ivan,2004,Sep,01123,58.166666666666664,45.75,60,47
Ivan,2004,Sep,01125,53.898305084745765,42.23728813559322,57,45
Ivan,2004,Sep,01127,45.75,36.05,50,39
Ivan,2004,Sep,01129,80.2,63.2,88,69
Ivan,2004,Sep,01131,81.8,64.4,85,67
Ivan,2004,Sep,01133,41,32,42,33
Ivan,2004,Sep,12005,62.02040816326531,48.775510204081634,69,54
Ivan,2004,Sep,12013,51.75,40.5,54,42
Ivan,2004,Sep,12033,108.2948717948718,85.08974358974359,114,90
Ivan,2004,Sep,12037,50.2,39.6,53,42
Ivan,2004,Sep,12039,45.7,36,48,38
Ivan,2004,Sep,12045,54,42.4,55,43
Ivan,2004,Sep,12059,60.714285714285715,47.42857142857143,64,50
Ivan,2004,Sep,12063,52.61538461538461,41.38461538461539,56,44
Ivan,2004,Sep,12073,43.050632911392405,34.037974683544306,46,36
Ivan,2004,Sep,12077,49.25,38.75,50,39
Ivan,2004,Sep,12091,83.7872340425532,65.82978723404256,93,73
Ivan,2004,Sep,12113,100.80555555555556,79.25,109,86
Ivan,2004,Sep,12129,44,34.75,45,35
Ivan,2004,Sep,12131,71.75,56.3,79,62
Ivan,2004,Sep,12133,58.285714285714285,46,61,48
Ivan,2004,Sep,28023,54.4,42.8,58,46
Ivan,2004,Sep,28031,45,35.2,47,37
Ivan,2004,Sep,28035,52.57142857142857,41.38095238095238,55,43
Ivan,2004,Sep,28039,80,62.833333333333336,84,66
Ivan,2004,Sep,28041,72.75,57.25,77,61
Ivan,2004,Sep,28045,60.8235294117647,47.88235294117647,64,50
Ivan,2004,Sep,28047,71.07407407407408,55.888888888888886,81,64
Ivan,2004,Sep,28059,87.23809523809524,68.54761904761905,94,74
Ivan,2004,Sep,28061,48.285714285714285,38,52,41
Ivan,2004,Sep,28065,41.333333333333336,32.333333333333336,43,34
Ivan,2004,Sep,28067,51.25,40.2,54,42
Ivan,2004,Sep,28069,46,36.5,48,38
Ivan,2004,Sep,28073,50.23529411764706,39.470588235294116,52,41
Ivan,2004,Sep,28075,50.6,39.68,54,42
Ivan,2004,Sep,28087,40.5,31.5,41,32
Ivan,2004,Sep,28091,43,33.833333333333336,45,35
Ivan,2004,Sep,28099,40.8,31.8,42,33
Ivan,2004,Sep,28101,43,33.833333333333336,45,35
Ivan,2004,Sep,28103,42.666666666666664,33.666666666666664,44,35
Ivan,2004,Sep,28109,51.75,40.75,55,43
Ivan,2004,Sep,28111,60.333333333333336,47.333333333333336,63,50
Ivan,2004,Sep,28123,40,31,40,31
Ivan,2004,Sep,28127,40.333333333333336,31.333333333333332,41,32
Ivan,2004,Sep,28129,43,33.8,45,35
Ivan,2004,Sep,28131,62.2,49,66,52
Ivan,2004,Sep,28147,42,33,42,33
Ivan,2004,Sep,28153,63.42857142857143,50,70,55
Dennis,2005,Jul,01003,52.18604651162791,41.02325581395349,66,52
Dennis,2005,Jul,01097,40.774193548387096,31.741935483870968,47,37
Dennis,2005,Jul,12005,56.83673469387755,44.63265306122449,65,51
Dennis,2005,Jul,12033,81.65384615384616,64.1923076923077,101,79
Dennis,2005,Jul,12059,52.857142857142854,41.57142857142857,57,45
Dennis,2005,Jul,12091,85.53191489361703,67.27659574468085,104,82
Dennis,2005,Jul,12113,101.97222222222223,80.19444444444444,117,92
Dennis,2005,Jul,12131,67.35,52.95,78,61
Dennis,2005,Jul,12133,51.142857142857146,40,54,42
Katrina,2005,Aug,01001,52.64705882352941,41.529411764705884,55,43
Katrina,2005,Aug,01003,75,58.906976744186046,81,64
Katrina,2005,Aug,01005,42.77777777777778,33.77777777777778,44,35
Katrina,2005,Aug,01007,62.875,49.5,65,51
Katrina,2005,Aug,01009,54.3125,42.625,59,46
Katrina,2005,Aug,01011,45.75,35.75,46,36
Katrina,2005,Aug,01013,52.666666666666664,41.44444444444444,54,42
Katrina,2005,Aug,01015,47.71052631578947,37.71052631578947,49,39
Katrina,2005,Aug,01017,44.22222222222222,34.888888888888886,46,36
Katrina,2005,Aug,01019,45.125,35.375,46,36
Katrina,2005,Aug,01021,55.5,43.583333333333336,58,46
Katrina,2005,Aug,01023,79.25,62.25,80,63
Katrina,2005,Aug,01025,68.88888888888889,54.333333333333336,72,57
Katrina,2005,Aug,01027,48.75,38.5,50,39
Katrina,2005,Aug,01029,45.5,35.5,46,36
Katrina,2005,Aug,01031,47.5,37.4375,50,39
Katrina,2005,Aug,01033,66.86666666666666,52.8,68,53
Katrina,2005,Aug,01035,58,45.6,61,48
Katrina,2005,Aug,01037,50.666666666666664,39.666666666666664,52,41
Katrina,2005,Aug,01039,51.92857142857143,40.785714285714285,54,42
Katrina,2005,Aug,01041,49.666666666666664,39,50,39
Katrina,2005,Aug,01043,57.27272727272727,45.04545454545455,61,48
Katrina,2005,Aug,01045,45.142857142857146,35.285714285714285,46,36
Katrina,2005,Aug,01047,58.64705882352941,46.1764705882353,63,50
Katrina,2005,Aug,01049,47.095238095238095,37.095238095238095,48,38
Katrina,2005,Aug,01051,50.55,39.8,52,41
Katrina,2005,Aug,01053,63.1,49.6,68,53
Katrina,2005,Aug,01055,48.54545454545455,38.484848484848484,51,40
Katrina,2005,Aug,01057,75.4,59.4,77,61
Katrina,2005,Aug,01059,67.81818181818181,53,70,55
Katrina,2005,Aug,01061,47.166666666666664,37.166666666666664,49,39
Katrina,2005,Aug,01063,78.5,61.75,81,64
Katrina,2005,Aug,01065,71,55.714285714285715,73,57
Katrina,2005,Aug,01067,42.333333333333336,33.333333333333336,43,34
Katrina,2005,Aug,01069,43.73076923076923,34.69230769230769,45,35
Katrina,2005,Aug,01071,49,38.75,52,41
Katrina,2005,Aug,01073,58.698412698412696,46.16931216931217,66,52
Katrina,2005,Aug,01075,73.5,57.75,76,60
Katrina,2005,Aug,01077,67.5,53,72,57
Katrina,2005,Aug,01079,62.72727272727273,49.36363636363637,65,51
Katrina,2005,Aug,01081,44.291666666666664,34.729166666666664,46,36
Katrina,2005,Aug,01083,59.69565217391305,46.91304347826087,64,50
Katrina,2005,Aug,01085,53,41.5,54,42
Katrina,2005,Aug,01087,46.166666666666664,36.166666666666664,48,38
Katrina,2005,Aug,01089,55.126315789473686,43.21052631578947,58,46
Katrina,2005,Aug,01091,71.375,56,74,58
Katrina,2005,Aug,01093,71.54545454545455,56.18181818181818,74,58
Katrina,2005,Aug,01095,50.53846153846154,39.73076923076923,53,42
Katrina,2005,Aug,01097,86.35074626865672,67.88805970149254,94,74
Katrina,2005,Aug,01099,62.22222222222222,49.111111111111114,67,53
Katrina,2005,Aug,01101,50.2112676056338,39.38028169014085,52,41
Katrina,2005,Aug,01103,57.41935483870968,45.096774193548384,60,47
Katrina,2005,Aug,01105,64,50.25,65,51
Katrina,2005,Aug,01107,79.83333333333333,62.666666666666664,82,64
Katrina,2005,Aug,01109,46.81818181818182,36.81818181818182,48,38
Katrina,2005,Aug,01111,45.5,35.5,46,36
Katrina,2005,Aug,01113,42.22222222222222,33.22222222222222,44,35
Katrina,2005,Aug,01115,52.666666666666664,41.375,54,42
Katrina,2005,Aug,01117,57.4,45.10909090909091,61,48
Katrina,2005,Aug,01119,83.2,65.4,85,67
Katrina,2005,Aug,01121,51.166666666666664,40.208333333333336,54,42
Katrina,2005,Aug,01123,48.083333333333336,38.083333333333336,49,39
Katrina,2005,Aug,01125,71.84745762711864,56.559322033898304,77,61
Katrina,2005,Aug,01127,65.3,51.4,71,56
Katrina,2005,Aug,01129,80.6,63.4,87,68
Katrina,2005,Aug,01131,61.6,48.4,65,51
Katrina,2005,Aug,01133,66.125,52,70,55
Katrina,2005,Aug,22005,67.44827586206897,52.96551724137931,72,57
Katrina,2005,Aug,22007,63.714285714285715,50,67,53
Katrina,2005,Aug,22009,41.7,32.6,45,35
Katrina,2005,Aug,22025,43.333333333333336,34.333333333333336,44,35
Katrina,2005,Aug,22029,48.666666666666664,38.333333333333336,51,40
Katrina,2005,Aug,22033,61.851851851851855,48.638888888888886,66,52
Katrina,2005,Aug,22035,42.333333333333336,33.333333333333336,43,34
Katrina,2005,Aug,22037,62.8,49.4,67,53
Katrina,2005,Aug,22041,42.333333333333336,33.333333333333336,44,35
Katrina,2005,Aug,22045,44.36363636363637,34.95454545454545,48,38
Katrina,2005,Aug,22047,57.55555555555556,45.22222222222222,62,49
Katrina,2005,Aug,22051,103.11904761904762,81.06349206349206,121,95
Katrina,2005,Aug,22055,40.52,31.52,42,33
Katrina,2005,Aug,22057,84.1923076923077,66.07692307692308,109,86
Katrina,2005,Aug,22063,71.11764705882354,55.94117647058823,81,64
Katrina,2005,Aug,22065,47,37,49,39
Katrina,2005,Aug,22071,105.79234972677595,83.27868852459017,114,90
Katrina,2005,Aug,22075,116.22222222222223,91.33333333333333,127,100
Katrina,2005,Aug,22077,52.142857142857146,41,55,43
Katrina,2005,Aug,22083,41.5,32.5,42,33
Katrina,2005,Aug,22087,109.58823529411765,86.17647058823529,116,91
Katrina,2005,Aug,22089,94.38461538461539,74.15384615384616,98,77
Katrina,2005,Aug,22091,77,60.666666666666664,80,63
Katrina,2005,Aug,22093,75.85714285714286,59.714285714285715,79,62
Katrina,2005,Aug,22095,87,68.27272727272727,90,71
Katrina,2005,Aug,22097,41,31.894736842105264,46,36
Katrina,2005,Aug,22099,44.8235294117647,35.411764705882355,60,47
Katrina,2005,Aug,22101,55.8125,43.9375,64,50
Katrina,2005,Aug,22103,105.3103448275862,82.75862068965517,114,90
Katrina,2005,Aug,22105,85.93548387096774,67.51612903225806,93,73
Katrina,2005,Aug,22107,49.666666666666664,39,51,40
Katrina,2005,Aug,22109,78.70588235294117,61.911764705882355,89,70
Katrina,2005,Aug,22113,41,32,41,32
Katrina,2005,Aug,22117,100.61538461538461,79.07692307692308,106,83
Katrina,2005,Aug,22121,57.166666666666664,45,59,46
Katrina,2005,Aug,22123,40,31,40,31
Katrina,2005,Aug,22125,54,42.57142857142857,57,45
Katrina,2005,Aug,28001,52.6,41.4,55,43
Katrina,2005,Aug,28003,52.7,41.5,55,43
Katrina,2005,Aug,28005,70.5,55.5,77,61
Katrina,2005,Aug,28007,62,49,66,52
Katrina,2005,Aug,28009,43.666666666666664,34.333333333333336,45,35
Katrina,2005,Aug,28013,52,40.8,55,43
Katrina,2005,Aug,28015,48,37.666666666666664,51,40
Katrina,2005,Aug,28017,59.2,46.6,62,49
Katrina,2005,Aug,28019,64,50.333333333333336,66,52
Katrina,2005,Aug,28021,56.333333333333336,44.333333333333336,57,45
Katrina,2005,Aug,28023,89.8,70.8,91,72
Katrina,2005,Aug,28025,68.4,53.8,71,56
Katrina,2005,Aug,28029,71.625,56.5,76,60
Katrina,2005,Aug,28031,101.4,79.6,106,83
Katrina,2005,Aug,28035,111.28571428571429,87.33333333333333,115,90
Katrina,2005,Aug,28037,64.66666666666667,50.666666666666664,69,54
Katrina,2005,Aug,28039,101.83333333333333,80.16666666666667,105,83
Katrina,2005,Aug,28041,98,77,101,79
Katrina,2005,Aug,28043,45.857142857142854,36,48,38
Katrina,2005,Aug,28045,118.94117647058823,93.58823529411765,123,97
Katrina,2005,Aug,28047,119.65432098765432,94.11111111111111,127,100
Katrina,2005,Aug,28049,65.53731343283582,51.656716417910445,68,53
Katrina,2005,Aug,28051,53.166666666666664,41.833333333333336,58,46
Katrina,2005,Aug,28053,44.666666666666664,35,45,35
Katrina,2005,Aug,28055,44,35,44,35
Katrina,2005,Aug,28057,62.333333333333336,49.166666666666664,65,51
Katrina,2005,Aug,28059,104.5,82.16666666666667,114,90
Katrina,2005,Aug,28061,93,73.14285714285714,96,75
Katrina,2005,Aug,28063,57,44.75,60,47
Katrina,2005,Aug,28065,96.5,75.75,102,80
Katrina,2005,Aug,28067,100.7,79.25,107,84
Katrina,2005,Aug,28069,83.5,65.5,84,66
Katrina,2005,Aug,28071,42.8,33.733333333333334,45,35
Katrina,2005,Aug,28073,111.76470588235294,87.88235294117646,114,90
Katrina,2005,Aug,28075,87.68,68.76,89,70
Katrina,2005,Aug,28077,88.66666666666667,70,90,71
Katrina,2005,Aug,28079,72.16666666666667,56.833333333333336,76,60
Katrina,2005,Aug,28081,57.869565217391305,45.608695652173914,62,49
Katrina,2005,Aug,28083,43.42857142857143,34.42857142857143,44,35
Katrina,2005,Aug,28085,76.8,60.5,84,66
Katrina,2005,Aug,28087,74.61111111111111,58.666666666666664,77,61
Katrina,2005,Aug,28089,64.46153846153847,50.76923076923077,67,53
Katrina,2005,Aug,28091,104.83333333333333,82.5,108,85
Katrina,2005,Aug,28093,41,32,42,33
Katrina,2005,Aug,28095,66.63636363636364,52.45454545454545,71,56
Katrina,2005,Aug,28097,52,40.75,55,43
Katrina,2005,Aug,28099,78.5,61.625,82,64
Katrina,2005,Aug,28101,84.66666666666667,66.5,87,68
Katrina,2005,Aug,28103,79.33333333333333,62.333333333333336,80,63
Katrina,2005,Aug,28105,69.84615384615384,54.92307692307692,72,57
Katrina,2005,Aug,28107,40,31,40,31
Katrina,2005,Aug,28109,112.625,88.5625,115,90
Katrina,2005,Aug,28111,108.66666666666667,85.66666666666667,112,88
Katrina,2005,Aug,28113,84.72727272727273,66.54545454545455,89,70
Katrina,2005,Aug,28115,52.5,41.333333333333336,55,43
Katrina,2005,Aug,28117,56,44,58,46
Katrina,2005,Aug,28121,71.72972972972973,56.351351351351354,82,64
Katrina,2005,Aug,28123,79,62.125,82,64
Katrina,2005,Aug,28125,45,35,45,35
Katrina,2005,Aug,28127,85.88888888888889,67.55555555555556,92,72
Katrina,2005,Aug,28129,92.2,72.4,96,75
Katrina,2005,Aug,28131,117.2,92.2,118,93
Katrina,2005,Aug,28133,40.333333333333336,31.333333333333332,41,32
Katrina,2005,Aug,28135,40,31,40,31
Katrina,2005,Aug,28139,48.166666666666664,38,50,39
Katrina,2005,Aug,28141,60.142857142857146,47.42857142857143,63,50
Katrina,2005,Aug,28145,49.666666666666664,39.166666666666664,52,41
Katrina,2005,Aug,28147,96.2,75.6,101,79
Katrina,2005,Aug,28149,52.46153846153846,41.38461538461539,54,42
Katrina,2005,Aug,28151,40.666666666666664,31.666666666666668,41,32
Katrina,2005,Aug,28153,90.14285714285714,70.85714285714286,94,74
Katrina,2005,Aug,28155,59,46.333333333333336,61,48
Katrina,2005,Aug,28157,57,44.666666666666664,60,47
Katrina,2005,Aug,28159,72.8,57.4,76,60
Katrina,2005,Aug,28161,43.5,34.25,45,35
Katrina,2005,Aug,28163,52.714285714285715,41.285714285714285,55,43
Rita,2005,Sep,22001,78.23809523809524,61.523809523809526,86,68
Rita,2005,Sep,22003,78.42857142857143,61.42857142857143,87,68
Rita,2005,Sep,22009,58.25,45.916666666666664,62,49
Rita,2005,Sep,22011,91.88888888888889,72.33333333333333,100,79
Rita,2005,Sep,22019,107.19642857142857,84.25,115,90
Rita,2005,Sep,22023,113,89,118,93
Rita,2005,Sep,22039,68.81818181818181,54.18181818181818,76,60
Rita,2005,Sep,22045,72.27272727272727,56.90909090909091,77,61
Rita,2005,Sep,22053,89.25,70.125,95,75
Rita,2005,Sep,22055,73,57.37931034482759,77,61
Rita,2005,Sep,22079,61.23076923076923,48.12820512820513,70,55
Rita,2005,Sep,22097,67.75,53.25,74,58
Rita,2005,Sep,22099,67.76470588235294,53.23529411764706,72,57
Rita,2005,Sep,22101,66.1875,52,73,57
Rita,2005,Sep,22113,82.125,64.625,93,73
Rita,2005,Sep,22115,78.6875,62,86,68
Rita,2005,Sep,48039,52.64935064935065,41.4025974025974,58,46
Rita,2005,Sep,48071,80.83333333333333,63.5,94,74
Rita,2005,Sep,48157,47.954887218045116,37.721804511278194,52,41
Rita,2005,Sep,48167,63.93069306930693,50.306930693069305,79,62
Rita,2005,Sep,48199,101.84615384615384,80.3076923076923,105,83
Rita,2005,Sep,48201,55.25381165919283,43.43946188340807,71,56
Rita,2005,Sep,48241,98.6,77.5,109,86
Rita,2005,Sep,48245,105,82.61842105263158,109,86
Rita,2005,Sep,48291,74.58823529411765,58.76470588235294,87,68
Rita,2005,Sep,48339,55,43.21052631578947,65,51
Rita,2005,Sep,48351,99.4,78.2,112,88
Rita,2005,Sep,48361,108.95833333333333,85.5,112,88
Rita,2005,Sep,48373,71.3076923076923,56,82,64
Rita,2005,Sep,48407,65,51.111111111111114,72,57
Rita,2005,Sep,48457,90.66666666666667,71.33333333333333,97,76
Wilma,2005,Oct,12011,103.72115384615384,81.73317307692308,108,85
Wilma,2005,Oct,12021,83.35185185185185,65.5,95,75
Wilma,2005,Oct,12043,68,53.5,69,54
Wilma,2005,Oct,12051,75.33333333333333,59.22222222222222,87,68
Wilma,2005,Oct,12085,83.29268292682927,65.39024390243902,89,70
Wilma,2005,Oct,12086,103.56798866855524,81.60623229461757,110,86
Wilma,2005,Oct,12087,95.44444444444444,75.18518518518519,106,83
Wilma,2005,Oct,12099,96.12398921832884,75.55525606469003,106,83
Harvey,2017,Aug,22001,44.857142857142854,35.23809523809524,47,37
Harvey,2017,Aug,22003,44.57142857142857,35,46,36
Harvey,2017,Aug,22011,42,32.888888888888886,45,35
Harvey,2017,Aug,22019,45.464285714285715,35.607142857142854,47,37
Harvey,2017,Aug,22023,46.75,36.75,50,39
Harvey,2017,Aug,22039,44.54545454545455,34.90909090909091,45,35
Harvey,2017,Aug,22045,40.2,31.2,41,32
Harvey,2017,Aug,22053,47.5,37.5,48,38
Harvey,2017,Aug,22055,41.44827586206897,32.44827586206897,43,34
Harvey,2017,Aug,22079,40.32258064516129,31.322580645161292,42,33
Harvey,2017,Aug,22113,43.1875,34,47,37
Harvey,2017,Aug,22115,40.333333333333336,31.333333333333332,41,32
Harvey,2017,Aug,48007,131.6,103.5,137,108
Harvey,2017,Aug,48245,40.48571428571429,31.485714285714284,42,33
Harvey,2017,Aug,48361,41.04347826086956,32.04347826086956,42,33
Harvey,2017,Aug,48409,86.125,67.6875,117,92
Harvey,2017,Aug,48469,84.16,66.08,96,75
Harvey,2017,Aug,48481,43,33.833333333333336,46,36
Irma,2017,Sep,12015,87.56521739130434,68.8695652173913,95,75
Irma,2017,Sep,12021,98.72222222222223,77.53703703703704,109,86
Irma,2017,Sep,12027,93.55555555555556,73.66666666666667,96,75
Irma,2017,Sep,12043,102.5,80.75,105,83
Irma,2017,Sep,12049,94.125,74,96,75
Irma,2017,Sep,12051,101.55555555555556,79.88888888888889,105,83
Irma,2017,Sep,12055,99.37142857142857,78.11428571428571,103,81
Irma,2017,Sep,12071,94.34684684684684,74.16216216216216,103,81
Irma,2017,Sep,12081,75.97849462365592,59.784946236559136,86,68
Irma,2017,Sep,12086,78.38385269121812,61.695467422096314,87,68
Irma,2017,Sep,12087,104.77777777777777,82.37037037037037,122,96
Irma,2017,Sep,12115,78.62295081967213,61.90983606557377,88,69
Michael,2018,Oct,12005,123.04081632653062,96.6734693877551,157,123
Michael,2018,Oct,12013,135.75,106.75,140,110
Michael,2018,Oct,12023,47.07692307692308,37.07692307692308,48,38
Michael,2018,Oct,12029,45.6,35.6,47,37
Michael,2018,Oct,12037,90.6,71.4,100,79
Michael,2018,Oct,12039,97.2,76.5,118,93
Michael,2018,Oct,12041,44.4,35,45,35
Michael,2018,Oct,12045,130.6,102.6,145,114
Michael,2018,Oct,12047,51.833333333333336,40.833333333333336,54,42
Michael,2018,Oct,12059,76.57142857142857,60.285714285714285,86,68
Michael,2018,Oct,12063,112.07692307692308,88.07692307692308,129,101
Michael,2018,Oct,12065,66,52,67,53
Michael,2018,Oct,12067,49.666666666666664,39.333333333333336,51,40
Michael,2018,Oct,12073,79.10126582278481,62.20253164556962,93,73
Michael,2018,Oct,12075,42.166666666666664,33.166666666666664,44,35
Michael,2018,Oct,12077,120.75,95,129,101
Michael,2018,Oct,12079,57.4,45.2,60,47
Michael,2018,Oct,12091,46.58536585365854,36.58536585365854,57,45
Michael,2018,Oct,12113,40.666666666666664,31.666666666666668,43,34
Michael,2018,Oct,12121,49.45454545454545,38.81818181818182,51,40
Michael,2018,Oct,12123,55.285714285714285,43.285714285714285,59,46
Michael,2018,Oct,12129,78.25,61.375,82,64
Michael,2018,Oct,12131,61.2,48.1,86,68
Michael,2018,Oct,12133,96.71428571428571,76,108,85
Laura,2020,Aug,22001,65.42857142857143,51.57142857142857,77,61
Laura,2020,Aug,22003,95.42857142857143,75,109,86
Laura,2020,Aug,22005,40,31,40,31
Laura,2020,Aug,22007,40,31,40,31
Laura,2020,Aug,22009,64,50.166666666666664,68,53
Laura,2020,Aug,22011,122.66666666666667,96.33333333333333,129,101
Laura,2020,Aug,22013,66.2,52,72,57
Laura,2020,Aug,22015,45.93939393939394,36.121212121212125,51,40
Laura,2020,Aug,22017,42.92537313432836,33.791044776119406,48,38
Laura,2020,Aug,22019,129.80357142857142,102.125,134,105
Laura,2020,Aug,22021,68.33333333333333,53.666666666666664,70,55
Laura,2020,Aug,22023,127.75,100.25,137,108
Laura,2020,Aug,22025,58.333333333333336,46,59,46
Laura,2020,Aug,22027,61.833333333333336,48.666666666666664,67,53
Laura,2020,Aug,22029,52.333333333333336,41.166666666666664,55,43
Laura,2020,Aug,22031,50.888888888888886,39.888888888888886,57,45
Laura,2020,Aug,22033,42.01851851851852,33.00925925925926,45,35
Laura,2020,Aug,22035,54,42,54,42
Laura,2020,Aug,22037,43.6,34.4,45,35
Laura,2020,Aug,22039,72.9090909090909,57.27272727272727,80,63
Laura,2020,Aug,22041,59.333333333333336,46.666666666666664,61,48
Laura,2020,Aug,22043,84.71428571428571,66.57142857142857,94,74
Laura,2020,Aug,22045,47.63636363636363,37.59090909090909,50,39
Laura,2020,Aug,22047,42.55555555555556,33.44444444444444,47,37
Laura,2020,Aug,22049,78,61.4,80,63
Laura,2020,Aug,22053,88.25,69.25,110,86
Laura,2020,Aug,22055,54.37931034482759,42.62068965517241,58,46
Laura,2020,Aug,22059,67.66666666666667,53.333333333333336,70,55
Laura,2020,Aug,22061,74.75,58.833333333333336,77,61
Laura,2020,Aug,22063,40.22222222222222,31.22222222222222,41,32
Laura,2020,Aug,22065,52.6,41.4,54,42
Laura,2020,Aug,22067,67.625,52.875,69,54
Laura,2020,Aug,22069,89.63636363636364,70.63636363636364,100,79
Laura,2020,Aug,22073,72.23404255319149,56.851063829787236,77,61
Laura,2020,Aug,22077,48.57142857142857,38.42857142857143,53,42
Laura,2020,Aug,22079,82.07692307692308,64.48717948717949,99,78
Laura,2020,Aug,22081,70,55,71,56
Laura,2020,Aug,22083,61.833333333333336,48.666666666666664,65,51
Laura,2020,Aug,22085,77.33333333333333,60.77777777777778,90,71
Laura,2020,Aug,22097,61.214285714285715,48.214285714285715,72,57
Laura,2020,Aug,22099,50.1764705882353,39.529411764705884,53,42
Laura,2020,Aug,22101,42.9375,33.875,47,37
Laura,2020,Aug,22107,51.666666666666664,40.666666666666664,53,42
Laura,2020,Aug,22109,40,31,40,31
Laura,2020,Aug,22111,74.33333333333333,58.5,77,61
Laura,2020,Aug,22113,56.8125,44.5,74,58
Laura,2020,Aug,22115,112.375,88.375,118,93
Laura,2020,Aug,22119,54.53846153846154,42.84615384615385,59,46
Laura,2020,Aug,22121,43.833333333333336,34.5,46,36
Laura,2020,Aug,22123,58,45.666666666666664,59,46
Laura,2020,Aug,22125,48.42857142857143,38.142857142857146,52,41
Laura,2020,Aug,22127,83.2,65.4,85,67
Zeta,2020,Oct,22005,42.42307692307692,33.30769230769231,47,37
Zeta,2020,Oct,22007,47.285714285714285,37.142857142857146,56,44
Zeta,2020,Oct,22051,87.26190476190476,68.61904761904762,106,83
Zeta,2020,Oct,22057,78.42307692307692,61.57692307692308,110,86
Zeta,2020,Oct,22063,44.38461538461539,34.76923076923077,52,41
Zeta,2020,Oct,22071,90.10928961748634,70.94535519125684,96,75
Zeta,2020,Oct,22075,95,74.77777777777777,109,86
Zeta,2020,Oct,22087,95.70588235294117,75.23529411764706,107,84
Zeta,2020,Oct,22089,77.61538461538461,61.15384615384615,81,64
Zeta,2020,Oct,22093,57.857142857142854,45.42857142857143,64,50
Zeta,2020,Oct,22095,66.27272727272727,52.09090909090909,69,54
Zeta,2020,Oct,22099,46,36,46,36
Zeta,2020,Oct,22101,48.77777777777778,38.333333333333336,56,44
Zeta,2020,Oct,22103,76.6896551724138,60.310344827586206,92,72
Zeta,2020,Oct,22105,49.206896551724135,38.6551724137931,59,46
Zeta,2020,Oct,22109,77.41176470588235,60.94117647058823,90,71
Zeta,2020,Oct,22117,57.38461538461539,45.23076923076923,67,53
Zeta,2020,Oct,28023,59.2,46.6,64,50
Zeta,2020,Oct,28031,47.4,37.4,53,42
Zeta,2020,Oct,28035,67.71428571428571,53.23809523809524,77,61
Zeta,2020,Oct,28039,96.66666666666667,76,101,79
Zeta,2020,Oct,28041,96.25,75.75,100,79
Zeta,2020,Oct,28045,98.88235294117646,77.82352941176471,105,83
Zeta,2020,Oct,28047,101.45679012345678,79.77777777777777,109,86
Zeta,2020,Oct,28059,84.52380952380952,66.4047619047619,96,75
Zeta,2020,Oct,28061,49.714285714285715,39.142857142857146,58,46
Zeta,2020,Oct,28065,43,33.5,46,36
Zeta,2020,Oct,28067,59.45,46.7,67,53
Zeta,2020,Oct,28073,63.588235294117645,50,72,57
Zeta,2020,Oct,28075,46.708333333333336,36.75,53,42
Zeta,2020,Oct,28091,49.833333333333336,39.166666666666664,55,43
Zeta,2020,Oct,28109,80.0625,63,86,68
Zeta,2020,Oct,28111,82,64.33333333333333,88,69
Zeta,2020,Oct,28129,44.5,35,46,36
Zeta,2020,Oct,28131,91.8,72,97,76
Zeta,2020,Oct,28147,43.75,34.25,50,39
Zeta,2020,Oct,28153,79.14285714285714,62.142857142857146,89,70
Ida,2021,Aug,22005,81.13793103448276,63.724137931034484,86,68
Ida,2021,Aug,22007,80,62.714285714285715,94,74
Ida,2021,Aug,22009,41.42857142857143,32.285714285714285,45,35
Ida,2021,Aug,22029,42.833333333333336,33.666666666666664,45,35
Ida,2021,Aug,22033,75.41666666666667,59.26851851851852,81,64
Ida,2021,Aug,22037,70,55,75,59
Ida,2021,Aug,22045,43.36363636363637,34.18181818181818,47,37
Ida,2021,Aug,22047,66.88888888888889,52.44444444444444,74,58
Ida,2021,Aug,22051,100.0079365079365,78.60317460317461,111,87
Ida,2021,Aug,22055,40.395348837209305,31.3953488372093,42,33
Ida,2021,Aug,22057,119.11538461538461,93.61538461538461,126,99
Ida,2021,Aug,22063,85.76470588235294,67.38235294117646,96,75
Ida,2021,Aug,22071,93.06010928961749,73.14754098360656,100,79
Ida,2021,Aug,22075,85.55555555555556,67.33333333333333,96,75
Ida,2021,Aug,22077,57,44.857142857142854,62,49
Ida,2021,Aug,22087,87.05882352941177,68.47058823529412,91,72
Ida,2021,Aug,22089,110.6923076923077,87.15384615384616,123,97
Ida,2021,Aug,22091,82,64.33333333333333,85,67
Ida,2021,Aug,22093,95.71428571428571,75.14285714285714,108,85
Ida,2021,Aug,22095,103,81.0909090909091,105,83
Ida,2021,Aug,22097,41.333333333333336,32.22222222222222,48,38
Ida,2021,Aug,22099,46.23529411764706,36.411764705882355,75,59
Ida,2021,Aug,22101,64.5,50.5,87,68
Ida,2021,Aug,22103,73.1896551724138,57.51724137931034,85,67
Ida,2021,Aug,22105,90.06451612903226,70.83870967741936,96,75
Ida,2021,Aug,22107,41,32,41,32
Ida,2021,Aug,22109,118.02941176470588,92.76470588235294,122,96
Ida,2021,Aug,22117,67.61538461538461,53.07692307692308,76,60
Ida,2021,Aug,22121,67.66666666666667,53.166666666666664,71,56
Ida,2021,Aug,22125,57.285714285714285,45,62,49
