y1_statefips,y2_statefips,y2_state,y2_state_name,n1,n2,AGI
01,96,AL,AL Total Migration-US and Foreign,47342,98079,2166615
01,97,AL,AL Total Migration-US,46500,96189,2126211
01,98,AL,AL Total Migration-Foreign,842,1890,40404
01,97,AL,AL Total Migration-Same State,56941,120358,2291807
01,01,AL,AL Non-migrants,1580065,3564148,91645908
01,13,GA,Georgia,8599,17877,337056
01,12,FL,Florida,6676,13270,270965
01,48,TX,Texas,5212,11506,285880
01,47,TN,Tennessee,3923,7996,176116
01,28,MS,Mississippi,2562,5364,101504
01,06,CA,California,1590,3007,79686
01,37,NC,North Carolina,1588,3353,79762
01,22,LA,Louisiana,1374,2793,67489
01,51,VA,Virginia,1258,2818,74468
01,45,SC,South Carolina,982,2073,56487
01,39,OH,Ohio,871,1825,41072
01,57,FR,Foreign,842,1890,40404
01,36,NY,New York,813,1481,29005
01,08,CO,Colorado,812,1647,37991
01,21,KY,Kentucky,752,1694,35117
01,26,MI,Michigan,715,1480,28884
01,17,IL,Illinois,712,1387,30007
01,18,IN,Indiana,617,1346,25336
01,29,MO,Missouri,601,1213,28736
01,53,WA,Washington,580,1257,28211
01,42,PA,Pennsylvania,507,996,28329
01,24,MD,Maryland,497,1003,28769
01,04,AZ,Arizona,472,966,23999
01,05,AR,Arkansas,463,960,21761
01,40,OK,Oklahoma,397,884,19150
01,20,KS,Kansas,341,790,16064
01,15,HI,Hawaii,275,608,12392
01,55,WI,Wisconsin,252,517,9930
01,32,NV,Nevada,249,480,9386
01,34,NJ,New Jersey,249,503,14101
01,25,MA,Massachusetts,229,405,10844
01,41,OR,Oregon,203,405,8982
01,02,AK,Alaska,193,413,8603
01,27,MN,Minnesota,182,394,8552
01,35,NM,New Mexico,170,348,8471
01,19,IA,Iowa,167,337,7358
01,49,UT,Utah,158,337,8952
01,09,CT,Connecticut,146,289,16503
01,31,NE,Nebraska,143,346,6256
01,54,WV,West Virginia,131,258,5898
01,11,DC,District Of Columbia,116,148,6270
01,38,ND,North Dakota,103,188,3691
01,30,MT,Montana,97,172,3560
01,16,ID,Idaho,89,216,3845
01,33,NH,New Hampshire,76,143,4334
01,56,WY,Wyoming,76,148,3028
01,10,DE,Delaware,75,144,3877
01,23,ME,Maine,72,136,3023
01,46,SD,South Dakota,62,128,2565
01,44,RI,Rhode Island,38,77,1798
01,50,VT,Vermont,35,63,2150
02,96,AK,AK Total Migration-US and Foreign,19096,39165,1026257
02,97,AK,AK Total Migration-US,18644,38222,1001349
02,98,AK,AK Total Migration-Foreign,452,943,24908
02,97,AK,AK Total Migration-Same State,6924,12930,376019
02,02,AK,AK Non-migrants,259665,547420,19728052
02,53,WA,Washington,2287,4378,126189
02,48,TX,Texas,1669,3746,102379
02,06,CA,California,1576,2980,67893
02,41,OR,Oregon,1050,1873,56646
02,12,FL,Florida,1036,2027,54412
02,04,AZ,Arizona,849,1640,51740
02,08,CO,Colorado,749,1544,43564
02,37,NC,North Carolina,562,1262,25764
02,13,GA,Georgia,536,1262,25961
02,16,ID,Idaho,463,999,28809
02,57,FR,Foreign,452,943,24908
02,32,NV,Nevada,447,849,29182
02,15,HI,Hawaii,443,1018,22429
02,51,VA,Virginia,434,1002,25014
02,36,NY,New York,390,745,17824
02,30,MT,Montana,371,706,23219
02,26,MI,Michigan,322,648,17436
02,27,MN,Minnesota,322,645,17749
02,49,UT,Utah,306,672,18167
02,39,OH,Ohio,286,581,12887
02,47,TN,Tennessee,274,650,15334
02,40,OK,Oklahoma,271,625,13363
02,29,MO,Missouri,259,589,13268
02,42,PA,Pennsylvania,256,480,11817
02,17,IL,Illinois,248,476,11385
02,01,AL,Alabama,226,512,10232
02,45,SC,South Carolina,224,534,10971
02,35,NM,New Mexico,223,466,12690
02,55,WI,Wisconsin,219,404,13343
02,22,LA,Louisiana,208,462,10445
02,20,KS,Kansas,207,552,10618
02,21,KY,Kentucky,176,393,8561
02,24,MD,Maryland,174,338,8063
02,18,IN,Indiana,163,355,7366
02,05,AR,Arkansas,135,294,7552
02,56,WY,Wyoming,130,282,11148
02,25,MA,Massachusetts,127,239,6262
02,38,ND,North Dakota,120,224,5835
02,34,NJ,New Jersey,119,217,4483
02,31,NE,Nebraska,108,238,6057
02,28,MS,Mississippi,104,232,4951
02,46,SD,South Dakota,104,237,5512
02,19,IA,Iowa,96,184,4700
02,23,ME,Maine,73,156,3777
02,09,CT,Connecticut,61,95,2698
02,54,WV,West Virginia,57,101,2203
02,33,NH,New Hampshire,52,98,3960
02,50,VT,Vermont,45,74,2747
02,10,DE,Delaware,33,59,1689
02,11,DC,District Of Columbia,33,47,2049
02,44,RI,Rhode Island,21,32,1004
04,96,AZ,AZ Total Migration-US and Foreign,85908,168291,4614097
04,97,AZ,AZ Total Migration-US,83740,163846,4509845
04,98,AZ,AZ Total Migration-Foreign,2168,4445,104251
04,97,AZ,AZ Total Migration-Same State,37532,77910,1577171
04,04,AZ,AZ Non-migrants,2165296,4860906,133659064
04,06,CA,California,16005,30216,843202
04,48,TX,Texas,9113,20296,552440
04,08,CO,Colorado,4722,8881,275112
04,53,WA,Washington,4654,8576,254472
04,12,FL,Florida,3533,6472,192942
04,32,NV,Nevada,3328,6694,178965
04,35,NM,New Mexico,3094,6974,125090
04,41,OR,Oregon,2763,5177,135999
04,17,IL,Illinois,2543,4437,136874
04,49,UT,Utah,2354,5677,111292
04,57,FR,Foreign,2168,4445,104251
04,36,NY,New York,2008,3339,126335
04,26,MI,Michigan,1891,3440,91054
04,39,OH,Ohio,1698,3165,81758
04,37,NC,North Carolina,1628,3392,95855
04,27,MN,Minnesota,1560,2814,91092
04,13,GA,Georgia,1404,2926,65047
04,51,VA,Virginia,1397,2790,88763
04,29,MO,Missouri,1241,2444,56170
04,55,WI,Wisconsin,1232,2168,64022
04,42,PA,Pennsylvania,1211,2223,66835
04,16,ID,Idaho,1159,2493,64382
04,18,IN,Indiana,1059,1986,52285
04,47,TN,Tennessee,1016,2037,62545
04,40,OK,Oklahoma,935,2008,42846
04,19,IA,Iowa,777,1436,35268
04,20,KS,Kansas,746,1557,39745
04,15,HI,Hawaii,732,1411,36054
04,30,MT,Montana,731,1344,38156
04,25,MA,Massachusetts,726,1241,42669
04,24,MD,Maryland,717,1396,41488
04,45,SC,South Carolina,713,1457,44330
04,34,NJ,New Jersey,680,1213,44733
04,31,NE,Nebraska,629,1242,31960
04,02,AK,Alaska,595,1131,29911
04,38,ND,North Dakota,544,1068,30588
04,21,KY,Kentucky,483,980,22963
04,56,WY,Wyoming,477,950,21710
04,01,AL,Alabama,472,938,26511
04,22,LA,Louisiana,471,925,22743
04,46,SD,South Dakota,449,826,31417
04,05,AR,Arkansas,436,901,21483
04,09,CT,Connecticut,390,674,23236
04,28,MS,Mississippi,245,495,10062
04,33,NH,New Hampshire,244,408,11915
04,23,ME,Maine,231,409,9320
04,54,WV,West Virginia,152,269,6994
04,11,DC,District Of Columbia,151,198,9318
04,10,DE,Delaware,140,272,6509
04,50,VT,Vermont,133,227,6574
04,44,RI,Rhode Island,128,253,8812
05,96,AR,AR Total Migration-US and Foreign,31587,65291,1407612
05,97,AR,AR Total Migration-US,31097,64183,1380100
05,98,AR,AR Total Migration-Foreign,490,1108,27512
05,97,AR,AR Total Migration-Same State,39706,82182,1450699
05,05,AR,AR Non-migrants,940560,2127015,54578020
05,48,TX,Texas,6844,14132,293225
05,40,OK,Oklahoma,2794,6000,105994
05,29,MO,Missouri,2646,5544,95948
05,47,TN,Tennessee,1783,3657,70631
05,12,FL,Florida,1712,3301,108500
05,06,CA,California,1562,3011,64488
05,22,LA,Louisiana,1284,2679,56956
05,28,MS,Mississippi,894,1932,39241
05,13,GA,Georgia,829,1807,34876
05,17,IL,Illinois,826,1663,37793
05,08,CO,Colorado,758,1472,37344
05,37,NC,North Carolina,595,1258,31476
05,20,KS,Kansas,570,1215,25162
05,04,AZ,Arizona,559,1134,22267
05,01,AL,Alabama,496,1097,25035
05,57,FR,Foreign,490,1108,27512
05,39,OH,Ohio,478,1014,26866
05,26,MI,Michigan,460,969,17513
05,53,WA,Washington,446,926,22503
05,51,VA,Virginia,419,856,21188
05,18,IN,Indiana,403,865,15460
05,36,NY,New York,348,591,15038
05,55,WI,Wisconsin,327,658,15948
05,21,KY,Kentucky,319,684,14938
05,42,PA,Pennsylvania,314,685,18035
05,45,SC,South Carolina,288,632,15018
05,19,IA,Iowa,278,584,7668
05,27,MN,Minnesota,269,543,15110
05,41,OR,Oregon,261,506,13279
05,35,NM,New Mexico,224,444,9241
05,32,NV,Nevada,223,439,8012
05,24,MD,Maryland,188,386,10848
05,31,NE,Nebraska,186,368,7634
05,34,NJ,New Jersey,167,340,10085
05,49,UT,Utah,151,336,8486
05,38,ND,North Dakota,137,301,6679
05,25,MA,Massachusetts,123,204,6825
05,15,HI,Hawaii,113,227,4534
05,02,AK,Alaska,112,231,4189
05,30,MT,Montana,102,215,3781
05,16,ID,Idaho,96,223,4915
05,56,WY,Wyoming,88,202,3808
05,46,SD,South Dakota,78,158,3549
05,54,WV,West Virginia,71,145,2892
05,09,CT,Connecticut,68,131,4854
05,11,DC,District Of Columbia,45,73,5121
05,23,ME,Maine,44,94,2693
05,10,DE,Delaware,39,90,699
05,33,NH,New Hampshire,32,72,1600
05,44,RI,Rhode Island,30,62,1651
05,50,VT,Vermont,18,27,507
06,96,CA,CA Total Migration-US and Foreign,268472,512732,21211090
06,97,CA,CA Total Migration-US,256157,487994,16826472
06,98,CA,CA Total Migration-Foreign,12315,24738,4384618
06,97,CA,CA Total Migration-Same State,443921,846369,28388559
06,06,CA,CA Non-migrants,13289353,30251074,1049004544
06,48,TX,Texas,33626,71321,2187995
06,32,NV,Nevada,20618,39337,1455453
06,04,AZ,Arizona,19302,37955,1091182
06,53,WA,Washington,18383,35225,1289415
06,41,OR,Oregon,14271,25666,842814
06,12,FL,Florida,12861,23517,1037140
06,36,NY,New York,12785,18277,1126318
06,57,FR,Foreign,12315,24738,4384618
06,08,CO,Colorado,10379,19280,668533
06,51,VA,Virginia,7138,14546,504143
06,17,IL,Illinois,7085,12385,482386
06,37,NC,North Carolina,6625,13657,429191
06,13,GA,Georgia,6584,13149,374988
06,15,HI,Hawaii,5770,10436,414777
06,49,UT,Utah,5441,12033,344516
06,25,MA,Massachusetts,4599,7258,413517
06,16,ID,Idaho,4213,8867,249970
06,42,PA,Pennsylvania,4195,7203,307732
06,47,TN,Tennessee,3941,7813,274381
06,39,OH,Ohio,3911,7203,244283
06,26,MI,Michigan,3833,6917,248238
06,24,MD,Maryland,3595,6706,241471
06,34,NJ,New Jersey,3553,6523,280692
06,29,MO,Missouri,3365,6664,177948
06,27,MN,Minnesota,2982,5519,212694
06,40,OK,Oklahoma,2804,5890,122150
06,35,NM,New Mexico,2751,5085,145654
06,18,IN,Indiana,2415,4694,127460
06,55,WI,Wisconsin,2287,4314,134084
06,45,SC,South Carolina,2239,4503,137930
06,22,LA,Louisiana,2232,3998,-115420
06,20,KS,Kansas,1977,4238,112166
06,30,MT,Montana,1748,3240,95209
06,09,CT,Connecticut,1699,2938,150118
06,05,AR,Arkansas,1635,3385,73193
06,02,AK,Alaska,1591,2853,71077
06,01,AL,Alabama,1567,3255,85024
06,21,KY,Kentucky,1468,2861,88332
06,11,DC,District Of Columbia,1414,1837,94576
06,19,IA,Iowa,1410,2692,66343
06,31,NE,Nebraska,1273,2552,65121
06,56,WY,Wyoming,983,1968,72831
06,28,MS,Mississippi,967,1988,42458
06,38,ND,North Dakota,904,1719,42096
06,46,SD,South Dakota,750,1429,38968
06,33,NH,New Hampshire,712,1171,130968
06,23,ME,Maine,617,1050,43392
06,44,RI,Rhode Island,599,1103,40110
06,10,DE,Delaware,363,650,24323
06,50,VT,Vermont,355,548,19461
06,54,WV,West Virginia,342,576,19068
08,96,CO,CO Total Migration-US and Foreign,78247,150099,4771198
08,97,CO,CO Total Migration-US,76317,146037,4647003
08,98,CO,CO Total Migration-Foreign,1930,4062,124196
08,97,CO,CO Total Migration-Same State,115258,212916,6032597
08,08,CO,CO Non-migrants,1845747,4000931,141163956
08,48,TX,Texas,9262,19432,616786
08,06,CA,California,8761,15681,608719
08,12,FL,Florida,4771,8840,462566
08,04,AZ,Arizona,4617,8816,275263
08,53,WA,Washington,2955,5563,167180
08,35,NM,New Mexico,2092,4077,97837
08,57,FR,Foreign,1930,4062,124196
08,17,IL,Illinois,1865,3175,101447
08,36,NY,New York,1842,2945,97290
08,56,WY,Wyoming,1831,3452,111570
08,51,VA,Virginia,1825,3759,117688
08,37,NC,North Carolina,1793,3638,96668
08,13,GA,Georgia,1789,3762,104181
08,41,OR,Oregon,1774,3046,91243
08,49,UT,Utah,1708,3756,97970
08,20,KS,Kansas,1670,3459,79540
08,32,NV,Nevada,1605,2966,108395
08,31,NE,Nebraska,1530,3050,69656
08,29,MO,Missouri,1520,2918,72120
08,40,OK,Oklahoma,1483,2974,72888
08,26,MI,Michigan,1424,2577,71238
08,27,MN,Minnesota,1351,2375,84004
08,39,OH,Ohio,1298,2485,67682
08,42,PA,Pennsylvania,1186,2198,66344
08,47,TN,Tennessee,1123,2222,64767
08,55,WI,Wisconsin,1057,1916,56332
08,30,MT,Montana,917,1698,48445
08,16,ID,Idaho,909,1916,50887
08,19,IA,Iowa,908,1703,45469
08,25,MA,Massachusetts,877,1448,61390
08,15,HI,Hawaii,870,1670,45308
08,24,MD,Maryland,863,1656,57313
08,18,IN,Indiana,839,1603,45604
08,45,SC,South Carolina,806,1598,42248
08,22,LA,Louisiana,745,1412,37158
08,46,SD,South Dakota,685,1289,35219
08,02,AK,Alaska,626,1238,35814
08,01,AL,Alabama,623,1355,36355
08,38,ND,North Dakota,622,1222,34183
08,34,NJ,New Jersey,581,1078,38371
08,21,KY,Kentucky,574,1187,29163
08,05,AR,Arkansas,555,1159,27444
08,28,MS,Mississippi,399,728,14569
08,09,CT,Connecticut,387,641,20225
08,33,NH,New Hampshire,270,482,15627
08,11,DC,District Of Columbia,256,340,17596
08,23,ME,Maine,255,440,17176
08,50,VT,Vermont,205,319,9096
08,54,WV,West Virginia,174,358,9703
08,44,RI,Rhode Island,130,225,6993
08,10,DE,Delaware,109,190,6273
09,96,CT,CT Total Migration-US and Foreign,46692,81456,4353517
09,97,CT,CT Total Migration-US,45425,78918,4209107
09,98,CT,CT Total Migration-Foreign,1267,2538,144410
09,97,CT,CT Total Migration-Same State,27398,44934,1504894
09,09,CT,CT Non-migrants,1367357,2841561,139913856
09,36,NY,New York,8099,12697,867192
09,12,FL,Florida,7152,12949,658900
09,25,MA,Massachusetts,4866,7529,364054
09,06,CA,California,2720,4422,261668
09,48,TX,Texas,2132,4219,309565
09,37,NC,North Carolina,2048,4143,161948
09,34,NJ,New Jersey,1668,2985,204465
09,42,PA,Pennsylvania,1345,2421,97824
09,51,VA,Virginia,1315,2378,90523
09,57,FR,Foreign,1267,2538,144410
09,45,SC,South Carolina,1254,2431,134271
09,13,GA,Georgia,1234,2453,125286
09,44,RI,Rhode Island,1199,1936,78236
09,24,MD,Maryland,887,1514,61608
09,33,NH,New Hampshire,711,1252,92222
09,23,ME,Maine,667,1114,43443
09,08,CO,Colorado,665,1058,55457
09,17,IL,Illinois,663,1186,73162
09,04,AZ,Arizona,597,1034,45775
09,39,OH,Ohio,582,1098,47406
09,53,WA,Washington,544,990,56028
09,50,VT,Vermont,461,728,32931
09,47,TN,Tennessee,435,849,34937
09,26,MI,Michigan,367,688,30156
09,11,DC,District Of Columbia,323,381,23655
09,15,HI,Hawaii,273,489,14332
09,18,IN,Indiana,243,482,17546
09,29,MO,Missouri,236,445,19133
09,27,MN,Minnesota,229,443,21387
09,41,OR,Oregon,217,353,13288
09,32,NV,Nevada,210,343,15434
09,55,WI,Wisconsin,209,391,16448
09,22,LA,Louisiana,200,353,10691
09,01,AL,Alabama,182,358,10925
09,21,KY,Kentucky,163,314,7991
09,10,DE,Delaware,163,303,12803
09,49,UT,Utah,123,254,19240
09,40,OK,Oklahoma,123,252,7726
09,35,NM,New Mexico,118,210,10769
09,20,KS,Kansas,116,245,10004
09,05,AR,Arkansas,91,184,9186
09,19,IA,Iowa,91,160,6265
09,02,AK,Alaska,82,128,3562
09,28,MS,Mississippi,72,137,3779
09,54,WV,West Virginia,66,110,3401
09,30,MT,Montana,57,80,4699
09,16,ID,Idaho,56,121,3629
09,56,WY,Wyoming,50,81,8807
09,31,NE,Nebraska,50,102,2760
09,46,SD,South Dakota,39,79,2323
09,38,ND,North Dakota,32,46,2264
10,96,DE,DE Total Migration-US and Foreign,14595,27294,913744
10,97,DE,DE Total Migration-US,14287,26678,894131
10,98,DE,DE Total Migration-Foreign,308,616,19613
10,97,DE,DE Total Migration-Same State,3529,6645,161147
10,10,DE,DE Non-migrants,340178,714061,23001810
10,42,PA,Pennsylvania,3154,5776,198261
10,24,MD,Maryland,2502,4647,117718
10,12,FL,Florida,1271,2313,84772
10,34,NJ,New Jersey,1000,1749,52773
10,36,NY,New York,698,1135,38214
10,48,TX,Texas,690,1463,37304
10,51,VA,Virginia,689,1271,38796
10,37,NC,North Carolina,520,1018,30687
10,06,CA,California,512,970,33376
10,13,GA,Georgia,385,861,17228
10,57,FR,Foreign,308,616,19613
10,45,SC,South Carolina,233,449,15506
10,39,OH,Ohio,186,345,9167
10,25,MA,Massachusetts,169,274,18851
10,17,IL,Illinois,163,311,11434
10,47,TN,Tennessee,155,372,6643
10,53,WA,Washington,148,265,7966
10,04,AZ,Arizona,141,267,7667
10,09,CT,Connecticut,130,235,9590
10,08,CO,Colorado,130,205,7634
10,11,DC,District Of Columbia,106,131,7018
10,26,MI,Michigan,105,220,68016
10,29,MO,Missouri,81,156,3575
10,18,IN,Indiana,81,135,4005
10,21,KY,Kentucky,78,205,3884
10,55,WI,Wisconsin,71,188,5177
10,32,NV,Nevada,69,118,4051
10,54,WV,West Virginia,59,112,2729
10,15,HI,Hawaii,59,110,2502
10,41,OR,Oregon,58,93,2763
10,01,AL,Alabama,58,102,2771
10,22,LA,Louisiana,50,86,3374
10,40,OK,Oklahoma,46,88,2377
10,27,MN,Minnesota,42,96,5066
10,19,IA,Iowa,41,94,2238
10,35,NM,New Mexico,40,77,1780
10,23,ME,Maine,40,75,12150
10,33,NH,New Hampshire,38,81,2556
10,49,UT,Utah,38,83,2261
10,20,KS,Kansas,30,53,1410
10,05,AR,Arkansas,29,59,1378
10,28,MS,Mississippi,28,73,1591
10,31,NE,Nebraska,26,50,1095
10,02,AK,Alaska,25,69,1138
10,44,RI,Rhode Island,23,40,1176
10,50,VT,Vermont,18,24,683
10,56,WY,Wyoming,16,33,618
10,30,MT,Montana,15,32,631
10,16,ID,Idaho,15,29,620
10,38,ND,North Dakota,14,19,648
10,46,SD,South Dakota,12,21,1264
11,96,DC,DC Total Migration-US and Foreign,28166,42996,2249773
11,97,DC,DC Total Migration-US,27497,41846,2183567
11,98,DC,DC Total Migration-Foreign,669,1150,66207
11,11,DC,DC Non-migrants,243375,410534,23194955
11,24,MD,Maryland,9132,16311,561171
11,51,VA,Virginia,5039,7486,469718
11,06,CA,California,1954,2529,174734
11,36,NY,New York,1951,2303,157071
11,48,TX,Texas,975,1483,73253
11,12,FL,Florida,841,1176,142207
11,37,NC,North Carolina,713,1036,45416
11,42,PA,Pennsylvania,702,935,50408
11,25,MA,Massachusetts,693,853,50694
11,57,FR,Foreign,669,1150,66207
11,17,IL,Illinois,604,746,44711
11,13,GA,Georgia,440,684,29488
11,34,NJ,New Jersey,406,545,32556
11,53,WA,Washington,356,552,33974
11,08,CO,Colorado,337,454,37888
11,39,OH,Ohio,287,413,22416
11,26,MI,Michigan,265,357,18922
11,09,CT,Connecticut,224,277,20443
11,45,SC,South Carolina,182,292,23351
11,41,OR,Oregon,172,229,12638
11,47,TN,Tennessee,169,236,12725
11,27,MN,Minnesota,145,206,9804
11,04,AZ,Arizona,143,213,10423
11,18,IN,Indiana,126,164,9276
11,22,LA,Louisiana,124,172,8622
11,29,MO,Missouri,116,157,8320
11,10,DE,Delaware,105,156,11319
11,55,WI,Wisconsin,104,140,7449
11,21,KY,Kentucky,90,128,9213
11,35,NM,New Mexico,87,144,9916
11,32,NV,Nevada,81,106,5293
11,54,WV,West Virginia,77,116,6220
11,01,AL,Alabama,70,92,4802
11,23,ME,Maine,69,100,7636
11,15,HI,Hawaii,69,99,4697
11,40,OK,Oklahoma,67,105,4663
11,44,RI,Rhode Island,66,97,5927
11,33,NH,New Hampshire,65,88,5180
11,50,VT,Vermont,61,79,5530
11,19,IA,Iowa,59,85,3601
11,49,UT,Utah,49,81,11824
11,20,KS,Kansas,47,62,2868
11,28,MS,Mississippi,44,79,2309
11,05,AR,Arkansas,42,59,1979
11,31,NE,Nebraska,33,55,1822
11,30,MT,Montana,29,43,2915
11,02,AK,Alaska,27,35,2734
11,16,ID,Idaho,22,31,1163
11,46,SD,South Dakota,14,20,1050
11,56,WY,Wyoming,14,20,2595
11,38,ND,North Dakota,10,17,635
12,96,FL,FL Total Migration-US and Foreign,239441,434785,11899134
12,97,FL,FL Total Migration-US,231747,419830,11497299
12,98,FL,FL Total Migration-Foreign,7694,14955,401835
12,97,FL,FL Total Migration-Same State,284041,521873,12821196
12,12,FL,FL Non-migrants,7012089,14290558,443375777
12,48,TX,Texas,30860,57583,1117627
12,13,GA,Georgia,20190,39356,881612
12,36,NY,New York,18075,29527,889684
12,06,CA,California,13472,23381,756166
12,37,NC,North Carolina,12949,24493,645725
12,51,VA,Virginia,9190,17834,514839
12,42,PA,Pennsylvania,7825,13646,409002
12,39,OH,Ohio,7808,13613,390464
12,57,FR,Foreign,7694,14955,401835
12,47,TN,Tennessee,7649,14676,511635
12,34,NJ,New Jersey,7132,12290,421859
12,26,MI,Michigan,6645,11489,318433
12,17,IL,Illinois,6597,11124,436339
12,25,MA,Massachusetts,6387,10578,364280
12,01,AL,Alabama,6090,12339,278312
12,45,SC,South Carolina,5737,11061,294398
12,08,CO,Colorado,5411,9470,282032
12,24,MD,Maryland,4842,8622,289163
12,18,IN,Indiana,4354,7889,201048
12,53,WA,Washington,3956,7066,198305
12,04,AZ,Arizona,3383,5882,169818
12,09,CT,Connecticut,3277,5624,201204
12,21,KY,Kentucky,3202,6011,151217
12,22,LA,Louisiana,3011,5611,133640
12,29,MO,Missouri,2811,5139,143217
12,55,WI,Wisconsin,2483,4319,132202
12,32,NV,Nevada,2443,4161,116268
12,27,MN,Minnesota,1978,3426,138398
12,28,MS,Mississippi,1875,3664,67280
12,40,OK,Oklahoma,1690,3198,70746
12,33,NH,New Hampshire,1524,2581,65208
12,23,ME,Maine,1494,2500,70348
12,41,OR,Oregon,1488,2478,66542
12,15,HI,Hawaii,1404,2662,47729
12,20,KS,Kansas,1351,2563,80516
12,05,AR,Arkansas,1322,2617,65163
12,54,WV,West Virginia,1152,2088,59798
12,44,RI,Rhode Island,1120,1912,59105
12,35,NM,New Mexico,1105,1998,50010
12,19,IA,Iowa,1090,2033,51450
12,11,DC,District Of Columbia,943,1253,55400
12,49,UT,Utah,942,1941,60050
12,02,AK,Alaska,830,1568,34816
12,10,DE,Delaware,783,1416,43901
12,31,NE,Nebraska,781,1453,29744
12,50,VT,Vermont,648,1078,29354
12,38,ND,North Dakota,606,1210,25710
12,16,ID,Idaho,494,977,21761
12,30,MT,Montana,485,890,21532
12,56,WY,Wyoming,446,807,15696
12,46,SD,South Dakota,417,733,18552
13,96,GA,GA Total Migration-US and Foreign,123110,250183,6206337
13,97,GA,GA Total Migration-US,120374,244219,6039615
13,98,GA,GA Total Migration-Foreign,2736,5964,166723
13,97,GA,GA Total Migration-Same State,202213,418020,8676477
13,13,GA,GA Non-migrants,3174161,7298243,201576251
13,12,FL,Florida,20131,40056,1170364
13,48,TX,Texas,16324,34827,635163
13,01,AL,Alabama,7835,16672,327510
13,45,SC,South Carolina,7331,14948,402846
13,37,NC,North Carolina,7206,14538,354487
13,47,TN,Tennessee,7002,14196,339745
13,06,CA,California,6272,11996,405198
13,36,NY,New York,4606,8464,223107
13,51,VA,Virginia,4255,8749,228294
13,57,FR,Foreign,2736,5964,166723
13,39,OH,Ohio,2713,5518,125795
13,17,IL,Illinois,2497,4798,138551
13,24,MD,Maryland,2163,4165,102955
13,08,CO,Colorado,2144,4287,114226
13,42,PA,Pennsylvania,2139,4267,111590
13,53,WA,Washington,1997,4195,104857
13,22,LA,Louisiana,1995,4089,81213
13,26,MI,Michigan,1929,3817,75792
13,34,NJ,New Jersey,1644,3115,87349
13,21,KY,Kentucky,1513,3246,63433
13,04,AZ,Arizona,1448,3050,75548
13,28,MS,Mississippi,1439,3056,55603
13,18,IN,Indiana,1368,2877,54933
13,29,MO,Missouri,1352,2734,64783
13,25,MA,Massachusetts,1230,2191,74717
13,40,OK,Oklahoma,900,2063,36867
13,20,KS,Kansas,854,1977,42878
13,32,NV,Nevada,790,1565,61583
13,27,MN,Minnesota,752,1539,42975
13,55,WI,Wisconsin,727,1461,37084
13,15,HI,Hawaii,726,1703,30794
13,09,CT,Connecticut,714,1397,50470
13,05,AR,Arkansas,691,1459,33379
13,41,OR,Oregon,609,1145,31669
13,11,DC,District Of Columbia,501,697,29484
13,02,AK,Alaska,478,1065,19227
13,19,IA,Iowa,455,1026,16432
13,49,UT,Utah,452,1098,28446
13,35,NM,New Mexico,420,793,20236
13,38,ND,North Dakota,377,740,19071
13,54,WV,West Virginia,335,673,18391
13,31,NE,Nebraska,300,631,11975
13,10,DE,Delaware,263,510,11325
13,33,NH,New Hampshire,235,436,16349
13,23,ME,Maine,231,430,13714
13,16,ID,Idaho,217,458,11827
13,30,MT,Montana,192,380,10015
13,44,RI,Rhode Island,192,371,10203
13,56,WY,Wyoming,190,326,6945
13,46,SD,South Dakota,135,252,6346
13,50,VT,Vermont,105,173,3869
15,96,HI,HI Total Migration-US and Foreign,27228,57999,1362154
15,97,HI,HI Total Migration-US,25941,55181,1295554
15,98,HI,HI Total Migration-Foreign,1287,2818,66600
15,97,HI,HI Total Migration-Same State,3261,5803,139952
15,15,HI,HI Non-migrants,529559,1087217,32920808
15,06,CA,California,5204,9716,257118
15,48,TX,Texas,2255,5311,114094
15,53,WA,Washington,2036,4327,102747
15,12,FL,Florida,1337,2757,74372
15,57,FR,Foreign,1287,2818,66600
15,32,NV,Nevada,1212,2418,56048
15,51,VA,Virginia,1154,2981,70943
15,08,CO,Colorado,916,1930,47342
15,41,OR,Oregon,899,1669,38742
15,13,GA,Georgia,834,2116,40225
15,04,AZ,Arizona,830,1682,40864
15,37,NC,North Carolina,759,1916,37443
15,36,NY,New York,659,1232,28088
15,24,MD,Maryland,521,1237,31118
15,17,IL,Illinois,461,853,23281
15,49,UT,Utah,418,1049,20835
15,47,TN,Tennessee,382,881,17646
15,42,PA,Pennsylvania,374,714,19524
15,39,OH,Ohio,370,813,17511
15,29,MO,Missouri,366,874,18267
15,26,MI,Michigan,344,646,13809
15,02,AK,Alaska,344,766,16574
15,45,SC,South Carolina,326,772,16255
15,01,AL,Alabama,305,825,15852
15,20,KS,Kansas,276,714,12865
15,40,OK,Oklahoma,240,596,11555
15,25,MA,Massachusetts,227,379,17856
15,27,MN,Minnesota,219,392,10038
15,34,NJ,New Jersey,218,388,10809
15,21,KY,Kentucky,218,560,8259
15,18,IN,Indiana,211,476,9016
15,22,LA,Louisiana,202,493,9400
15,35,NM,New Mexico,185,357,9190
15,55,WI,Wisconsin,182,346,8210
15,16,ID,Idaho,182,355,7165
15,09,CT,Connecticut,156,321,8183
15,19,IA,Iowa,130,244,5604
15,05,AR,Arkansas,130,307,4700
15,31,NE,Nebraska,106,246,5332
15,28,MS,Mississippi,106,236,4439
15,30,MT,Montana,99,193,4978
15,44,RI,Rhode Island,84,172,5414
15,23,ME,Maine,82,171,4341
15,11,DC,District Of Columbia,75,129,5316
15,33,NH,New Hampshire,74,130,3651
15,54,WV,West Virginia,50,112,2573
15,38,ND,North Dakota,45,107,1756
15,56,WY,Wyoming,45,108,2221
15,46,SD,South Dakota,37,72,1685
15,50,VT,Vermont,29,48,1015
15,10,DE,Delaware,27,44,1285
16,96,ID,ID Total Migration-US and Foreign,22648,47207,1014590
16,97,ID,ID Total Migration-US,22253,46348,995340
16,98,ID,ID Total Migration-Foreign,395,859,19250
16,97,ID,ID Total Migration-Same State,18731,40976,669129
16,16,ID,ID Non-migrants,529688,1254566,30161059
16,53,WA,Washington,4258,8276,180417
16,06,CA,California,2464,4631,102760
16,49,UT,Utah,2320,5367,91760
16,41,OR,Oregon,2154,4410,89650
16,48,TX,Texas,1151,2651,60287
16,04,AZ,Arizona,1099,2407,56081
16,30,MT,Montana,865,1738,37306
16,32,NV,Nevada,862,1920,40332
16,08,CO,Colorado,836,1686,37967
16,56,WY,Wyoming,549,1265,25286
16,38,ND,North Dakota,498,1083,28788
16,12,FL,Florida,477,988,26149
16,57,FR,Foreign,395,859,19250
16,02,AK,Alaska,305,642,16262
16,37,NC,North Carolina,250,535,15249
16,51,VA,Virginia,244,535,11132
16,17,IL,Illinois,221,425,11000
16,29,MO,Missouri,213,509,8858
16,36,NY,New York,209,376,12124
16,13,GA,Georgia,207,435,9004
16,35,NM,New Mexico,205,428,9764
16,27,MN,Minnesota,204,413,9680
16,40,OK,Oklahoma,185,401,6479
16,15,HI,Hawaii,185,356,7695
16,39,OH,Ohio,173,399,6012
16,26,MI,Michigan,171,323,7088
16,55,WI,Wisconsin,169,322,8145
16,47,TN,Tennessee,158,355,8925
16,42,PA,Pennsylvania,147,283,5238
16,20,KS,Kansas,130,300,4802
16,19,IA,Iowa,123,283,5367
16,45,SC,South Carolina,118,305,6151
16,18,IN,Indiana,109,233,4786
16,31,NE,Nebraska,108,250,3903
16,46,SD,South Dakota,99,191,4300
16,05,AR,Arkansas,86,179,3025
16,21,KY,Kentucky,85,195,4548
16,24,MD,Maryland,81,194,6091
16,25,MA,Massachusetts,80,134,3838
16,22,LA,Louisiana,69,134,2775
16,01,AL,Alabama,68,159,2682
16,28,MS,Mississippi,62,130,2356
16,34,NJ,New Jersey,56,109,2531
16,09,CT,Connecticut,47,88,2213
16,23,ME,Maine,27,54,1330
16,11,DC,District Of Columbia,26,34,1141
16,33,NH,New Hampshire,25,53,1090
16,54,WV,West Virginia,22,51,770
16,50,VT,Vermont,21,48,736
16,10,DE,Delaware,20,40,936
16,44,RI,Rhode Island,12,25,530
17,96,IL,IL Total Migration-US and Foreign,134606,252389,9828056
17,97,IL,IL Total Migration-US,131620,246494,9577496
17,98,IL,IL Total Migration-Foreign,2986,5895,250560
17,97,IL,IL Total Migration-Same State,139058,265156,7441934
17,17,IL,IL Non-migrants,4781478,10554965,360148383
17,48,TX,Texas,12428,25998,798497
17,12,FL,Florida,11812,21776,1719602
17,06,CA,California,11050,18919,1063202
17,18,IN,Indiana,10812,21754,527679
17,55,WI,Wisconsin,8998,16836,486634
17,29,MO,Missouri,8056,14231,386780
17,26,MI,Michigan,5059,9292,378995
17,04,AZ,Arizona,4945,9217,346863
17,19,IA,Iowa,4838,9277,218862
17,13,GA,Georgia,3977,8228,262847
17,08,CO,Colorado,3934,6547,238174
17,36,NY,New York,3844,5620,309629
17,47,TN,Tennessee,3514,6962,222147
17,39,OH,Ohio,3439,6364,242193
17,37,NC,North Carolina,3112,6219,236002
17,57,FR,Foreign,2986,5895,250560
17,27,MN,Minnesota,2712,5077,165627
17,51,VA,Virginia,2571,4929,175073
17,53,WA,Washington,2465,4473,175518
17,21,KY,Kentucky,1952,3888,92784
17,42,PA,Pennsylvania,1872,3392,152950
17,32,NV,Nevada,1601,2855,95543
17,25,MA,Massachusetts,1451,2307,142301
17,34,NJ,New Jersey,1413,2628,129913
17,45,SC,South Carolina,1340,2742,116599
17,24,MD,Maryland,1222,2155,88184
17,41,OR,Oregon,1104,1791,65369
17,05,AR,Arkansas,1084,2170,56683
17,20,KS,Kansas,1033,2063,64169
17,01,AL,Alabama,990,2008,51869
17,22,LA,Louisiana,929,1687,42071
17,28,MS,Mississippi,899,1839,35120
17,40,OK,Oklahoma,881,1798,41095
17,31,NE,Nebraska,690,1392,36840
17,11,DC,District Of Columbia,619,784,53944
17,09,CT,Connecticut,609,1143,65255
17,49,UT,Utah,595,1249,52947
17,15,HI,Hawaii,535,911,25650
17,35,NM,New Mexico,529,933,30496
17,38,ND,North Dakota,350,663,15365
17,30,MT,Montana,310,548,19199
17,02,AK,Alaska,281,472,14628
17,16,ID,Idaho,265,580,17195
17,46,SD,South Dakota,262,530,30467
17,56,WY,Wyoming,234,410,16017
17,33,NH,New Hampshire,222,414,23018
17,23,ME,Maine,176,314,10724
17,44,RI,Rhode Island,175,313,12031
17,10,DE,Delaware,172,323,10407
17,54,WV,West Virginia,166,314,7768
17,50,VT,Vermont,93,159,6571
18,96,IN,IN Total Migration-US and Foreign,61215,117624,3128768
18,97,IN,IN Total Migration-US,60376,115965,3081871
18,98,IN,IN Total Migration-Foreign,839,1659,46897
18,97,IN,IN Total Migration-Same State,92178,177611,3843391
18,18,IN,IN Non-migrants,2366933,5251982,141994949
18,17,IL,Illinois,8146,15170,358321
18,12,FL,Florida,6708,12731,455692
18,21,KY,Kentucky,4895,9205,185442
18,39,OH,Ohio,4586,8671,214031
18,48,TX,Texas,4555,9533,212199
18,26,MI,Michigan,3860,7689,205603
18,06,CA,California,2998,5426,166844
18,47,TN,Tennessee,2179,4376,107280
18,13,GA,Georgia,1812,3767,91855
18,37,NC,North Carolina,1640,3293,107060
18,04,AZ,Arizona,1488,2836,84425
18,08,CO,Colorado,1422,2468,71426
18,29,MO,Missouri,1241,2466,67858
18,51,VA,Virginia,1086,2038,59139
18,36,NY,New York,1074,1818,53076
18,55,WI,Wisconsin,1004,1885,47519
18,45,SC,South Carolina,949,1906,57439
18,42,PA,Pennsylvania,898,1713,52512
18,53,WA,Washington,884,1610,47560
18,57,FR,Foreign,839,1659,46897
18,01,AL,Alabama,705,1488,31889
18,27,MN,Minnesota,697,1367,43391
18,32,NV,Nevada,552,1009,17988
18,24,MD,Maryland,525,968,28198
18,19,IA,Iowa,508,1093,23620
18,41,OR,Oregon,458,794,22235
18,22,LA,Louisiana,434,833,18084
18,34,NJ,New Jersey,430,788,29822
18,20,KS,Kansas,413,887,19942
18,40,OK,Oklahoma,409,895,17474
18,25,MA,Massachusetts,396,665,23210
18,28,MS,Mississippi,382,792,15024
18,05,AR,Arkansas,353,724,13761
18,35,NM,New Mexico,259,472,13999
18,49,UT,Utah,258,586,15285
18,09,CT,Connecticut,226,376,13047
18,31,NE,Nebraska,221,426,9229
18,15,HI,Hawaii,196,356,8957
18,54,WV,West Virginia,195,372,8132
18,38,ND,North Dakota,185,378,9199
18,16,ID,Idaho,160,345,8554
18,11,DC,District Of Columbia,149,187,6728
18,02,AK,Alaska,131,232,4337
18,46,SD,South Dakota,128,260,6725
18,30,MT,Montana,125,243,5713
18,56,WY,Wyoming,94,207,4631
18,33,NH,New Hampshire,94,175,5422
18,23,ME,Maine,86,149,3841
18,10,DE,Delaware,73,124,3741
18,44,RI,Rhode Island,63,110,3050
18,50,VT,Vermont,46,63,1364
19,96,IA,IA Total Migration-US and Foreign,31423,58970,1584455
19,97,IA,IA Total Migration-US,31043,58259,1562244
19,98,IA,IA Total Migration-Foreign,380,711,22211
19,97,IA,IA Total Migration-Same State,39891,73246,1747833
19,19,IA,IA Non-migrants,1129210,2472022,74456984
19,17,IL,Illinois,3864,7010,159753
19,31,NE,Nebraska,2977,5703,126746
19,27,MN,Minnesota,2361,4199,110919
19,48,TX,Texas,2260,4628,111533
19,29,MO,Missouri,1756,3418,88325
19,12,FL,Florida,1632,3018,133110
19,06,CA,California,1513,2624,68481
19,08,CO,Colorado,1427,2366,63588
19,55,WI,Wisconsin,1418,2587,66473
19,04,AZ,Arizona,1107,1994,67983
19,46,SD,South Dakota,1056,1980,53912
19,20,KS,Kansas,730,1406,39697
19,37,NC,North Carolina,603,1202,35022
19,53,WA,Washington,580,1088,28631
19,26,MI,Michigan,552,1115,29450
19,18,IN,Indiana,531,1074,36710
19,13,GA,Georgia,509,1039,24396
19,47,TN,Tennessee,442,864,22572
19,36,NY,New York,438,741,26435
19,39,OH,Ohio,420,863,21903
19,51,VA,Virginia,401,779,23467
19,57,FR,Foreign,380,711,22211
19,40,OK,Oklahoma,348,691,14223
19,42,PA,Pennsylvania,318,598,18928
19,41,OR,Oregon,312,563,15834
19,32,NV,Nevada,286,553,14352
19,05,AR,Arkansas,278,581,11631
19,45,SC,South Carolina,245,494,12744
19,21,KY,Kentucky,226,445,9934
19,38,ND,North Dakota,223,437,10841
19,24,MD,Maryland,200,359,10034
19,49,UT,Utah,196,433,9256
19,22,LA,Louisiana,185,374,8169
19,01,AL,Alabama,180,364,9258
19,30,MT,Montana,156,290,11395
19,35,NM,New Mexico,145,273,5341
19,16,ID,Idaho,138,277,7532
19,25,MA,Massachusetts,134,223,8715
19,28,MS,Mississippi,127,284,5621
19,34,NJ,New Jersey,121,204,6943
19,56,WY,Wyoming,105,201,6960
19,02,AK,Alaska,102,182,4096
19,15,HI,Hawaii,95,166,3884
19,09,CT,Connecticut,80,138,4018
19,11,DC,District Of Columbia,61,77,3009
19,33,NH,New Hampshire,46,78,2064
19,54,WV,West Virginia,42,70,1705
19,23,ME,Maine,39,65,1917
19,44,RI,Rhode Island,33,52,1986
19,10,DE,Delaware,23,44,1495
19,50,VT,Vermont,22,45,1252
20,96,KS,KS Total Migration-US and Foreign,42343,86832,2139945
20,97,KS,KS Total Migration-US,41540,84866,2088933
20,98,KS,KS Total Migration-Foreign,803,1966,51013
20,97,KS,KS Total Migration-Same State,33599,65088,1335644
20,20,KS,KS Non-migrants,1019161,2283692,70180836
20,29,MO,Missouri,9637,17531,411823
20,48,TX,Texas,5055,11160,271840
20,40,OK,Oklahoma,2834,6093,157504
20,08,CO,Colorado,2542,5072,117366
20,06,CA,California,2136,4130,102586
20,12,FL,Florida,1922,3838,122663
20,31,NE,Nebraska,1271,2611,59828
20,04,AZ,Arizona,1042,2107,61386
20,13,GA,Georgia,1021,2418,53944
20,53,WA,Washington,932,2022,50543
20,17,IL,Illinois,928,1824,54147
20,37,NC,North Carolina,838,1945,45304
20,57,FR,Foreign,803,1966,51013
20,19,IA,Iowa,721,1468,41845
20,51,VA,Virginia,683,1580,40773
20,05,AR,Arkansas,648,1406,30330
20,36,NY,New York,626,1264,29747
20,47,TN,Tennessee,606,1344,28604
20,39,OH,Ohio,547,1139,26855
20,27,MN,Minnesota,518,1029,28248
20,26,MI,Michigan,478,929,21513
20,18,IN,Indiana,437,967,20681
20,42,PA,Pennsylvania,418,898,22795
20,41,OR,Oregon,407,708,19320
20,32,NV,Nevada,382,727,17893
20,35,NM,New Mexico,376,800,15501
20,45,SC,South Carolina,357,781,23536
20,21,KY,Kentucky,330,759,16607
20,01,AL,Alabama,324,792,15904
20,55,WI,Wisconsin,323,673,17766
20,22,LA,Louisiana,302,658,12682
20,15,HI,Hawaii,289,746,13594
20,24,MD,Maryland,282,620,14944
20,49,UT,Utah,262,611,11474
20,46,SD,South Dakota,222,427,11356
20,34,NJ,New Jersey,213,403,12011
20,25,MA,Massachusetts,189,362,13761
20,28,MS,Mississippi,178,405,7950
20,56,WY,Wyoming,171,358,8821
20,02,AK,Alaska,168,406,7734
20,38,ND,North Dakota,165,315,7537
20,16,ID,Idaho,142,345,7257
20,30,MT,Montana,131,269,7056
20,09,CT,Connecticut,100,210,7072
20,54,WV,West Virginia,85,181,3637
20,11,DC,District Of Columbia,67,82,3338
20,23,ME,Maine,67,130,4151
20,44,RI,Rhode Island,53,104,2183
20,33,NH,New Hampshire,51,94,2953
20,10,DE,Delaware,37,72,1500
20,50,VT,Vermont,27,53,1072
21,96,KY,KY Total Migration-US and Foreign,44907,91819,2198827
21,97,KY,KY Total Migration-US,44300,90432,2173714
21,98,KY,KY Total Migration-Foreign,607,1387,25112
21,97,KY,KY Total Migration-Same State,57376,116778,2150371
21,21,KY,KY Non-migrants,1463477,3234079,83315857
21,39,OH,Ohio,5834,10967,277914
21,47,TN,Tennessee,5366,11376,229620
21,18,IN,Indiana,5116,10101,208555
21,12,FL,Florida,4396,8424,300321
21,48,TX,Texas,3054,6891,155060
21,13,GA,Georgia,1856,4182,95562
21,17,IL,Illinois,1520,2900,63844
21,06,CA,California,1500,2750,80245
21,37,NC,North Carolina,1473,3202,77032
21,51,VA,Virginia,1068,2218,50748
21,26,MI,Michigan,1022,2077,42669
21,45,SC,South Carolina,870,1922,44778
21,01,AL,Alabama,845,1874,37869
21,36,NY,New York,803,1546,39073
21,29,MO,Missouri,793,1667,35312
21,08,CO,Colorado,764,1626,35819
21,54,WV,West Virginia,683,1513,27495
21,42,PA,Pennsylvania,667,1269,33128
21,53,WA,Washington,610,1308,27277
21,57,FR,Foreign,607,1387,25112
21,04,AZ,Arizona,555,1112,28517
21,24,MD,Maryland,421,839,19836
21,22,LA,Louisiana,390,829,17084
21,55,WI,Wisconsin,360,759,16840
21,40,OK,Oklahoma,334,801,13303
21,20,KS,Kansas,330,795,13542
21,28,MS,Mississippi,315,726,14607
21,05,AR,Arkansas,293,658,13345
21,25,MA,Massachusetts,281,493,15206
21,27,MN,Minnesota,261,526,11605
21,34,NJ,New Jersey,247,459,12704
21,15,HI,Hawaii,221,482,7512
21,41,OR,Oregon,219,404,8860
21,32,NV,Nevada,211,437,10374
21,19,IA,Iowa,199,400,8565
21,49,UT,Utah,162,344,7198
21,02,AK,Alaska,148,360,7389
21,35,NM,New Mexico,140,278,6475
21,31,NE,Nebraska,129,268,5678
21,09,CT,Connecticut,108,184,34331
21,16,ID,Idaho,88,213,7152
21,11,DC,District Of Columbia,82,109,4269
21,38,ND,North Dakota,77,138,3250
21,30,MT,Montana,76,167,3344
21,56,WY,Wyoming,71,143,2998
21,33,NH,New Hampshire,66,138,3761
21,46,SD,South Dakota,64,121,2673
21,23,ME,Maine,64,116,3039
21,10,DE,Delaware,61,138,3128
21,44,RI,Rhode Island,49,106,2227
21,50,VT,Vermont,38,76,2583
22,96,LA,LA Total Migration-US and Foreign,44002,88835,2256262
22,97,LA,LA Total Migration-US,43213,87156,2203088
22,98,LA,LA Total Migration-Foreign,789,1679,53175
22,97,LA,LA Total Migration-Same State,65037,133438,2723004
22,22,LA,LA Non-migrants,1517056,3348127,95369581
22,48,TX,Texas,14514,29948,731908
22,28,MS,Mississippi,3507,7376,153014
22,12,FL,Florida,3063,5938,193150
22,13,GA,Georgia,2129,4508,85627
22,06,CA,California,2126,3748,117696
22,05,AR,Arkansas,1288,2774,57443
22,01,AL,Alabama,1194,2511,65813
22,47,TN,Tennessee,1142,2271,55557
22,37,NC,North Carolina,1079,2283,73025
22,51,VA,Virginia,943,1958,67705
22,36,NY,New York,909,1532,61354
22,08,CO,Colorado,888,1638,41614
22,57,FR,Foreign,789,1679,53175
22,40,OK,Oklahoma,706,1633,34457
22,17,IL,Illinois,685,1197,31093
22,39,OH,Ohio,621,1220,29786
22,29,MO,Missouri,616,1283,30858
22,53,WA,Washington,587,1145,26949
22,42,PA,Pennsylvania,521,942,29095
22,45,SC,South Carolina,498,1064,27841
22,04,AZ,Arizona,489,1008,23113
22,26,MI,Michigan,482,909,19488
22,24,MD,Maryland,430,803,21598
22,21,KY,Kentucky,375,766,18842
22,32,NV,Nevada,352,652,13404
22,18,IN,Indiana,335,710,9578
22,20,KS,Kansas,320,752,15454
22,34,NJ,New Jersey,286,538,15692
22,25,MA,Massachusetts,284,455,13383
22,41,OR,Oregon,230,407,9907
22,15,HI,Hawaii,221,525,9482
22,27,MN,Minnesota,215,383,9155
22,35,NM,New Mexico,210,392,9572
22,55,WI,Wisconsin,200,399,9859
22,02,AK,Alaska,186,406,8762
22,19,IA,Iowa,172,343,8804
22,49,UT,Utah,149,311,6428
22,38,ND,North Dakota,146,323,9538
22,11,DC,District Of Columbia,146,203,8083
22,31,NE,Nebraska,127,281,5675
22,09,CT,Connecticut,119,196,6258
22,30,MT,Montana,101,216,5925
22,54,WV,West Virginia,101,192,5755
22,56,WY,Wyoming,97,220,5405
22,16,ID,Idaho,83,165,3547
22,23,ME,Maine,78,135,3433
22,46,SD,South Dakota,72,157,3843
22,10,DE,Delaware,61,113,2575
22,44,RI,Rhode Island,47,88,1863
22,33,NH,New Hampshire,47,84,3031
22,50,VT,Vermont,36,55,1652
23,96,ME,ME Total Migration-US and Foreign,14310,24140,833992
23,97,ME,ME Total Migration-US,13974,23555,807618
23,98,ME,ME Total Migration-Foreign,336,585,26374
23,97,ME,ME Total Migration-Same State,15378,25564,575429
23,23,ME,ME Non-migrants,500174,1006190,29202874
23,12,FL,Florida,2203,3757,215394
23,33,NH,New Hampshire,1770,2822,83332
23,25,MA,Massachusetts,1716,2494,93344
23,36,NY,New York,734,1191,42387
23,06,CA,California,642,952,26702
23,48,TX,Texas,617,1189,29561
23,37,NC,North Carolina,495,938,25560
23,51,VA,Virginia,440,786,22806
23,09,CT,Connecticut,369,575,24362
23,42,PA,Pennsylvania,363,622,20750
23,57,FR,Foreign,336,585,26374
23,08,CO,Colorado,287,449,11433
23,04,AZ,Arizona,275,477,11470
23,13,GA,Georgia,267,536,14703
23,50,VT,Vermont,254,428,11319
23,45,SC,South Carolina,243,488,13692
23,53,WA,Washington,234,390,10626
23,47,TN,Tennessee,204,391,9943
23,39,OH,Ohio,199,389,9683
23,34,NJ,New Jersey,198,322,13265
23,24,MD,Maryland,194,320,11114
23,44,RI,Rhode Island,171,261,7656
23,17,IL,Illinois,149,231,8306
23,26,MI,Michigan,144,257,7166
23,41,OR,Oregon,143,229,6763
23,27,MN,Minnesota,114,232,4555
23,49,UT,Utah,103,189,5267
23,18,IN,Indiana,93,177,4576
23,02,AK,Alaska,92,173,4733
23,29,MO,Missouri,90,186,3644
23,55,WI,Wisconsin,87,155,4566
23,32,NV,Nevada,87,166,4399
23,22,LA,Louisiana,84,130,3061
23,21,KY,Kentucky,72,138,2427
23,01,AL,Alabama,70,129,3159
23,35,NM,New Mexico,70,126,3630
23,15,HI,Hawaii,65,108,2231
23,20,KS,Kansas,65,144,3136
23,40,OK,Oklahoma,62,122,2218
23,11,DC,District Of Columbia,60,75,3191
23,30,MT,Montana,56,94,1472
23,19,IA,Iowa,55,104,2200
23,16,ID,Idaho,52,116,2536
23,10,DE,Delaware,41,74,2641
23,05,AR,Arkansas,41,63,2025
23,56,WY,Wyoming,40,55,3346
23,38,ND,North Dakota,39,71,1628
23,28,MS,Mississippi,38,71,1482
23,54,WV,West Virginia,37,65,1892
23,46,SD,South Dakota,29,62,1601
23,31,NE,Nebraska,21,36,666
24,96,MD,MD Total Migration-US and Foreign,85387,155632,5897505
24,97,MD,MD Total Migration-US,83054,150619,5728014
24,98,MD,MD Total Migration-Foreign,2333,5013,169490
24,97,MD,MD Total Migration-Same State,79375,147433,4234605
24,24,MD,MD Non-migrants,2184032,4623849,179458104
24,51,VA,Virginia,12915,22870,882626
24,11,DC,District Of Columbia,8253,13195,454091
24,12,FL,Florida,7783,14248,795380
24,42,PA,Pennsylvania,7235,13061,424793
24,48,TX,Texas,4665,9612,317180
24,06,CA,California,4593,7868,361578
24,37,NC,North Carolina,4226,8179,270860
24,36,NY,New York,4072,6419,225886
24,10,DE,Delaware,3155,5740,202291
24,13,GA,Georgia,2639,5235,160835
24,57,FR,Foreign,2333,5013,169490
24,54,WV,West Virginia,2086,4027,103933
24,34,NJ,New Jersey,1979,3590,136252
24,45,SC,South Carolina,1952,3656,139984
24,39,OH,Ohio,1387,2744,92696
24,25,MA,Massachusetts,1314,2129,105799
24,08,CO,Colorado,1275,2330,109158
24,53,WA,Washington,1075,2062,79312
24,17,IL,Illinois,1057,1853,75581
24,47,TN,Tennessee,1054,2093,89820
24,04,AZ,Arizona,913,1727,70835
24,26,MI,Michigan,803,1493,53826
24,09,CT,Connecticut,582,1024,43392
24,18,IN,Indiana,547,1057,33850
24,15,HI,Hawaii,521,1065,32604
24,29,MO,Missouri,520,1024,33691
24,21,KY,Kentucky,477,1033,28718
24,22,LA,Louisiana,475,855,26737
24,01,AL,Alabama,469,951,26811
24,32,NV,Nevada,444,769,30111
24,41,OR,Oregon,400,684,26967
24,27,MN,Minnesota,398,726,26364
24,55,WI,Wisconsin,356,661,26369
24,49,UT,Utah,297,644,25586
24,40,OK,Oklahoma,286,540,15152
24,35,NM,New Mexico,286,573,20453
24,20,KS,Kansas,276,571,17795
24,23,ME,Maine,262,472,18536
24,28,MS,Mississippi,216,450,13502
24,19,IA,Iowa,215,413,12615
24,44,RI,Rhode Island,212,367,11360
24,33,NH,New Hampshire,207,391,22460
24,05,AR,Arkansas,176,365,13800
24,02,AK,Alaska,164,313,8695
24,31,NE,Nebraska,158,307,10781
24,50,VT,Vermont,145,240,8568
24,16,ID,Idaho,136,282,8708
24,30,MT,Montana,117,214,11876
24,56,WY,Wyoming,96,173,9012
24,38,ND,North Dakota,93,160,4830
24,46,SD,South Dakota,92,164,5956
25,96,MA,MA Total Migration-US and Foreign,75295,123903,5445749
25,97,MA,MA Total Migration-US,73210,120001,5210621
25,98,MA,MA Total Migration-Foreign,2085,3902,235128
25,97,MA,MA Total Migration-Same State,84810,135381,6493114
25,25,MA,MA Non-migrants,2539722,5185253,235511442
25,12,FL,Florida,9278,16257,789734
25,33,NH,New Hampshire,7807,13105,537802
25,36,NY,New York,7587,10641,495085
25,06,CA,California,7023,10635,579739
25,44,RI,Rhode Island,4290,6951,246252
25,09,CT,Connecticut,3981,6264,253885
25,48,TX,Texas,3440,6349,247678
25,23,ME,Maine,2391,3895,166222
25,37,NC,North Carolina,2306,4376,161710
25,57,FR,Foreign,2085,3902,235128
25,42,PA,Pennsylvania,2035,3407,140076
25,51,VA,Virginia,2005,3374,138955
25,34,NJ,New Jersey,1910,3207,129301
25,17,IL,Illinois,1517,2295,143492
25,13,GA,Georgia,1506,2810,98605
25,24,MD,Maryland,1344,2233,88222
25,08,CO,Colorado,1305,1920,81696
25,53,WA,Washington,1245,2020,103753
25,50,VT,Vermont,1148,1785,63332
25,45,SC,South Carolina,1064,1955,78985
25,04,AZ,Arizona,985,1709,64048
25,39,OH,Ohio,948,1673,63252
25,11,DC,District Of Columbia,787,931,49840
25,26,MI,Michigan,762,1277,52144
25,47,TN,Tennessee,636,1085,36969
25,41,OR,Oregon,594,911,38676
25,27,MN,Minnesota,467,819,38605
25,29,MO,Missouri,393,656,27547
25,18,IN,Indiana,387,671,29360
25,32,NV,Nevada,371,572,27648
25,22,LA,Louisiana,351,550,17113
25,55,WI,Wisconsin,346,551,21074
25,49,UT,Utah,292,550,44373
25,15,HI,Hawaii,286,433,15821
25,21,KY,Kentucky,275,472,13999
25,01,AL,Alabama,267,470,14690
25,35,NM,New Mexico,229,375,16416
25,40,OK,Oklahoma,207,373,9374
25,20,KS,Kansas,174,300,12065
25,10,DE,Delaware,155,260,10247
25,05,AR,Arkansas,136,244,7723
25,19,IA,Iowa,134,234,7297
25,02,AK,Alaska,132,225,6622
25,28,MS,Mississippi,123,213,6147
25,30,MT,Montana,111,154,6045
25,31,NE,Nebraska,109,186,5772
25,16,ID,Idaho,94,179,5869
25,54,WV,West Virginia,88,151,5040
25,56,WY,Wyoming,65,96,7355
25,46,SD,South Dakota,62,91,2326
25,38,ND,North Dakota,62,111,2641
26,96,MI,MI Total Migration-US and Foreign,76962,140941,4245297
26,97,MI,MI Total Migration-US,75111,137329,4104897
26,98,MI,MI Total Migration-Foreign,1851,3612,140400
26,97,MI,MI Total Migration-Same State,141597,259338,7159983
26,26,MI,MI Non-migrants,3598621,7686856,224409042
26,12,FL,Florida,9771,17655,724994
26,48,TX,Texas,8111,15872,353864
26,06,CA,California,5104,8589,310707
26,39,OH,Ohio,5010,9324,253403
26,17,IL,Illinois,4583,7339,262698
26,18,IN,Indiana,4150,7978,186392
26,13,GA,Georgia,2908,5901,144094
26,37,NC,North Carolina,2594,5001,137194
26,04,AZ,Arizona,2554,4745,141179
26,47,TN,Tennessee,2503,4808,112477
26,55,WI,Wisconsin,2391,4258,115581
26,36,NY,New York,2097,3341,112946
26,08,CO,Colorado,1959,3245,91627
26,57,FR,Foreign,1851,3612,140400
26,51,VA,Virginia,1659,3078,96662
26,53,WA,Washington,1449,2475,83835
26,45,SC,South Carolina,1368,2646,99665
26,42,PA,Pennsylvania,1361,2457,88880
26,21,KY,Kentucky,1212,2452,58942
26,27,MN,Minnesota,1115,2047,63804
26,29,MO,Missouri,996,1872,56690
26,32,NV,Nevada,983,1737,45500
26,01,AL,Alabama,951,1933,39132
26,24,MD,Maryland,869,1443,46370
26,25,MA,Massachusetts,729,1249,54548
26,41,OR,Oregon,699,1152,32430
26,34,NJ,New Jersey,611,1145,40662
26,19,IA,Iowa,561,1075,27957
26,22,LA,Louisiana,545,1005,21680
26,38,ND,North Dakota,527,945,22619
26,40,OK,Oklahoma,489,955,19010
26,05,AR,Arkansas,443,901,17386
26,20,KS,Kansas,442,848,21845
26,28,MS,Mississippi,423,875,16477
26,09,CT,Connecticut,383,673,27303
26,49,UT,Utah,362,778,23792
26,35,NM,New Mexico,339,588,15435
26,15,HI,Hawaii,320,545,12539
26,11,DC,District Of Columbia,318,391,19842
26,02,AK,Alaska,302,498,12100
26,30,MT,Montana,241,381,9234
26,56,WY,Wyoming,238,417,11597
26,31,NE,Nebraska,233,453,10298
26,54,WV,West Virginia,221,446,8528
26,46,SD,South Dakota,193,377,9289
26,16,ID,Idaho,193,401,9092
26,23,ME,Maine,164,289,9004
26,33,NH,New Hampshire,147,258,10144
26,10,DE,Delaware,109,192,5896
26,44,RI,Rhode Island,98,151,5335
26,50,VT,Vermont,83,145,4219
27,96,MN,MN Total Migration-US and Foreign,49797,90312,3486239
27,97,MN,MN Total Migration-US,48800,88357,3404091
27,98,MN,MN Total Migration-Foreign,997,1955,82148
27,97,MN,MN Total Migration-Same State,101910,181131,4859791
27,27,MN,MN Non-migrants,2039343,4401168,155879067
27,55,WI,Wisconsin,6140,10591,313055
27,38,ND,North Dakota,4272,7131,200809
27,06,CA,California,3752,6474,280510
27,48,TX,Texas,3603,7434,239168
27,12,FL,Florida,3363,6307,443987
27,04,AZ,Arizona,2352,4295,275547
27,19,IA,Iowa,2230,4197,101411
27,17,IL,Illinois,2155,3762,124312
27,08,CO,Colorado,1934,3346,115097
27,46,SD,South Dakota,1657,2967,87183
27,53,WA,Washington,1383,2363,85682
27,36,NY,New York,1076,1593,174314
27,37,NC,North Carolina,1002,1911,82359
27,57,FR,Foreign,997,1955,82148
27,13,GA,Georgia,910,1834,72917
27,26,MI,Michigan,901,1684,54627
27,29,MO,Missouri,758,1427,46157
27,39,OH,Ohio,697,1337,53567
27,51,VA,Virginia,688,1292,46058
27,41,OR,Oregon,685,1180,35017
27,47,TN,Tennessee,634,1234,47247
27,32,NV,Nevada,634,1088,49396
27,18,IN,Indiana,598,1161,33567
27,42,PA,Pennsylvania,583,1096,47933
27,31,NE,Nebraska,565,1140,25474
27,25,MA,Massachusetts,511,824,41146
27,20,KS,Kansas,477,924,-5977
27,30,MT,Montana,423,758,26270
27,24,MD,Maryland,371,651,24705
27,45,SC,South Carolina,365,778,27584
27,34,NJ,New Jersey,360,660,25848
27,49,UT,Utah,309,637,21467
27,40,OK,Oklahoma,303,648,14879
27,21,KY,Kentucky,281,525,16069
27,05,AR,Arkansas,279,580,19103
27,35,NM,New Mexico,268,448,13741
27,02,AK,Alaska,264,452,11589
27,15,HI,Hawaii,252,405,10504
27,16,ID,Idaho,216,449,16008
27,22,LA,Louisiana,216,374,10873
27,01,AL,Alabama,211,476,12248
27,09,CT,Connecticut,204,359,16720
27,56,WY,Wyoming,192,362,17549
27,11,DC,District Of Columbia,185,229,17575
27,28,MS,Mississippi,145,282,5274
27,23,ME,Maine,96,172,5543
27,33,NH,New Hampshire,78,129,5938
27,44,RI,Rhode Island,63,113,4843
27,50,VT,Vermont,54,83,2651
27,10,DE,Delaware,53,90,3115
27,54,WV,West Virginia,52,105,3433
28,96,MS,MS Total Migration-US and Foreign,32801,67275,1379863
28,97,MS,MS Total Migration-US,32279,66220,1357443
28,98,MS,MS Total Migration-Foreign,522,1055,22420
28,97,MS,MS Total Migration-Same State,41200,88852,1494748
28,28,MS,MS Non-migrants,952984,2166148,48889164
28,48,TX,Texas,5130,10630,194347
28,47,TN,Tennessee,5040,10508,193552
28,22,LA,Louisiana,3536,7109,151420
28,01,AL,Alabama,2796,5857,124921
28,12,FL,Florida,2316,4641,122706
28,13,GA,Georgia,1894,3931,75796
28,06,CA,California,1120,2254,54590
28,05,AR,Arkansas,975,2110,39656
28,37,NC,North Carolina,756,1548,31355
28,51,VA,Virginia,736,1505,31209
28,17,IL,Illinois,685,1377,26591
28,57,FR,Foreign,522,1055,22420
28,29,MO,Missouri,519,1116,20595
28,08,CO,Colorado,447,878,17928
28,45,SC,South Carolina,423,887,20704
28,39,OH,Ohio,414,847,17226
28,40,OK,Oklahoma,394,817,13798
28,26,MI,Michigan,376,760,13627
28,36,NY,New York,359,660,14721
28,53,WA,Washington,337,688,14426
28,04,AZ,Arizona,332,646,13913
28,18,IN,Indiana,331,700,12269
28,21,KY,Kentucky,323,675,12534
28,42,PA,Pennsylvania,271,505,12668
28,55,WI,Wisconsin,262,545,7184
28,24,MD,Maryland,231,415,10726
28,32,NV,Nevada,224,419,24993
28,20,KS,Kansas,185,418,7446
28,27,MN,Minnesota,166,331,5691
28,19,IA,Iowa,149,315,5330
28,34,NJ,New Jersey,144,275,5739
28,35,NM,New Mexico,124,256,5989
28,25,MA,Massachusetts,123,226,4863
28,41,OR,Oregon,119,234,4593
28,02,AK,Alaska,110,247,4841
28,31,NE,Nebraska,101,208,4217
28,15,HI,Hawaii,99,207,4361
28,49,UT,Utah,98,236,4182
28,38,ND,North Dakota,91,194,4110
28,54,WV,West Virginia,67,136,2508
28,16,ID,Idaho,66,124,2646
28,11,DC,District Of Columbia,63,88,3154
28,56,WY,Wyoming,61,113,2049
28,30,MT,Montana,58,140,2436
28,09,CT,Connecticut,45,73,1362
28,23,ME,Maine,40,79,1815
28,46,SD,South Dakota,39,88,2088
28,10,DE,Delaware,34,77,1482
28,33,NH,New Hampshire,31,60,1541
28,44,RI,Rhode Island,27,45,1187
28,50,VT,Vermont,12,22,357
29,96,MO,MO Total Migration-US and Foreign,64987,124600,3364024
29,97,MO,MO Total Migration-US,63934,122407,3307971
29,98,MO,MO Total Migration-Foreign,1053,2193,56053
29,97,MO,MO Total Migration-Same State,94877,181792,3645527
29,29,MO,MO Non-migrants,2097523,4527845,131626744
29,20,KS,Kansas,9644,17526,486802
29,48,TX,Texas,6582,13217,347527
29,17,IL,Illinois,6226,11195,283981
29,12,FL,Florida,4405,8278,319209
29,06,CA,California,3498,6208,169971
29,05,AR,Arkansas,2738,5686,107605
29,08,CO,Colorado,2171,3891,114528
29,40,OK,Oklahoma,1994,4093,76077
29,47,TN,Tennessee,1649,3148,85308
29,19,IA,Iowa,1598,3152,67800
29,04,AZ,Arizona,1598,3085,93046
29,13,GA,Georgia,1577,3168,79280
29,37,NC,North Carolina,1434,2981,83874
29,53,WA,Washington,1251,2430,64387
29,36,NY,New York,1138,1869,66119
29,39,OH,Ohio,1101,2190,74230
29,51,VA,Virginia,1100,2093,60404
29,18,IN,Indiana,1091,2222,51645
29,57,FR,Foreign,1053,2193,56053
29,26,MI,Michigan,928,1828,45564
29,31,NE,Nebraska,901,1785,41229
29,21,KY,Kentucky,822,1710,36613
29,55,WI,Wisconsin,800,1549,43148
29,27,MN,Minnesota,772,1514,42504
29,22,LA,Louisiana,748,1491,39855
29,42,PA,Pennsylvania,694,1367,41686
29,45,SC,South Carolina,619,1262,36584
29,01,AL,Alabama,601,1266,31091
29,41,OR,Oregon,582,1104,26301
29,32,NV,Nevada,567,1014,25189
29,28,MS,Mississippi,518,1075,21257
29,24,MD,Maryland,479,918,29697
29,25,MA,Massachusetts,416,699,26732
29,49,UT,Utah,383,947,18486
29,35,NM,New Mexico,357,691,15990
29,34,NJ,New Jersey,349,603,18717
29,15,HI,Hawaii,328,715,16656
29,46,SD,South Dakota,289,608,13573
29,38,ND,North Dakota,266,534,11929
29,02,AK,Alaska,244,491,10023
29,30,MT,Montana,230,489,9843
29,16,ID,Idaho,227,536,11000
29,56,WY,Wyoming,182,347,7618
29,09,CT,Connecticut,178,313,19204
29,11,DC,District Of Columbia,165,204,10959
29,54,WV,West Virginia,113,244,4705
29,23,ME,Maine,97,169,3854
29,10,DE,Delaware,90,167,5116
29,33,NH,New Hampshire,86,153,4218
29,44,RI,Rhode Island,55,87,3810
29,50,VT,Vermont,53,95,3026
30,96,MT,MT Total Migration-US and Foreign,15430,27893,687081
30,97,MT,MT Total Migration-US,15180,27411,674656
30,98,MT,MT Total Migration-Foreign,250,482,12425
30,97,MT,MT Total Migration-Same State,12154,22035,482107
30,30,MT,MT Non-migrants,376543,775865,22037437
30,53,WA,Washington,1817,3216,81614
30,06,CA,California,1189,1986,49707
30,16,ID,Idaho,966,1811,41125
30,38,ND,North Dakota,939,1704,51090
30,08,CO,Colorado,906,1546,43956
30,41,OR,Oregon,857,1427,32196
30,04,AZ,Arizona,825,1492,37874
30,48,TX,Texas,824,1544,40668
30,56,WY,Wyoming,721,1298,35278
30,12,FL,Florida,554,1026,28362
30,49,UT,Utah,449,940,18967
30,32,NV,Nevada,411,791,3045
30,27,MN,Minnesota,341,568,13546
30,02,AK,Alaska,285,511,13032
30,57,FR,Foreign,250,482,12425
30,46,SD,South Dakota,248,478,10293
30,26,MI,Michigan,221,418,9401
30,17,IL,Illinois,206,344,13851
30,36,NY,New York,205,314,6804
30,29,MO,Missouri,204,419,8425
30,51,VA,Virginia,203,392,9033
30,37,NC,North Carolina,182,329,7745
30,13,GA,Georgia,181,383,8420
30,47,TN,Tennessee,168,297,7736
30,39,OH,Ohio,168,310,6431
30,55,WI,Wisconsin,167,299,7104
30,35,NM,New Mexico,167,317,7955
30,40,OK,Oklahoma,163,326,6937
30,42,PA,Pennsylvania,146,246,7315
30,31,NE,Nebraska,127,242,4640
30,15,HI,Hawaii,123,214,10042
30,19,IA,Iowa,116,217,5252
30,20,KS,Kansas,113,225,4568
30,18,IN,Indiana,113,209,4645
30,45,SC,South Carolina,97,194,4719
30,05,AR,Arkansas,92,200,3269
30,25,MA,Massachusetts,89,122,2827
30,01,AL,Alabama,85,173,4277
30,24,MD,Maryland,83,138,3752
30,22,LA,Louisiana,78,146,3236
30,21,KY,Kentucky,64,121,3105
30,28,MS,Mississippi,48,103,2336
30,50,VT,Vermont,41,59,1350
30,34,NJ,New Jersey,40,60,1666
30,54,WV,West Virginia,35,81,1860
30,33,NH,New Hampshire,33,51,1477
30,11,DC,District Of Columbia,31,35,1178
30,23,ME,Maine,30,52,1652
30,09,CT,Connecticut,29,37,894
30,10,DE,Delaware,-1,-1,-1
30,44,RI,Rhode Island,-1,-1,-1
31,96,NE,NE Total Migration-US and Foreign,21458,42079,1155428
31,97,NE,NE Total Migration-US,21085,41294,1135971
31,98,NE,NE Total Migration-Foreign,373,785,19457
31,97,NE,NE Total Migration-Same State,25706,48170,1080884
31,31,NE,NE Non-migrants,680685,1520210,45865485
31,19,IA,Iowa,2790,5441,117982
31,48,TX,Texas,2009,4307,104168
31,08,CO,Colorado,1916,3498,120744
31,06,CA,California,1224,2342,59735
31,20,KS,Kansas,1131,2189,53886
31,12,FL,Florida,1046,1928,72180
31,29,MO,Missouri,991,1896,49631
31,46,SD,South Dakota,908,1714,42797
31,04,AZ,Arizona,858,1596,52254
31,27,MN,Minnesota,679,1304,36329
31,17,IL,Illinois,596,1069,39750
31,53,WA,Washington,467,902,22880
31,56,WY,Wyoming,420,846,19040
31,57,FR,Foreign,373,785,19457
31,40,OK,Oklahoma,352,754,16039
31,37,NC,North Carolina,341,669,20044
31,51,VA,Virginia,330,719,19302
31,13,GA,Georgia,300,667,15425
31,55,WI,Wisconsin,289,554,15597
31,36,NY,New York,287,473,13688
31,32,NV,Nevada,282,516,19047
31,41,OR,Oregon,271,484,17555
31,39,OH,Ohio,266,542,13932
31,26,MI,Michigan,230,452,15900
31,47,TN,Tennessee,226,425,9710
31,42,PA,Pennsylvania,218,433,12807
31,38,ND,North Dakota,213,443,9597
31,05,AR,Arkansas,211,446,11734
31,18,IN,Indiana,201,450,13627
31,49,UT,Utah,176,445,8578
31,45,SC,South Carolina,175,370,9315
31,35,NM,New Mexico,162,312,8170
31,30,MT,Montana,155,316,6841
31,22,LA,Louisiana,153,312,6360
31,24,MD,Maryland,148,324,30186
31,16,ID,Idaho,141,315,6259
31,01,AL,Alabama,137,336,7036
31,21,KY,Kentucky,134,285,5469
31,34,NJ,New Jersey,113,220,7569
31,28,MS,Mississippi,97,201,4307
31,15,HI,Hawaii,92,174,3402
31,25,MA,Massachusetts,83,144,4431
31,02,AK,Alaska,74,149,3251
31,09,CT,Connecticut,35,60,1851
31,11,DC,District Of Columbia,32,37,1258
31,23,ME,Maine,26,43,1006
31,54,WV,West Virginia,24,38,872
31,44,RI,Rhode Island,23,51,1112
31,50,VT,Vermont,18,40,1114
31,10,DE,Delaware,18,36,1241
31,33,NH,New Hampshire,17,27,965
32,96,NV,NV Total Migration-US and Foreign,48667,93798,2023228
32,97,NV,NV Total Migration-US,47663,91874,1949375
32,98,NV,NV Total Migration-Foreign,1004,1924,73853
32,97,NV,NV Total Migration-Same State,8534,16312,405915
32,32,NV,NV Non-migrants,998824,2162286,62368365
32,06,CA,California,13640,25733,627244
32,48,TX,Texas,4149,8505,229428
32,04,AZ,Arizona,3252,6507,104308
32,12,FL,Florida,2628,4662,130939
32,53,WA,Washington,2281,4391,-184768
32,49,UT,Utah,2056,4767,125462
32,08,CO,Colorado,1807,3516,45251
32,41,OR,Oregon,1587,2930,74325
32,16,ID,Idaho,1016,2165,49699
32,57,FR,Foreign,1004,1924,73853
32,36,NY,New York,994,1655,56537
32,17,IL,Illinois,927,1700,56738
32,26,MI,Michigan,740,1339,35795
32,13,GA,Georgia,735,1424,32617
32,15,HI,Hawaii,731,1385,32223
32,39,OH,Ohio,706,1321,30781
32,51,VA,Virginia,686,1395,46242
32,37,NC,North Carolina,652,1262,28986
32,35,NM,New Mexico,582,1210,30039
32,42,PA,Pennsylvania,565,1033,30726
32,29,MO,Missouri,522,1002,24256
32,40,OK,Oklahoma,471,977,18898
32,47,TN,Tennessee,465,865,24923
32,30,MT,Montana,443,816,22294
32,27,MN,Minnesota,423,785,19002
32,18,IN,Indiana,423,820,17550
32,34,NJ,New Jersey,387,668,21388
32,24,MD,Maryland,361,633,20007
32,55,WI,Wisconsin,354,636,13219
32,20,KS,Kansas,312,620,7499
32,02,AK,Alaska,311,564,13844
32,25,MA,Massachusetts,296,466,15652
32,22,LA,Louisiana,296,525,13307
32,45,SC,South Carolina,281,566,14423
32,38,ND,North Dakota,279,583,10887
32,56,WY,Wyoming,274,543,13022
32,01,AL,Alabama,232,517,11125
32,19,IA,Iowa,230,433,10427
32,31,NE,Nebraska,225,451,11274
32,05,AR,Arkansas,217,428,7893
32,21,KY,Kentucky,215,412,9705
32,46,SD,South Dakota,183,369,9850
32,28,MS,Mississippi,180,388,7545
32,09,CT,Connecticut,124,196,7565
32,33,NH,New Hampshire,92,167,4154
32,54,WV,West Virginia,71,128,3222
32,11,DC,District Of Columbia,70,102,3759
32,44,RI,Rhode Island,64,103,3364
32,23,ME,Maine,54,85,2334
32,10,DE,Delaware,46,86,3055
32,50,VT,Vermont,28,40,1357
33,96,NH,NH Total Migration-US and Foreign,21289,35446,1324093
33,97,NH,NH Total Migration-US,20951,34827,1298021
33,98,NH,NH Total Migration-Foreign,338,619,26072
33,97,NH,NH Total Migration-Same State,14548,24102,718054
33,33,NH,NH Non-migrants,525205,1071564,39968705
33,25,MA,Massachusetts,6036,9236,352103
33,12,FL,Florida,2412,4220,169151
33,23,ME,Maine,1875,3092,94646
33,50,VT,Vermont,1225,1968,51521
33,36,NY,New York,951,1468,51079
33,06,CA,California,877,1336,87410
33,48,TX,Texas,750,1402,46067
33,37,NC,North Carolina,658,1254,39956
33,09,CT,Connecticut,495,797,31958
33,51,VA,Virginia,422,769,25424
33,42,PA,Pennsylvania,395,709,23887
33,45,SC,South Carolina,386,755,22851
33,08,CO,Colorado,382,588,44530
33,57,FR,Foreign,338,619,26072
33,04,AZ,Arizona,316,584,43094
33,13,GA,Georgia,297,586,17084
33,44,RI,Rhode Island,260,425,13824
33,34,NJ,New Jersey,259,434,18375
33,53,WA,Washington,239,402,13310
33,39,OH,Ohio,237,451,13793
33,24,MD,Maryland,226,390,16619
33,17,IL,Illinois,193,340,12141
33,47,TN,Tennessee,180,313,11958
33,26,MI,Michigan,163,312,12380
33,41,OR,Oregon,137,211,4131
33,49,UT,Utah,104,187,4902
33,32,NV,Nevada,99,166,4666
33,55,WI,Wisconsin,96,191,5846
33,18,IN,Indiana,93,177,5220
33,29,MO,Missouri,89,183,5063
33,15,HI,Hawaii,86,132,4384
33,27,MN,Minnesota,83,143,6665
33,22,LA,Louisiana,80,125,3945
33,21,KY,Kentucky,80,134,3066
33,01,AL,Alabama,76,138,3196
33,11,DC,District Of Columbia,69,84,3455
33,35,NM,New Mexico,65,121,3205
33,30,MT,Montana,61,84,2251
33,02,AK,Alaska,55,87,2558
33,40,OK,Oklahoma,53,107,2360
33,20,KS,Kansas,44,86,2762
33,05,AR,Arkansas,44,83,2588
33,10,DE,Delaware,43,72,2821
33,19,IA,Iowa,41,78,1781
33,31,NE,Nebraska,39,77,1574
33,28,MS,Mississippi,34,62,1350
33,54,WV,West Virginia,33,69,1552
33,56,WY,Wyoming,32,48,1523
33,16,ID,Idaho,30,55,1330
33,38,ND,North Dakota,29,49,866
33,46,SD,South Dakota,22,47,1801
34,96,NJ,NJ Total Migration-US and Foreign,106155,193002,9110867
34,97,NJ,NJ Total Migration-US,103380,187101,8806488
34,98,NJ,NJ Total Migration-Foreign,2775,5901,304379
34,97,NJ,NJ Total Migration-Same State,105767,190549,7519137
34,34,NJ,NJ Non-migrants,3319345,7210580,300934882
34,36,NY,New York,22299,35681,2284556
34,12,FL,Florida,14863,27797,1508519
34,42,PA,Pennsylvania,14842,25831,1050042
34,06,CA,California,6205,10893,598241
34,48,TX,Texas,5490,12123,409799
34,37,NC,North Carolina,4686,9647,329450
34,24,MD,Maryland,4008,7500,216233
34,51,VA,Virginia,3554,6519,244192
34,13,GA,Georgia,3066,6280,196955
34,57,FR,Foreign,2775,5901,304379
34,25,MA,Massachusetts,2573,4297,232062
34,45,SC,South Carolina,2249,4317,174100
34,09,CT,Connecticut,1880,3401,195737
34,10,DE,Delaware,1686,3063,127116
34,17,IL,Illinois,1518,2911,146404
34,08,CO,Colorado,1205,2014,88335
34,04,AZ,Arizona,1203,2208,111576
34,39,OH,Ohio,1189,2437,93158
34,47,TN,Tennessee,915,1872,70812
34,53,WA,Washington,897,1587,68868
34,26,MI,Michigan,715,1494,61976
34,32,NV,Nevada,705,1229,40577
34,11,DC,District Of Columbia,499,598,28848
34,18,IN,Indiana,495,1030,35918
34,29,MO,Missouri,415,781,58355
34,27,MN,Minnesota,404,751,39220
34,22,LA,Louisiana,398,721,21692
34,33,NH,New Hampshire,391,746,38209
34,41,OR,Oregon,379,659,25268
34,23,ME,Maine,373,649,25709
34,55,WI,Wisconsin,359,717,34155
34,21,KY,Kentucky,343,721,18071
34,15,HI,Hawaii,343,594,18563
34,44,RI,Rhode Island,342,554,28582
34,01,AL,Alabama,328,649,15901
34,40,OK,Oklahoma,258,490,13546
34,50,VT,Vermont,255,433,24606
34,20,KS,Kansas,241,482,19300
34,49,UT,Utah,231,484,20871
34,54,WV,West Virginia,229,413,12675
34,35,NM,New Mexico,198,351,11169
34,05,AR,Arkansas,198,414,13684
34,19,IA,Iowa,181,358,9702
34,28,MS,Mississippi,162,323,6862
34,31,NE,Nebraska,123,217,8126
34,02,AK,Alaska,120,212,5144
34,30,MT,Montana,92,154,6040
34,16,ID,Idaho,85,163,6824
34,38,ND,North Dakota,84,165,3951
34,56,WY,Wyoming,59,94,3826
34,46,SD,South Dakota,47,77,2964
35,96,NM,NM Total Migration-US and Foreign,31759,64573,1608273
35,97,NM,NM Total Migration-US,30986,63034,1568902
35,98,NM,NM Total Migration-Foreign,773,1539,39371
35,97,NM,NM Total Migration-Same State,20194,41150,770291
35,35,NM,NM Non-migrants,701533,1522126,38506679
35,48,TX,Texas,7448,16129,388494
35,04,AZ,Arizona,3994,8923,170298
35,08,CO,Colorado,3080,5991,148985
35,06,CA,California,2707,4807,131311
35,12,FL,Florida,1504,3000,80010
35,53,WA,Washington,912,1697,49791
35,57,FR,Foreign,773,1539,39371
35,32,NV,Nevada,728,1425,36744
35,41,OR,Oregon,721,1369,44144
35,40,OK,Oklahoma,669,1441,26693
35,49,UT,Utah,504,1154,23342
35,51,VA,Virginia,503,1083,32100
35,36,NY,New York,478,740,23288
35,37,NC,North Carolina,447,849,21403
35,13,GA,Georgia,439,905,21640
35,17,IL,Illinois,403,691,21368
35,39,OH,Ohio,395,839,20947
35,29,MO,Missouri,375,755,16942
35,42,PA,Pennsylvania,338,600,16105
35,26,MI,Michigan,319,554,14549
35,47,TN,Tennessee,316,627,18313
35,20,KS,Kansas,314,694,13455
35,16,ID,Idaho,277,614,16350
35,24,MD,Maryland,276,545,16025
35,25,MA,Massachusetts,243,469,15608
35,27,MN,Minnesota,227,397,11061
35,22,LA,Louisiana,218,413,10037
35,18,IN,Indiana,215,425,9640
35,45,SC,South Carolina,211,419,11100
35,55,WI,Wisconsin,210,367,9512
35,56,WY,Wyoming,208,401,10698
35,15,HI,Hawaii,192,394,10279
35,30,MT,Montana,191,400,10123
35,05,AR,Arkansas,186,384,7689
35,02,AK,Alaska,181,385,8963
35,01,AL,Alabama,174,356,9172
35,34,NJ,New Jersey,165,304,7204
35,21,KY,Kentucky,155,334,7016
35,31,NE,Nebraska,154,365,7092
35,19,IA,Iowa,153,301,7152
35,38,ND,North Dakota,129,284,11859
35,46,SD,South Dakota,116,236,6901
35,28,MS,Mississippi,115,269,6024
35,09,CT,Connecticut,78,130,6823
35,11,DC,District Of Columbia,65,92,4484
35,23,ME,Maine,52,91,2870
35,33,NH,New Hampshire,51,100,3419
35,54,WV,West Virginia,48,105,2541
35,50,VT,Vermont,46,74,1927
35,10,DE,Delaware,35,70,15540
35,44,RI,Rhode Island,21,37,1872
36,96,NY,NY Total Migration-US and Foreign,210810,371676,16110423
36,97,NY,NY Total Migration-US,203781,358849,15236541
36,98,NY,NY Total Migration-Foreign,7029,12827,873883
36,97,NY,NY Total Migration-Same State,234163,405851,14751947
36,36,NY,NY Non-migrants,7371599,15054262,624777990
36,12,FL,Florida,31639,56843,2569383
36,34,NJ,New Jersey,28403,51383,2458346
36,06,CA,California,18239,26687,1706090
36,42,PA,Pennsylvania,13898,26009,754474
36,48,TX,Texas,12046,23060,796258
36,09,CT,Connecticut,10495,19062,1319249
36,37,NC,North Carolina,10281,19706,576678
36,25,MA,Massachusetts,8141,12264,648742
36,51,VA,Virginia,7476,13440,505131
36,13,GA,Georgia,7145,13801,357926
36,57,FR,Foreign,7029,12827,873883
36,24,MD,Maryland,5909,10420,317700
36,45,SC,South Carolina,4441,8431,310108
36,17,IL,Illinois,3876,6074,326019
36,39,OH,Ohio,3533,6327,194798
36,08,CO,Colorado,3124,4936,236424
36,04,AZ,Arizona,2773,4862,180868
36,53,WA,Washington,2752,4480,199797
36,47,TN,Tennessee,2340,4367,130420
36,26,MI,Michigan,2255,4099,139831
36,11,DC,District Of Columbia,1806,2266,147043
36,32,NV,Nevada,1474,2422,88591
36,50,VT,Vermont,1424,2223,82129
36,41,OR,Oregon,1341,2007,87004
36,18,IN,Indiana,1271,2315,66675
36,33,NH,New Hampshire,1212,1969,118396
36,22,LA,Louisiana,1193,1993,85436
36,44,RI,Rhode Island,1179,2032,65886
36,27,MN,Minnesota,1142,1891,78027
36,29,MO,Missouri,1141,2105,65534
36,21,KY,Kentucky,1015,1970,42723
36,23,ME,Maine,1008,1680,70318
36,10,DE,Delaware,1000,1807,69754
36,01,AL,Alabama,991,1959,42807
36,55,WI,Wisconsin,956,1618,55634
36,15,HI,Hawaii,804,1377,36100
36,40,OK,Oklahoma,698,1293,30228
36,20,KS,Kansas,672,1294,36978
36,49,UT,Utah,647,1209,34330
36,35,NM,New Mexico,539,890,33953
36,19,IA,Iowa,486,910,21548
36,28,MS,Mississippi,445,859,15639
36,54,WV,West Virginia,432,765,16976
36,05,AR,Arkansas,381,697,17694
36,02,AK,Alaska,353,628,14409
36,31,NE,Nebraska,313,544,17869
36,16,ID,Idaho,258,485,13259
36,30,MT,Montana,256,425,11026
36,38,ND,North Dakota,222,379,10060
36,56,WY,Wyoming,192,312,24781
36,46,SD,South Dakota,164,274,7492
37,96,NC,NC Total Migration-US and Foreign,116638,237070,6109681
37,97,NC,NC Total Migration-US,113582,230216,5931283
37,98,NC,NC Total Migration-Foreign,3056,6854,178397
37,97,NC,NC Total Migration-Same State,138963,277676,5981715
37,37,NC,NC Non-migrants,3291946,7334218,202567938
37,45,SC,South Carolina,13353,26929,725183
37,12,FL,Florida,12701,25039,884039
37,51,VA,Virginia,10563,21632,501861
37,48,TX,Texas,9364,21420,448037
37,13,GA,Georgia,7941,16311,363837
37,06,CA,California,5995,11980,342745
37,36,NY,New York,5588,10008,232710
37,47,TN,Tennessee,3929,7965,224248
37,42,PA,Pennsylvania,3536,6855,187159
37,24,MD,Maryland,3261,6411,148458
37,39,OH,Ohio,3191,6411,150828
37,57,FR,Foreign,3056,6854,178397
37,34,NJ,New Jersey,2254,4263,107546
37,08,CO,Colorado,2208,4233,114296
37,17,IL,Illinois,2081,4011,116235
37,26,MI,Michigan,2034,4018,96966
37,53,WA,Washington,1937,3894,130256
37,01,AL,Alabama,1589,3513,80133
37,25,MA,Massachusetts,1545,2748,91464
37,04,AZ,Arizona,1539,3245,78040
37,18,IN,Indiana,1414,3054,72366
37,21,KY,Kentucky,1344,2962,63785
37,29,MO,Missouri,1187,2489,57231
37,22,LA,Louisiana,1158,2438,58375
37,54,WV,West Virginia,935,1901,36235
37,09,CT,Connecticut,883,1675,45887
37,55,WI,Wisconsin,798,1609,43234
37,40,OK,Oklahoma,780,1729,35021
37,20,KS,Kansas,738,1659,41181
37,27,MN,Minnesota,728,1483,36876
37,15,HI,Hawaii,724,1748,33576
37,41,OR,Oregon,714,1392,38646
37,32,NV,Nevada,712,1390,27916
37,11,DC,District Of Columbia,685,942,32835
37,28,MS,Mississippi,661,1455,23807
37,02,AK,Alaska,547,1294,21656
37,05,AR,Arkansas,543,1212,27142
37,19,IA,Iowa,475,1056,22241
37,49,UT,Utah,467,1082,27634
37,35,NM,New Mexico,430,849,21398
37,10,DE,Delaware,419,819,18879
37,23,ME,Maine,392,746,16847
37,33,NH,New Hampshire,381,691,18053
37,31,NE,Nebraska,294,605,14979
37,44,RI,Rhode Island,287,571,15394
37,16,ID,Idaho,263,555,14193
37,30,MT,Montana,235,422,9821
37,38,ND,North Dakota,218,454,8446
37,50,VT,Vermont,217,367,8880
37,56,WY,Wyoming,177,340,7546
37,46,SD,South Dakota,167,341,7158
38,96,ND,ND Total Migration-US and Foreign,14946,27940,843060
38,97,ND,ND Total Migration-US,14617,27324,829664
38,98,ND,ND Total Migration-Foreign,329,616,13396
38,97,ND,ND Total Migration-Same State,9599,17054,507651
38,38,ND,ND Non-migrants,271083,563897,21991677
38,27,MN,Minnesota,3943,6661,179498
38,48,TX,Texas,905,1929,57895
38,08,CO,Colorado,748,1442,51054
38,46,SD,South Dakota,706,1315,38445
38,30,MT,Montana,705,1396,43206
38,04,AZ,Arizona,619,1129,47066
38,06,CA,California,577,1014,28503
38,12,FL,Florida,552,996,29160
38,53,WA,Washington,542,1045,69739
38,55,WI,Wisconsin,370,666,19254
38,16,ID,Idaho,353,698,20727
38,57,FR,Foreign,329,616,13396
38,26,MI,Michigan,288,476,14423
38,41,OR,Oregon,275,476,14950
38,56,WY,Wyoming,270,551,19181
38,17,IL,Illinois,233,400,10958
38,19,IA,Iowa,210,429,11560
38,49,UT,Utah,207,465,10407
38,39,OH,Ohio,199,404,9773
38,13,GA,Georgia,184,374,8331
38,40,OK,Oklahoma,179,360,9987
38,32,NV,Nevada,178,339,11982
38,31,NE,Nebraska,177,360,8622
38,29,MO,Missouri,168,325,7891
38,51,VA,Virginia,166,341,9970
38,37,NC,North Carolina,153,305,7707
38,36,NY,New York,146,226,6201
38,20,KS,Kansas,146,286,7452
38,42,PA,Pennsylvania,142,275,6619
38,47,TN,Tennessee,121,254,8533
38,35,NM,New Mexico,114,247,6675
38,22,LA,Louisiana,101,261,6015
38,18,IN,Indiana,98,206,5150
38,45,SC,South Carolina,90,189,4458
38,05,AR,Arkansas,87,205,4978
38,02,AK,Alaska,86,153,4175
38,01,AL,Alabama,84,154,4793
38,24,MD,Maryland,75,144,4613
38,34,NJ,New Jersey,67,119,2991
38,21,KY,Kentucky,63,144,2584
38,28,MS,Mississippi,61,137,3133
38,25,MA,Massachusetts,57,111,2911
38,09,CT,Connecticut,34,67,1874
38,15,HI,Hawaii,29,67,1801
38,23,ME,Maine,26,47,1353
38,11,DC,District Of Columbia,25,29,1197
38,54,WV,West Virginia,24,50,752
38,33,NH,New Hampshire,22,34,650
38,10,DE,Delaware,12,23,467
38,50,VT,Vermont,-1,-1,-1
38,44,RI,Rhode Island,-1,-1,-1
39,96,OH,OH Total Migration-US and Foreign,92634,170745,5416170
39,97,OH,OH Total Migration-US,90776,167130,5285070
39,98,OH,OH Total Migration-Foreign,1858,3615,131099
39,97,OH,OH Total Migration-Same State,149077,271437,6654948
39,39,OH,OH Non-migrants,4337523,8998550,266146440
39,12,FL,Florida,12133,22128,953600
39,48,TX,Texas,6919,13757,374486
39,21,KY,Kentucky,6135,11283,274107
39,26,MI,Michigan,5001,9315,266714
39,06,CA,California,4921,8212,299605
39,18,IN,Indiana,4644,8840,229664
39,42,PA,Pennsylvania,4401,7725,239116
39,37,NC,North Carolina,4328,8222,243404
39,13,GA,Georgia,3515,6967,187295
39,17,IL,Illinois,3264,5305,202405
39,36,NY,New York,2918,4769,182075
39,47,TN,Tennessee,2739,5381,164205
39,51,VA,Virginia,2732,5064,142294
39,45,SC,South Carolina,2608,5061,168278
39,54,WV,West Virginia,2599,4992,87564
39,04,AZ,Arizona,2284,4118,147184
39,08,CO,Colorado,2062,3477,112221
39,57,FR,Foreign,1858,3615,131099
39,53,WA,Washington,1489,2625,89979
39,24,MD,Maryland,1391,2372,77046
39,29,MO,Missouri,1051,2033,62216
39,01,AL,Alabama,1043,2217,49079
39,34,NJ,New Jersey,973,1807,68466
39,25,MA,Massachusetts,947,1549,71664
39,32,NV,Nevada,916,1611,44721
39,55,WI,Wisconsin,876,1644,51745
39,27,MN,Minnesota,771,1403,52693
39,22,LA,Louisiana,652,1219,29871
39,41,OR,Oregon,637,1086,33768
39,40,OK,Oklahoma,594,1131,30289
39,20,KS,Kansas,541,1125,28376
39,09,CT,Connecticut,500,938,47708
39,28,MS,Mississippi,442,863,21561
39,19,IA,Iowa,438,836,22751
39,49,UT,Utah,409,912,24601
39,05,AR,Arkansas,394,824,23932
39,15,HI,Hawaii,393,734,16366
39,35,NM,New Mexico,371,668,20216
39,11,DC,District Of Columbia,349,420,17892
39,31,NE,Nebraska,280,521,14846
39,02,AK,Alaska,258,528,12254
39,38,ND,North Dakota,229,399,9280
39,30,MT,Montana,229,433,11991
39,16,ID,Idaho,229,485,12160
39,33,NH,New Hampshire,200,364,15799
39,10,DE,Delaware,196,384,10397
39,23,ME,Maine,192,349,8804
39,46,SD,South Dakota,170,334,8913
39,44,RI,Rhode Island,152,258,8001
39,56,WY,Wyoming,144,247,7610
39,50,VT,Vermont,117,195,5856
40,96,OK,OK Total Migration-US and Foreign,40104,82573,2002649
40,97,OK,OK Total Migration-US,39236,80666,1954726
40,98,OK,OK Total Migration-Foreign,868,1907,47923
40,97,OK,OK Total Migration-Same State,59728,125459,2609510
40,40,OK,OK Non-migrants,1226569,2768163,79784941
40,48,TX,Texas,11300,23332,624648
40,05,AR,Arkansas,2650,5835,94268
40,06,CA,California,2355,4429,104963
40,20,KS,Kansas,2163,4502,91427
40,12,FL,Florida,1988,3935,136916
40,08,CO,Colorado,1780,3496,100973
40,29,MO,Missouri,1765,3676,87268
40,04,AZ,Arizona,962,1936,43927
40,13,GA,Georgia,910,1887,36596
40,57,FR,Foreign,868,1907,47923
40,53,WA,Washington,864,1775,38224
40,37,NC,North Carolina,757,1596,35791
40,17,IL,Illinois,718,1405,33076
40,47,TN,Tennessee,712,1465,32121
40,51,VA,Virginia,676,1416,33273
40,22,LA,Louisiana,645,1396,35455
40,35,NM,New Mexico,564,1170,24482
40,39,OH,Ohio,553,1172,25351
40,36,NY,New York,539,963,20099
40,18,IN,Indiana,456,997,19329
40,32,NV,Nevada,441,860,19302
40,26,MI,Michigan,437,883,19079
40,42,PA,Pennsylvania,400,809,27996
40,41,OR,Oregon,386,782,18365
40,01,AL,Alabama,383,869,14459
40,45,SC,South Carolina,372,767,18192
40,31,NE,Nebraska,346,720,16171
40,27,MN,Minnesota,298,587,14501
40,21,KY,Kentucky,294,673,13192
40,19,IA,Iowa,290,593,12515
40,55,WI,Wisconsin,288,574,13903
40,28,MS,Mississippi,279,628,10315
40,24,MD,Maryland,276,555,16412
40,49,UT,Utah,274,647,18935
40,02,AK,Alaska,261,581,14287
40,15,HI,Hawaii,215,499,9072
40,34,NJ,New Jersey,193,369,9927
40,56,WY,Wyoming,182,403,11598
40,30,MT,Montana,171,384,8198
40,38,ND,North Dakota,169,351,7527
40,25,MA,Massachusetts,165,258,7479
40,16,ID,Idaho,164,413,6730
40,46,SD,South Dakota,147,298,6407
40,09,CT,Connecticut,95,158,4392
40,54,WV,West Virginia,87,180,4799
40,11,DC,District Of Columbia,65,80,2948
40,33,NH,New Hampshire,56,105,2518
40,10,DE,Delaware,48,93,2777
40,23,ME,Maine,40,68,1540
40,44,RI,Rhode Island,31,50,1476
40,50,VT,Vermont,26,46,1529
41,96,OR,OR Total Migration-US and Foreign,46702,85360,2388315
41,97,OR,OR Total Migration-US,45753,83598,2337112
41,98,OR,OR Total Migration-Foreign,949,1762,51204
41,97,OR,OR Total Migration-Same State,55950,99378,2588597
41,41,OR,OR Non-migrants,1371053,2916132,88819999
41,53,WA,Washington,12431,23972,649416
41,06,CA,California,8793,15122,471356
41,48,TX,Texas,2436,4807,131943
41,04,AZ,Arizona,2370,4258,137701
41,16,ID,Idaho,2046,4222,87473
41,08,CO,Colorado,1455,2521,71723
41,32,NV,Nevada,1324,2366,58678
41,12,FL,Florida,1207,2130,61813
41,57,FR,Foreign,949,1762,51204
41,49,UT,Utah,855,1752,40569
41,36,NY,New York,829,1209,39690
41,30,MT,Montana,766,1324,34896
41,02,AK,Alaska,720,1241,32239
41,15,HI,Hawaii,706,1288,30858
41,37,NC,North Carolina,613,1081,30233
41,17,IL,Illinois,590,970,31635
41,51,VA,Virginia,537,964,32800
41,27,MN,Minnesota,466,862,24140
41,13,GA,Georgia,460,851,25610
41,26,MI,Michigan,457,779,23814
41,39,OH,Ohio,423,759,20219
41,42,PA,Pennsylvania,391,611,19464
41,25,MA,Massachusetts,388,610,29356
41,47,TN,Tennessee,371,669,15470
41,29,MO,Missouri,361,685,16290
41,38,ND,North Dakota,335,589,14837
41,35,NM,New Mexico,325,550,13996
41,55,WI,Wisconsin,321,584,15738
41,24,MD,Maryland,289,499,15765
41,40,OK,Oklahoma,287,572,11545
41,20,KS,Kansas,261,485,11051
41,56,WY,Wyoming,260,506,10879
41,22,LA,Louisiana,234,414,8798
41,19,IA,Iowa,232,452,11863
41,18,IN,Indiana,228,405,10412
41,34,NJ,New Jersey,212,373,12480
41,45,SC,South Carolina,196,366,10467
41,21,KY,Kentucky,173,301,8761
41,31,NE,Nebraska,165,284,6060
41,05,AR,Arkansas,164,340,5572
41,01,AL,Alabama,162,310,8250
41,09,CT,Connecticut,126,238,11024
41,46,SD,South Dakota,124,239,5050
41,11,DC,District Of Columbia,124,152,5731
41,23,ME,Maine,109,175,4385
41,28,MS,Mississippi,96,171,3844
41,33,NH,New Hampshire,92,154,3615
41,50,VT,Vermont,83,136,3106
41,44,RI,Rhode Island,66,92,2745
41,54,WV,West Virginia,53,90,2257
41,10,DE,Delaware,41,68,1496
42,96,PA,PA Total Migration-US and Foreign,115170,204494,7435852
42,97,PA,PA Total Migration-US,112666,199665,7233022
42,98,PA,PA Total Migration-Foreign,2504,4829,202831
42,97,PA,PA Total Migration-Same State,129235,222021,6416732
42,42,PA,PA Non-migrants,4858301,10081510,334667719
42,12,FL,Florida,13614,24687,1115546
42,34,NJ,New Jersey,12642,21830,748692
42,36,NY,New York,11262,18590,668872
42,24,MD,Maryland,7020,12111,387357
42,48,TX,Texas,6514,12702,393193
42,06,CA,California,6244,9969,470662
42,51,VA,Virginia,5535,9532,304358
42,37,NC,North Carolina,5362,9986,312709
42,39,OH,Ohio,5209,9482,281403
42,10,DE,Delaware,3891,7119,213914
42,13,GA,Georgia,3113,6068,168369
42,45,SC,South Carolina,2972,5658,195731
42,57,FR,Foreign,2504,4829,202831
42,25,MA,Massachusetts,2450,4007,199399
42,08,CO,Colorado,2184,3650,174431
42,17,IL,Illinois,1965,3384,204226
42,04,AZ,Arizona,1879,3356,122134
42,54,WV,West Virginia,1699,3055,77819
42,47,TN,Tennessee,1546,2969,92835
42,26,MI,Michigan,1478,2669,112998
42,53,WA,Washington,1413,2478,95777
42,09,CT,Connecticut,1268,2186,101383
42,18,IN,Indiana,972,1932,56844
42,11,DC,District Of Columbia,834,980,49360
42,32,NV,Nevada,797,1376,41578
42,29,MO,Missouri,792,1518,54942
42,21,KY,Kentucky,762,1502,41340
42,41,OR,Oregon,711,1170,43473
42,55,WI,Wisconsin,654,1256,40429
42,22,LA,Louisiana,647,1108,36821
42,27,MN,Minnesota,593,1076,44747
42,01,AL,Alabama,559,1057,29035
42,40,OK,Oklahoma,516,1028,29643
42,23,ME,Maine,495,868,28198
42,33,NH,New Hampshire,448,756,32210
42,20,KS,Kansas,421,827,30481
42,49,UT,Utah,415,838,27754
42,15,HI,Hawaii,398,655,19033
42,35,NM,New Mexico,361,631,23098
42,44,RI,Rhode Island,335,573,19651
42,19,IA,Iowa,334,707,21664
42,28,MS,Mississippi,317,629,15003
42,50,VT,Vermont,292,460,15547
42,05,AR,Arkansas,291,558,15384
42,02,AK,Alaska,265,441,12590
42,38,ND,North Dakota,250,483,10979
42,30,MT,Montana,236,402,12108
42,31,NE,Nebraska,201,391,10458
42,16,ID,Idaho,182,365,10091
42,56,WY,Wyoming,176,302,10298
42,46,SD,South Dakota,152,288,8458
44,96,RI,RI Total Migration-US and Foreign,15283,26553,925640
44,97,RI,RI Total Migration-US,14982,25908,907382
44,98,RI,RI Total Migration-Foreign,301,645,18258
44,97,RI,RI Total Migration-Same State,8356,13657,436994
44,44,RI,RI Non-migrants,401380,802474,27431929
44,25,MA,Massachusetts,4383,7037,247885
44,12,FL,Florida,2080,3823,159664
44,09,CT,Connecticut,1124,1787,60909
44,36,NY,New York,967,1501,49836
44,06,CA,California,759,1324,42544
44,48,TX,Texas,557,1046,42614
44,37,NC,North Carolina,474,954,28591
44,51,VA,Virginia,423,968,28729
44,33,NH,New Hampshire,365,575,21646
44,42,PA,Pennsylvania,330,602,17972
44,34,NJ,New Jersey,317,525,16130
44,57,FR,Foreign,301,645,18258
44,13,GA,Georgia,267,559,14823
44,24,MD,Maryland,229,403,13233
44,23,ME,Maine,229,405,10582
44,45,SC,South Carolina,220,408,15895
44,17,IL,Illinois,169,267,10117
44,04,AZ,Arizona,169,297,13901
44,53,WA,Washington,164,297,8343
44,08,CO,Colorado,158,266,12243
44,47,TN,Tennessee,137,239,9166
44,39,OH,Ohio,136,234,7297
44,50,VT,Vermont,108,166,5990
44,26,MI,Michigan,99,186,6505
44,15,HI,Hawaii,90,192,6719
44,41,OR,Oregon,88,142,3995
44,11,DC,District Of Columbia,81,96,4636
44,27,MN,Minnesota,71,126,3104
44,32,NV,Nevada,67,112,3575
44,22,LA,Louisiana,67,124,3260
44,21,KY,Kentucky,67,138,3983
44,55,WI,Wisconsin,61,106,4759
44,29,MO,Missouri,55,93,2867
44,10,DE,Delaware,45,82,2406
44,01,AL,Alabama,45,85,1631
44,49,UT,Utah,43,68,4900
44,18,IN,Indiana,43,77,2063
44,20,KS,Kansas,41,77,1453
44,35,NM,New Mexico,34,60,1966
44,40,OK,Oklahoma,31,53,1143
44,19,IA,Iowa,29,71,2586
44,31,NE,Nebraska,27,61,1396
44,16,ID,Idaho,25,54,1232
44,28,MS,Mississippi,23,54,1206
44,02,AK,Alaska,21,49,909
44,05,AR,Arkansas,20,41,813
44,54,WV,West Virginia,17,23,874
44,46,SD,South Dakota,16,31,913
44,38,ND,North Dakota,11,24,378
44,30,MT,Montana,-1,-1,-1
44,56,WY,Wyoming,-1,-1,-1
45,96,SC,SC Total Migration-US and Foreign,56978,111343,2706452
45,97,SC,SC Total Migration-US,55738,108788,2642418
45,98,SC,SC Total Migration-Foreign,1240,2555,64033
45,97,SC,SC Total Migration-Same State,59803,120092,2647356
45,45,SC,SC Non-migrants,1596708,3504182,91463319
45,37,NC,North Carolina,10947,21281,521579
45,13,GA,Georgia,7154,14379,292656
45,12,FL,Florida,5823,11203,314769
45,48,TX,Texas,3852,8322,171007
45,51,VA,Virginia,2789,5409,134193
45,36,NY,New York,2546,4232,96105
45,06,CA,California,1992,3712,112178
45,47,TN,Tennessee,1872,3795,96160
45,39,OH,Ohio,1508,2827,89236
45,42,PA,Pennsylvania,1477,2750,64629
45,57,FR,Foreign,1240,2555,64033
45,24,MD,Maryland,1156,2117,51718
45,53,WA,Washington,885,1754,47858
45,34,NJ,New Jersey,881,1587,33648
45,26,MI,Michigan,854,1641,45258
45,01,AL,Alabama,854,1892,44713
45,08,CO,Colorado,843,1519,39551
45,17,IL,Illinois,795,1558,41656
45,21,KY,Kentucky,655,1404,29460
45,18,IN,Indiana,626,1193,28524
45,25,MA,Massachusetts,625,1028,32425
45,04,AZ,Arizona,556,1138,27363
45,22,LA,Louisiana,508,1051,23973
45,29,MO,Missouri,500,1066,23746
45,09,CT,Connecticut,489,874,22101
45,54,WV,West Virginia,417,828,16471
45,15,HI,Hawaii,374,775,16498
45,40,OK,Oklahoma,365,814,15923
45,28,MS,Mississippi,349,745,17559
45,55,WI,Wisconsin,342,643,19077
45,20,KS,Kansas,319,690,15663
45,32,NV,Nevada,313,600,14430
45,41,OR,Oregon,256,433,11329
45,27,MN,Minnesota,255,505,13175
45,05,AR,Arkansas,248,505,11366
45,33,NH,New Hampshire,213,388,9848
45,49,UT,Utah,202,461,9125
45,11,DC,District Of Columbia,200,291,11070
45,19,IA,Iowa,198,401,9759
45,23,ME,Maine,195,346,10948
45,35,NM,New Mexico,182,384,9163
45,02,AK,Alaska,170,400,5837
45,10,DE,Delaware,158,316,7086
45,44,RI,Rhode Island,131,224,4826
45,31,NE,Nebraska,121,249,5830
45,38,ND,North Dakota,112,215,4261
45,16,ID,Idaho,106,242,5432
45,50,VT,Vermont,92,151,3688
45,30,MT,Montana,85,170,3289
45,56,WY,Wyoming,78,145,3019
45,46,SD,South Dakota,70,135,3241
46,96,SD,SD Total Migration-US and Foreign,12935,24221,581213
46,97,SD,SD Total Migration-US,12718,23764,572195
46,98,SD,SD Total Migration-Foreign,217,457,9018
46,97,SD,SD Total Migration-Same State,13565,25232,595694
46,46,SD,SD Non-migrants,309854,668927,20522144
46,27,MN,Minnesota,1655,2892,65930
46,19,IA,Iowa,882,1627,38206
46,48,TX,Texas,849,1601,36851
46,31,NE,Nebraska,808,1558,33650
46,38,ND,North Dakota,779,1489,36007
46,12,FL,Florida,771,1361,36304
46,08,CO,Colorado,760,1266,31624
46,04,AZ,Arizona,629,1174,31507
46,06,CA,California,578,1063,28417
46,56,WY,Wyoming,431,843,18486
46,53,WA,Washington,329,607,14763
46,55,WI,Wisconsin,281,575,14050
46,30,MT,Montana,252,520,11609
46,29,MO,Missouri,247,461,11209
46,57,FR,Foreign,217,457,9018
46,20,KS,Kansas,216,449,9006
46,17,IL,Illinois,216,370,9111
46,32,NV,Nevada,211,377,8914
46,13,GA,Georgia,199,392,7424
46,26,MI,Michigan,175,361,8341
46,37,NC,North Carolina,170,324,8556
46,41,OR,Oregon,169,310,8077
46,51,VA,Virginia,155,310,8361
46,40,OK,Oklahoma,154,306,2765
46,39,OH,Ohio,151,291,6277
46,47,TN,Tennessee,138,258,9863
46,36,NY,New York,135,222,5333
46,35,NM,New Mexico,122,228,5593
46,18,IN,Indiana,116,242,6666
46,49,UT,Utah,111,261,6283
46,42,PA,Pennsylvania,102,196,4578
46,16,ID,Idaho,99,210,5820
46,02,AK,Alaska,93,167,3845
46,01,AL,Alabama,81,167,3915
46,05,AR,Arkansas,78,175,4210
46,45,SC,South Carolina,75,150,5234
46,24,MD,Maryland,75,147,4794
46,21,KY,Kentucky,70,146,3108
46,22,LA,Louisiana,54,107,1878
46,28,MS,Mississippi,48,106,2099
46,25,MA,Massachusetts,44,73,1890
46,34,NJ,New Jersey,43,79,2629
46,15,HI,Hawaii,41,93,3525
46,33,NH,New Hampshire,25,47,1339
46,23,ME,Maine,24,44,1217
46,54,WV,West Virginia,22,38,564
46,11,DC,District Of Columbia,21,26,1047
46,09,CT,Connecticut,21,26,706
46,10,DE,Delaware,13,29,612
46,50,VT,Vermont,-1,-1,-1
46,44,RI,Rhode Island,-1,-1,-1
47,96,TN,TN Total Migration-US and Foreign,73297,147352,3604559
47,97,TN,TN Total Migration-US,72191,145032,3538257
47,98,TN,TN Total Migration-Foreign,1106,2320,66302
47,97,TN,TN Total Migration-Same State,84993,168771,3527842
47,47,TN,TN Non-migrants,2233176,4914259,132740852
47,12,FL,Florida,7657,14915,400149
47,48,TX,Texas,7200,15432,343845
47,13,GA,Georgia,6892,14004,299678
47,28,MS,Mississippi,4603,9904,175558
47,21,KY,Kentucky,3952,8293,147312
47,37,NC,North Carolina,3549,6943,175828
47,01,AL,Alabama,3485,7097,162759
47,06,CA,California,3075,5562,154230
47,51,VA,Virginia,2901,5976,140619
47,39,OH,Ohio,2241,4430,115276
47,17,IL,Illinois,2000,3745,97304
47,45,SC,South Carolina,1834,3734,115835
47,26,MI,Michigan,1820,3621,74848
47,18,IN,Indiana,1731,3595,71363
47,05,AR,Arkansas,1706,3539,81069
47,36,NY,New York,1473,2594,71009
47,08,CO,Colorado,1423,2662,73054
47,29,MO,Missouri,1413,2922,80781
47,22,LA,Louisiana,1196,2408,61095
47,42,PA,Pennsylvania,1185,2304,69274
47,57,FR,Foreign,1106,2320,66302
47,53,WA,Washington,1077,2165,56705
47,04,AZ,Arizona,998,1986,57871
47,24,MD,Maryland,782,1486,42447
47,40,OK,Oklahoma,695,1469,29235
47,55,WI,Wisconsin,581,1149,24878
47,25,MA,Massachusetts,535,910,32033
47,34,NJ,New Jersey,528,967,35204
47,27,MN,Minnesota,527,1036,24594
47,20,KS,Kansas,480,1105,102626
47,32,NV,Nevada,451,825,25621
47,41,OR,Oregon,448,781,20822
47,19,IA,Iowa,389,827,18068
47,15,HI,Hawaii,345,772,15346
47,54,WV,West Virginia,331,638,13101
47,49,UT,Utah,291,671,14638
47,35,NM,New Mexico,271,521,12025
47,09,CT,Connecticut,247,419,12566
47,02,AK,Alaska,231,447,9679
47,31,NE,Nebraska,214,467,9957
47,11,DC,District Of Columbia,193,239,8650
47,38,ND,North Dakota,174,331,6178
47,16,ID,Idaho,170,407,11812
47,30,MT,Montana,150,299,9854
47,33,NH,New Hampshire,148,284,7887
47,23,ME,Maine,146,273,6093
47,56,WY,Wyoming,109,204,4858
47,46,SD,South Dakota,102,186,4515
47,10,DE,Delaware,95,198,4260
47,44,RI,Rhode Island,92,186,3724
47,50,VT,Vermont,55,104,2126
48,96,TX,TX Total Migration-US and Foreign,202495,411911,12341640
48,97,TX,TX Total Migration-US,194622,394577,11565710
48,98,TX,TX Total Migration-Foreign,7873,17334,775931
48,97,TX,TX Total Migration-Same State,459041,930166,25259624
48,48,TX,TX Non-migrants,8740404,20329645,634482029
48,06,CA,California,21391,41344,1562930
48,12,FL,Florida,17657,34019,1083552
48,40,OK,Oklahoma,10126,21378,538964
48,22,LA,Louisiana,9908,20498,507793
48,08,CO,Colorado,9517,19130,645027
48,13,GA,Georgia,8487,18033,440052
48,57,FR,Foreign,7873,17334,775931
48,36,NY,New York,6623,11624,358541
48,04,AZ,Arizona,6581,13649,386121
48,35,NM,New Mexico,6046,12896,292851
48,37,NC,North Carolina,6008,12869,373019
48,51,VA,Virginia,5987,12803,432661
48,17,IL,Illinois,5887,11270,364459
48,53,WA,Washington,5823,11752,340146
48,05,AR,Arkansas,5299,11031,250506
48,47,TN,Tennessee,4764,9868,283660
48,29,MO,Missouri,4234,8671,231062
48,39,OH,Ohio,4129,8283,205374
48,26,MI,Michigan,3808,7762,194698
48,42,PA,Pennsylvania,3569,6988,242597
48,20,KS,Kansas,3329,7236,184043
48,01,AL,Alabama,3147,6997,156272
48,24,MD,Maryland,2881,5719,173684
48,32,NV,Nevada,2818,5562,124432
48,18,IN,Indiana,2741,5783,128841
48,45,SC,South Carolina,2619,5572,174614
48,28,MS,Mississippi,2511,5375,115773
48,34,NJ,New Jersey,2392,4742,176915
48,27,MN,Minnesota,2282,4599,133385
48,41,OR,Oregon,2240,4166,127936
48,25,MA,Massachusetts,2201,3842,162601
48,55,WI,Wisconsin,2033,4139,111591
48,21,KY,Kentucky,1922,4256,102725
48,49,UT,Utah,1851,4465,111202
48,15,HI,Hawaii,1756,3852,85733
48,19,IA,Iowa,1461,2967,70620
48,31,NE,Nebraska,1364,2899,66994
48,02,AK,Alaska,1188,2632,87711
48,09,CT,Connecticut,1088,2092,102090
48,16,ID,Idaho,1048,2378,60819
48,38,ND,North Dakota,763,1576,40855
48,30,MT,Montana,763,1569,47301
48,56,WY,Wyoming,713,1473,76338
48,11,DC,District Of Columbia,705,975,41967
48,46,SD,South Dakota,590,1183,28679
48,54,WV,West Virginia,521,1072,26019
48,23,ME,Maine,483,999,26437
48,33,NH,New Hampshire,444,859,35482
48,10,DE,Delaware,408,790,23251
48,44,RI,Rhode Island,309,545,15383
48,50,VT,Vermont,207,395,12002
49,96,UT,UT Total Migration-US and Foreign,32108,72689,1639423
49,97,UT,UT Total Migration-US,31442,71080,1600870
49,98,UT,UT Total Migration-Foreign,666,1609,38552
49,97,UT,UT Total Migration-Same State,33388,76785,1570927
49,49,UT,UT Non-migrants,899505,2370897,60801693
49,06,CA,California,4627,9946,230279
49,48,TX,Texas,2614,6461,138560
49,04,AZ,Arizona,2541,5843,117341
49,32,NV,Nevada,2218,4892,120111
49,16,ID,Idaho,2150,5249,90517
49,08,CO,Colorado,1913,4142,99562
49,53,WA,Washington,1826,3973,97054
49,41,OR,Oregon,1211,2527,58239
49,12,FL,Florida,1182,2575,68151
49,56,WY,Wyoming,950,2292,49930
49,57,FR,Foreign,666,1609,38552
49,51,VA,Virginia,615,1393,33108
49,36,NY,New York,548,921,27730
49,13,GA,Georgia,501,1161,23496
49,30,MT,Montana,494,1116,21180
49,37,NC,North Carolina,479,1165,24013
49,35,NM,New Mexico,462,1035,18959
49,17,IL,Illinois,442,951,23137
49,39,OH,Ohio,421,1005,22073
49,42,PA,Pennsylvania,384,863,23055
49,15,HI,Hawaii,368,843,17856
49,29,MO,Missouri,365,966,19364
49,38,ND,North Dakota,327,804,18605
49,26,MI,Michigan,323,725,15354
49,40,OK,Oklahoma,288,696,14436
49,27,MN,Minnesota,287,600,14834
49,02,AK,Alaska,278,636,13153
49,47,TN,Tennessee,276,666,13764
49,25,MA,Massachusetts,264,519,13694
49,24,MD,Maryland,264,615,17154
49,55,WI,Wisconsin,246,540,14439
49,20,KS,Kansas,237,595,11341
49,18,IN,Indiana,224,552,12174
49,34,NJ,New Jersey,212,432,17338
49,19,IA,Iowa,211,522,10873
49,45,SC,South Carolina,190,438,13255
49,21,KY,Kentucky,185,428,10627
49,31,NE,Nebraska,180,468,7481
49,01,AL,Alabama,149,373,8901
49,22,LA,Louisiana,144,296,6123
49,05,AR,Arkansas,122,300,5577
49,28,MS,Mississippi,105,279,4904
49,09,CT,Connecticut,105,223,4849
49,46,SD,South Dakota,103,217,4988
49,33,NH,New Hampshire,85,191,4720
49,23,ME,Maine,84,169,5035
49,50,VT,Vermont,71,153,4412
49,11,DC,District Of Columbia,57,87,2948
49,54,WV,West Virginia,56,123,2810
49,44,RI,Rhode Island,34,59,1568
49,10,DE,Delaware,24,55,1795
50,96,VT,VT Total Migration-US and Foreign,10011,15952,577168
50,97,VT,VT Total Migration-US,9824,15623,569092
50,98,VT,VT Total Migration-Foreign,187,329,8076
50,97,VT,VT Total Migration-Same State,6455,10387,251607
50,50,VT,VT Non-migrants,255942,501982,15768934
50,33,NH,New Hampshire,1298,2122,68700
50,36,NY,New York,1195,1819,58050
50,25,MA,Massachusetts,1079,1507,52675
50,12,FL,Florida,957,1609,122027
50,06,CA,California,511,708,29153
50,37,NC,North Carolina,366,683,18590
50,23,ME,Maine,334,521,14743
50,09,CT,Connecticut,319,513,18869
50,48,TX,Texas,277,512,16115
50,08,CO,Colorado,267,392,10969
50,51,VA,Virginia,247,449,13279
50,42,PA,Pennsylvania,246,368,9890
50,45,SC,South Carolina,209,399,14113
50,57,FR,Foreign,187,329,8076
50,04,AZ,Arizona,176,252,8066
50,53,WA,Washington,175,244,7640
50,34,NJ,New Jersey,167,267,8180
50,13,GA,Georgia,165,272,6860
50,41,OR,Oregon,138,214,6316
50,39,OH,Ohio,136,218,5855
50,24,MD,Maryland,130,210,7060
50,47,TN,Tennessee,126,225,6039
50,17,IL,Illinois,121,195,5630
50,44,RI,Rhode Island,101,143,4504
50,26,MI,Michigan,99,164,5262
50,55,WI,Wisconsin,70,121,3307
50,27,MN,Minnesota,68,108,3484
50,49,UT,Utah,67,113,2335
50,32,NV,Nevada,58,103,4095
50,30,MT,Montana,57,87,1941
50,35,NM,New Mexico,54,81,3758
50,11,DC,District Of Columbia,52,59,2881
50,21,KY,Kentucky,47,76,1406
50,18,IN,Indiana,47,86,2920
50,29,MO,Missouri,41,74,1484
50,56,WY,Wyoming,40,46,2479
50,02,AK,Alaska,40,61,2064
50,16,ID,Idaho,37,69,1877
50,15,HI,Hawaii,35,52,1138
50,22,LA,Louisiana,33,50,1671
50,19,IA,Iowa,32,58,1853
50,01,AL,Alabama,31,60,2203
50,31,NE,Nebraska,26,52,1926
50,54,WV,West Virginia,25,39,1337
50,40,OK,Oklahoma,25,49,800
50,10,DE,Delaware,22,39,1448
50,20,KS,Kansas,20,36,909
50,05,AR,Arkansas,19,34,941
50,38,ND,North Dakota,14,28,1204
50,28,MS,Mississippi,14,22,679
50,46,SD,South Dakota,11,14,366
51,96,VA,VA Total Migration-US and Foreign,131340,257689,8718819
51,97,VA,VA Total Migration-US,125822,244791,8281529
51,98,VA,VA Total Migration-Foreign,5518,12898,437290
51,97,VA,VA Total Migration-Same State,174659,330472,9099320
51,51,VA,VA Non-migrants,2872327,6220277,229663631
51,24,MD,Maryland,15921,29967,838295
51,12,FL,Florida,12498,24859,947470
51,37,NC,North Carolina,12415,24836,727710
51,48,TX,Texas,9031,19584,637992
51,06,CA,California,8340,16055,590747
51,11,DC,District Of Columbia,5783,7610,416684
51,36,NY,New York,5699,9648,334115
51,57,FR,Foreign,5518,12898,437290
51,13,GA,Georgia,5017,10337,322303
51,42,PA,Pennsylvania,4775,8707,299051
51,45,SC,South Carolina,3894,7785,268791
51,47,TN,Tennessee,3613,7313,204006
51,39,OH,Ohio,2827,5680,176384
51,54,WV,West Virginia,2580,5090,123211
51,08,CO,Colorado,2477,4770,198332
51,34,NJ,New Jersey,2399,4432,160286
51,53,WA,Washington,2286,4607,297718
51,17,IL,Illinois,2164,4142,149274
51,25,MA,Massachusetts,1869,3253,136816
51,04,AZ,Arizona,1629,3298,115492
51,26,MI,Michigan,1577,3156,109183
51,01,AL,Alabama,1310,2947,85697
51,21,KY,Kentucky,1198,2554,62939
51,18,IN,Indiana,1097,2269,65566
51,29,MO,Missouri,1082,2268,74468
51,15,HI,Hawaii,1073,2603,71817
51,22,LA,Louisiana,1061,2140,59804
51,09,CT,Connecticut,1000,1976,77112
51,32,NV,Nevada,828,1553,56150
51,41,OR,Oregon,809,1477,56643
51,10,DE,Delaware,806,1507,55308
51,20,KS,Kansas,743,1827,46973
51,27,MN,Minnesota,701,1409,47711
51,40,OK,Oklahoma,681,1496,41263
51,55,WI,Wisconsin,649,1272,38197
51,28,MS,Mississippi,634,1370,30286
51,49,UT,Utah,625,1393,42834
51,05,AR,Arkansas,495,1049,27365
51,23,ME,Maine,492,979,36680
51,35,NM,New Mexico,474,919,35096
51,19,IA,Iowa,447,876,24269
51,33,NH,New Hampshire,442,807,37113
51,02,AK,Alaska,388,848,21109
51,44,RI,Rhode Island,364,784,25660
51,31,NE,Nebraska,353,777,21857
51,16,ID,Idaho,294,662,20839
51,30,MT,Montana,247,491,19118
51,50,VT,Vermont,223,429,15052
51,38,ND,North Dakota,183,332,8486
51,46,SD,South Dakota,168,326,11175
51,56,WY,Wyoming,161,322,11082
53,96,WA,WA Total Migration-US and Foreign,85001,167489,4951070
53,97,WA,WA Total Migration-US,81461,159918,4716423
53,98,WA,WA Total Migration-Foreign,3540,7571,234647
53,97,WA,WA Total Migration-Same State,84597,156686,4176334
53,53,WA,WA Non-migrants,2539379,5502208,194855785
53,06,CA,California,14877,28034,1041118
53,41,OR,Oregon,10765,19713,536753
53,48,TX,Texas,6319,13562,359679
53,04,AZ,Arizona,4616,8695,289317
53,16,ID,Idaho,4170,8452,180997
53,12,FL,Florida,3627,7025,201606
53,57,FR,Foreign,3540,7571,234647
53,08,CO,Colorado,2517,4867,149965
53,32,NV,Nevada,2040,3900,102314
53,36,NY,New York,1969,3231,134604
53,51,VA,Virginia,1826,4070,114331
53,15,HI,Hawaii,1792,3705,99390
53,13,GA,Georgia,1727,3984,93872
53,37,NC,North Carolina,1675,3584,104794
53,30,MT,Montana,1656,3072,79871
53,02,AK,Alaska,1493,2889,68141
53,49,UT,Utah,1481,3292,92258
53,17,IL,Illinois,1368,2416,89090
53,26,MI,Michigan,957,1849,55422
53,39,OH,Ohio,945,1938,49782
53,47,TN,Tennessee,935,2041,50996
53,42,PA,Pennsylvania,900,1714,55716
53,27,MN,Minnesota,899,1732,44712
53,29,MO,Missouri,885,1847,49046
53,25,MA,Massachusetts,814,1416,57946
53,45,SC,South Carolina,801,1794,52610
53,24,MD,Maryland,773,1538,52150
53,40,OK,Oklahoma,705,1546,32964
53,55,WI,Wisconsin,703,1348,52629
53,20,KS,Kansas,666,1520,37649
53,38,ND,North Dakota,648,1289,28278
53,35,NM,New Mexico,638,1172,34694
53,22,LA,Louisiana,582,1144,24142
53,18,IN,Indiana,569,1168,27171
53,01,AL,Alabama,549,1303,25938
53,34,NJ,New Jersey,523,1048,39863
53,21,KY,Kentucky,507,1162,20959
53,19,IA,Iowa,422,833,19327
53,56,WY,Wyoming,392,799,20476
53,05,AR,Arkansas,356,754,14105
53,31,NE,Nebraska,337,698,16742
53,09,CT,Connecticut,333,630,23709
53,46,SD,South Dakota,303,603,15949
53,28,MS,Mississippi,288,619,11386
53,11,DC,District Of Columbia,256,329,16173
53,23,ME,Maine,222,411,12722
53,33,NH,New Hampshire,189,344,10629
53,44,RI,Rhode Island,136,269,8649
53,54,WV,West Virginia,119,249,5935
53,50,VT,Vermont,102,157,4293
53,10,DE,Delaware,89,163,5564
54,96,WV,WV Total Migration-US and Foreign,19488,36953,888648
54,97,WV,WV Total Migration-US,19350,36684,883576
54,98,WV,WV Total Migration-Foreign,138,269,5072
54,97,WV,WV Total Migration-Same State,17524,34048,682255
54,54,WV,WV Non-migrants,627221,1339463,34070461
54,39,OH,Ohio,2925,5636,109844
54,51,VA,Virginia,2505,4649,105558
54,12,FL,Florida,1790,3290,98240
54,42,PA,Pennsylvania,1675,2967,88030
54,24,MD,Maryland,1495,2706,62893
54,37,NC,North Carolina,1409,2766,60305
54,48,TX,Texas,863,1691,43607
54,21,KY,Kentucky,813,1694,26427
54,45,SC,South Carolina,796,1560,45405
54,47,TN,Tennessee,484,993,21513
54,06,CA,California,447,761,21599
54,13,GA,Georgia,440,874,19510
54,36,NY,New York,355,641,12319
54,26,MI,Michigan,232,489,10938
54,08,CO,Colorado,231,387,16181
54,18,IN,Indiana,230,496,11737
54,17,IL,Illinois,190,334,8971
54,34,NJ,New Jersey,181,335,6440
54,04,AZ,Arizona,180,372,9759
54,01,AL,Alabama,158,333,7679
54,29,MO,Missouri,140,284,6789
54,57,FR,Foreign,138,269,5072
54,53,WA,Washington,129,250,7404
54,22,LA,Louisiana,115,229,6186
54,40,OK,Oklahoma,106,238,6955
54,55,WI,Wisconsin,92,162,3749
54,25,MA,Massachusetts,90,154,3946
54,11,DC,District Of Columbia,87,113,3386
54,10,DE,Delaware,87,147,5054
54,32,NV,Nevada,83,133,3217
54,28,MS,Mississippi,82,163,4041
54,05,AR,Arkansas,82,164,3822
54,41,OR,Oregon,81,140,5132
54,27,MN,Minnesota,61,117,2582
54,49,UT,Utah,59,154,3008
54,35,NM,New Mexico,57,106,2560
54,09,CT,Connecticut,57,112,4669
54,20,KS,Kansas,54,108,2278
54,15,HI,Hawaii,53,101,2045
54,33,NH,New Hampshire,52,97,1757
54,02,AK,Alaska,52,91,2092
54,30,MT,Montana,49,73,2000
54,56,WY,Wyoming,40,90,2474
54,23,ME,Maine,39,71,2731
54,46,SD,South Dakota,38,74,1974
54,31,NE,Nebraska,33,74,1209
54,38,ND,North Dakota,32,73,1585
54,19,IA,Iowa,31,67,1566
54,16,ID,Idaho,30,58,991
54,50,VT,Vermont,22,36,726
54,44,RI,Rhode Island,18,31,692
55,96,WI,WI Total Migration-US and Foreign,50390,91205,2860171
55,97,WI,WI Total Migration-US,49555,89596,2812330
55,98,WI,WI Total Migration-Foreign,835,1609,47840
55,97,WI,WI Total Migration-Same State,80705,141155,3593792
55,55,WI,WI Non-migrants,2210165,4703500,145338262
55,27,MN,Minnesota,6907,11408,331919
55,17,IL,Illinois,6860,12077,335552
55,12,FL,Florida,4095,7393,349077
55,48,TX,Texas,3815,8006,194158
55,06,CA,California,2877,4944,187089
55,04,AZ,Arizona,2062,3699,128087
55,26,MI,Michigan,2046,3810,107965
55,08,CO,Colorado,1702,2748,90228
55,19,IA,Iowa,1340,2467,67626
55,37,NC,North Carolina,1157,2216,70658
55,53,WA,Washington,1076,1820,63741
55,18,IN,Indiana,1049,2122,54834
55,13,GA,Georgia,1033,2118,70855
55,47,TN,Tennessee,953,1887,51099
55,36,NY,New York,927,1398,50798
55,39,OH,Ohio,918,1743,55876
55,29,MO,Missouri,889,1740,45180
55,57,FR,Foreign,835,1609,47840
55,51,VA,Virginia,749,1372,46026
55,42,PA,Pennsylvania,649,1194,38914
55,41,OR,Oregon,605,1000,31671
55,32,NV,Nevada,520,909,29876
55,45,SC,South Carolina,482,1012,32458
55,25,MA,Massachusetts,471,716,30710
55,38,ND,North Dakota,452,766,21932
55,21,KY,Kentucky,387,775,19369
55,24,MD,Maryland,384,706,24515
55,20,KS,Kansas,371,745,23290
55,05,AR,Arkansas,342,665,13624
55,40,OK,Oklahoma,318,633,14392
55,49,UT,Utah,315,634,17846
55,28,MS,Mississippi,295,609,10940
55,46,SD,South Dakota,291,539,17741
55,01,AL,Alabama,284,540,14449
55,31,NE,Nebraska,278,514,15286
55,34,NJ,New Jersey,277,512,24971
55,22,LA,Louisiana,273,506,10487
55,35,NM,New Mexico,255,442,12378
55,30,MT,Montana,234,421,12355
55,09,CT,Connecticut,227,407,15717
55,15,HI,Hawaii,217,360,8945
55,02,AK,Alaska,210,356,14106
55,11,DC,District Of Columbia,188,227,11648
55,16,ID,Idaho,182,368,10313
55,56,WY,Wyoming,160,283,8052
55,23,ME,Maine,98,173,7856
55,33,NH,New Hampshire,87,145,5268
55,54,WV,West Virginia,81,142,3614
55,10,DE,Delaware,67,154,2908
55,50,VT,Vermont,53,89,3277
55,44,RI,Rhode Island,47,86,2654
56,96,WY,WY Total Migration-US and Foreign,13960,27037,701309
56,97,WY,WY Total Migration-US,13750,26639,691481
56,98,WY,WY Total Migration-Foreign,210,398,9828
56,97,WY,WY Total Migration-Same State,5164,9744,249529
56,56,WY,WY Non-migrants,212527,457045,18116604
56,08,CO,Colorado,2257,4178,120151
56,48,TX,Texas,1180,2328,67963
56,12,FL,Florida,843,1427,34653
56,49,UT,Utah,813,1808,39753
56,30,MT,Montana,781,1498,35849
56,06,CA,California,721,1329,29136
56,04,AZ,Arizona,615,1242,41536
56,16,ID,Idaho,554,1228,27853
56,53,WA,Washington,456,938,19959
56,46,SD,South Dakota,450,864,24361
56,31,NE,Nebraska,393,742,16776
56,32,NV,Nevada,351,682,20437
56,41,OR,Oregon,306,573,12700
56,38,ND,North Dakota,302,676,18139
56,26,MI,Michigan,240,435,10493
56,40,OK,Oklahoma,216,468,13198
56,57,FR,Foreign,210,398,9828
56,35,NM,New Mexico,188,372,9216
56,27,MN,Minnesota,176,306,9021
56,13,GA,Georgia,176,343,5682
56,36,NY,New York,175,258,7999
56,29,MO,Missouri,174,365,8101
56,37,NC,North Carolina,172,327,7256
56,20,KS,Kansas,171,339,10682
56,17,IL,Illinois,168,302,8314
56,39,OH,Ohio,159,348,8764
56,55,WI,Wisconsin,139,235,6720
56,47,TN,Tennessee,134,255,5367
56,42,PA,Pennsylvania,130,240,8414
56,51,VA,Virginia,124,221,5409
56,02,AK,Alaska,123,247,7542
56,19,IA,Iowa,122,215,6202
56,22,LA,Louisiana,113,253,6028
56,05,AR,Arkansas,108,248,4872
56,18,IN,Indiana,94,177,3713
56,01,AL,Alabama,90,188,3993
56,45,SC,South Carolina,74,143,4387
56,21,KY,Kentucky,66,136,2527
56,25,MA,Massachusetts,63,93,2620
56,24,MD,Maryland,59,115,2594
56,15,HI,Hawaii,51,110,2571
56,28,MS,Mississippi,39,91,1515
56,09,CT,Connecticut,38,49,2405
56,34,NJ,New Jersey,35,54,1337
56,54,WV,West Virginia,31,68,2391
56,23,ME,Maine,31,52,984
56,50,VT,Vermont,20,31,683
56,33,NH,New Hampshire,16,27,789
56,11,DC,District Of Columbia,13,15,429
56,10,DE,Delaware,-1,-1,-1
56,44,RI,Rhode Island,-1,-1,-1
