y2_statefips,y1_statefips,y1_state,y1_state_name,n1,n2,AGI
01,96,AL,AL Total Migration-US and Foreign,44507,94198,2134148
01,97,AL,AL Total Migration-US,43621,92053,2088076
01,98,AL,AL Total Migration-Foreign,886,2145,46072
01,97,AL,AL Total Migration-Same State,56941,120358,2291807
01,01,AL,AL Non-migrants,1580065,3564148,91645908
01,13,GA,Georgia,7835,16672,327510
01,12,FL,Florida,6090,12339,278312
01,47,TN,Tennessee,3485,7097,162759
01,48,TX,Texas,3147,6997,156272
01,28,MS,Mississippi,2796,5857,124921
01,37,NC,North Carolina,1589,3513,80133
01,06,CA,California,1567,3255,85024
01,51,VA,Virginia,1310,2947,85697
01,22,LA,Louisiana,1194,2511,65813
01,39,OH,Ohio,1043,2217,49079
01,36,NY,New York,991,1959,42807
01,17,IL,Illinois,990,2008,51869
01,26,MI,Michigan,951,1933,39132
01,57,FR,Foreign,886,2145,46072
01,45,SC,South Carolina,854,1892,44713
01,21,KY,Kentucky,845,1874,37869
01,18,IN,Indiana,705,1488,31889
01,08,CO,Colorado,623,1355,36355
01,29,MO,Missouri,601,1266,31091
01,42,PA,Pennsylvania,559,1057,29035
01,53,WA,Washington,549,1303,25938
01,05,AR,Arkansas,496,1097,25035
01,04,AZ,Arizona,472,938,26511
01,24,MD,Maryland,469,951,26811
01,40,OK,Oklahoma,383,869,14459
01,34,NJ,New Jersey,328,649,15901
01,20,KS,Kansas,324,792,15904
01,15,HI,Hawaii,305,825,15852
01,55,WI,Wisconsin,284,540,14449
01,25,MA,Massachusetts,267,470,14690
01,32,NV,Nevada,232,517,11125
01,02,AK,Alaska,226,512,10232
01,27,MN,Minnesota,211,476,12248
01,09,CT,Connecticut,182,358,10925
01,19,IA,Iowa,180,364,9258
01,35,NM,New Mexico,174,356,9172
01,41,OR,Oregon,162,310,8250
01,54,WV,West Virginia,158,333,7679
01,49,UT,Utah,149,373,8901
01,31,NE,Nebraska,137,336,7036
01,56,WY,Wyoming,90,188,3993
01,30,MT,Montana,85,173,4277
01,38,ND,North Dakota,84,154,4793
01,46,SD,South Dakota,81,167,3915
01,33,NH,New Hampshire,76,138,3196
01,23,ME,Maine,70,129,3159
01,11,DC,District Of Columbia,70,92,4802
01,16,ID,Idaho,68,159,2682
01,10,DE,Delaware,58,102,2771
01,44,RI,Rhode Island,45,85,1631
01,50,VT,Vermont,31,60,2203
02,96,AK,AK Total Migration-US and Foreign,15807,31390,769463
02,97,AK,AK Total Migration-US,15335,30193,744045
02,98,AK,AK Total Migration-Foreign,472,1197,25418
02,97,AK,AK Total Migration-Same State,6924,12930,376019
02,02,AK,AK Non-migrants,259665,547420,19728052
02,06,CA,California,1591,2853,71077
02,53,WA,Washington,1493,2889,68141
02,48,TX,Texas,1188,2632,87711
02,12,FL,Florida,830,1568,34816
02,41,OR,Oregon,720,1241,32239
02,08,CO,Colorado,626,1238,35814
02,04,AZ,Arizona,595,1131,29911
02,37,NC,North Carolina,547,1294,21656
02,13,GA,Georgia,478,1065,19227
02,57,FR,Foreign,472,1197,25418
02,51,VA,Virginia,388,848,21109
02,36,NY,New York,353,628,14409
02,15,HI,Hawaii,344,766,16574
02,32,NV,Nevada,311,564,13844
02,16,ID,Idaho,305,642,16262
02,26,MI,Michigan,302,498,12100
02,30,MT,Montana,285,511,13032
02,17,IL,Illinois,281,472,14628
02,49,UT,Utah,278,636,13153
02,42,PA,Pennsylvania,265,441,12590
02,27,MN,Minnesota,264,452,11589
02,40,OK,Oklahoma,261,581,14287
02,39,OH,Ohio,258,528,12254
02,29,MO,Missouri,244,491,10023
02,47,TN,Tennessee,231,447,9679
02,55,WI,Wisconsin,210,356,14106
02,01,AL,Alabama,193,413,8603
02,22,LA,Louisiana,186,406,8762
02,35,NM,New Mexico,181,385,8963
02,45,SC,South Carolina,170,400,5837
02,20,KS,Kansas,168,406,7734
02,24,MD,Maryland,164,313,8695
02,21,KY,Kentucky,148,360,7389
02,25,MA,Massachusetts,132,225,6622
02,18,IN,Indiana,131,232,4337
02,56,WY,Wyoming,123,247,7542
02,34,NJ,New Jersey,120,212,5144
02,05,AR,Arkansas,112,231,4189
02,28,MS,Mississippi,110,247,4841
02,19,IA,Iowa,102,182,4096
02,46,SD,South Dakota,93,167,3845
02,23,ME,Maine,92,173,4733
02,38,ND,North Dakota,86,153,4175
02,09,CT,Connecticut,82,128,3562
02,31,NE,Nebraska,74,149,3251
02,33,NH,New Hampshire,55,87,2558
02,54,WV,West Virginia,52,91,2092
02,50,VT,Vermont,40,61,2064
02,11,DC,District Of Columbia,27,35,2734
02,10,DE,Delaware,25,69,1138
02,44,RI,Rhode Island,21,49,909
04,96,AZ,AZ Total Migration-US and Foreign,98161,191416,5788883
04,97,AZ,AZ Total Migration-US,95701,185863,5655637
04,98,AZ,AZ Total Migration-Foreign,2460,5553,133246
04,97,AZ,AZ Total Migration-Same State,37532,77910,1577171
04,04,AZ,AZ Non-migrants,2165296,4860906,133659064
04,06,CA,California,19302,37955,1091182
04,48,TX,Texas,6581,13649,386121
04,17,IL,Illinois,4945,9217,346863
04,08,CO,Colorado,4617,8816,275263
04,53,WA,Washington,4616,8695,289317
04,35,NM,New Mexico,3994,8923,170298
04,12,FL,Florida,3383,5882,169818
04,32,NV,Nevada,3252,6507,104308
04,36,NY,New York,2773,4862,180868
04,26,MI,Michigan,2554,4745,141179
04,49,UT,Utah,2541,5843,117341
04,57,FR,Foreign,2460,5553,133246
04,41,OR,Oregon,2370,4258,137701
04,27,MN,Minnesota,2352,4295,275547
04,39,OH,Ohio,2284,4118,147184
04,55,WI,Wisconsin,2062,3699,128087
04,42,PA,Pennsylvania,1879,3356,122134
04,51,VA,Virginia,1629,3298,115492
04,29,MO,Missouri,1598,3085,93046
04,37,NC,North Carolina,1539,3245,78040
04,18,IN,Indiana,1488,2836,84425
04,13,GA,Georgia,1448,3050,75548
04,34,NJ,New Jersey,1203,2208,111576
04,19,IA,Iowa,1107,1994,67983
04,16,ID,Idaho,1099,2407,56081
04,20,KS,Kansas,1042,2107,61386
04,47,TN,Tennessee,998,1986,57871
04,25,MA,Massachusetts,985,1709,64048
04,40,OK,Oklahoma,962,1936,43927
04,24,MD,Maryland,913,1727,70835
04,31,NE,Nebraska,858,1596,52254
04,02,AK,Alaska,849,1640,51740
04,15,HI,Hawaii,830,1682,40864
04,30,MT,Montana,825,1492,37874
04,46,SD,South Dakota,629,1174,31507
04,38,ND,North Dakota,619,1129,47066
04,56,WY,Wyoming,615,1242,41536
04,09,CT,Connecticut,597,1034,45775
04,05,AR,Arkansas,559,1134,22267
04,45,SC,South Carolina,556,1138,27363
04,21,KY,Kentucky,555,1112,28517
04,22,LA,Louisiana,489,1008,23113
04,01,AL,Alabama,472,966,23999
04,28,MS,Mississippi,332,646,13913
04,33,NH,New Hampshire,316,584,43094
04,23,ME,Maine,275,477,11470
04,54,WV,West Virginia,180,372,9759
04,50,VT,Vermont,176,252,8066
04,44,RI,Rhode Island,169,297,13901
04,11,DC,District Of Columbia,143,213,10423
04,10,DE,Delaware,141,267,7667
05,96,AR,AR Total Migration-US and Foreign,29055,60802,1334920
05,97,AR,AR Total Migration-US,28680,59956,1314829
05,98,AR,AR Total Migration-Foreign,375,846,20091
05,97,AR,AR Total Migration-Same State,39706,82182,1450699
05,05,AR,AR Non-migrants,940560,2127015,54578020
05,48,TX,Texas,5299,11031,250506
05,29,MO,Missouri,2738,5686,107605
05,40,OK,Oklahoma,2650,5835,94268
05,47,TN,Tennessee,1706,3539,81069
05,06,CA,California,1635,3385,73193
05,12,FL,Florida,1322,2617,65163
05,22,LA,Louisiana,1288,2774,57443
05,17,IL,Illinois,1084,2170,56683
05,28,MS,Mississippi,975,2110,39656
05,13,GA,Georgia,691,1459,33379
05,20,KS,Kansas,648,1406,30330
05,08,CO,Colorado,555,1159,27444
05,37,NC,North Carolina,543,1212,27142
05,51,VA,Virginia,495,1049,27365
05,01,AL,Alabama,463,960,21761
05,26,MI,Michigan,443,901,17386
05,04,AZ,Arizona,436,901,21483
05,39,OH,Ohio,394,824,23932
05,36,NY,New York,381,697,17694
05,57,FR,Foreign,375,846,20091
05,53,WA,Washington,356,754,14105
05,18,IN,Indiana,353,724,13761
05,55,WI,Wisconsin,342,665,13624
05,21,KY,Kentucky,293,658,13345
05,42,PA,Pennsylvania,291,558,15384
05,27,MN,Minnesota,279,580,19103
05,19,IA,Iowa,278,581,11631
05,45,SC,South Carolina,248,505,11366
05,32,NV,Nevada,217,428,7893
05,31,NE,Nebraska,211,446,11734
05,34,NJ,New Jersey,198,414,13684
05,35,NM,New Mexico,186,384,7689
05,24,MD,Maryland,176,365,13800
05,41,OR,Oregon,164,340,5572
05,25,MA,Massachusetts,136,244,7723
05,02,AK,Alaska,135,294,7552
05,15,HI,Hawaii,130,307,4700
05,49,UT,Utah,122,300,5577
05,56,WY,Wyoming,108,248,4872
05,30,MT,Montana,92,200,3269
05,09,CT,Connecticut,91,184,9186
05,38,ND,North Dakota,87,205,4978
05,16,ID,Idaho,86,179,3025
05,54,WV,West Virginia,82,164,3822
05,46,SD,South Dakota,78,175,4210
05,33,NH,New Hampshire,44,83,2588
05,11,DC,District Of Columbia,42,59,1979
05,23,ME,Maine,41,63,2025
05,10,DE,Delaware,29,59,1378
05,44,RI,Rhode Island,20,41,813
05,50,VT,Vermont,19,34,941
06,96,CA,CA Total Migration-US and Foreign,252717,453621,17029143
06,97,CA,CA Total Migration-US,242308,432409,16044853
06,98,CA,CA Total Migration-Foreign,10409,21212,984290
06,97,CA,CA Total Migration-Same State,443921,846369,28388559
06,06,CA,CA Non-migrants,13289353,30251074,1049004544
06,48,TX,Texas,21391,41344,1562930
06,36,NY,New York,18239,26687,1706090
06,04,AZ,Arizona,16005,30216,843202
06,53,WA,Washington,14877,28034,1041118
06,32,NV,Nevada,13640,25733,627244
06,12,FL,Florida,13472,23381,756166
06,17,IL,Illinois,11050,18919,1063202
06,57,FR,Foreign,10409,21212,984290
06,41,OR,Oregon,8793,15122,471356
06,08,CO,Colorado,8761,15681,608719
06,51,VA,Virginia,8340,16055,590747
06,25,MA,Massachusetts,7023,10635,579739
06,13,GA,Georgia,6272,11996,405198
06,42,PA,Pennsylvania,6244,9969,470662
06,34,NJ,New Jersey,6205,10893,598241
06,37,NC,North Carolina,5995,11980,342745
06,15,HI,Hawaii,5204,9716,257118
06,26,MI,Michigan,5104,8589,310707
06,39,OH,Ohio,4921,8212,299605
06,49,UT,Utah,4627,9946,230279
06,24,MD,Maryland,4593,7868,361578
06,27,MN,Minnesota,3752,6474,280510
06,29,MO,Missouri,3498,6208,169971
06,47,TN,Tennessee,3075,5562,154230
06,18,IN,Indiana,2998,5426,166844
06,55,WI,Wisconsin,2877,4944,187089
06,09,CT,Connecticut,2720,4422,261668
06,35,NM,New Mexico,2707,4807,131311
06,16,ID,Idaho,2464,4631,102760
06,40,OK,Oklahoma,2355,4429,104963
06,20,KS,Kansas,2136,4130,102586
06,22,LA,Louisiana,2126,3748,117696
06,45,SC,South Carolina,1992,3712,112178
06,11,DC,District Of Columbia,1954,2529,174734
06,01,AL,Alabama,1590,3007,79686
06,02,AK,Alaska,1576,2980,67893
06,05,AR,Arkansas,1562,3011,64488
06,19,IA,Iowa,1513,2624,68481
06,21,KY,Kentucky,1500,2750,80245
06,31,NE,Nebraska,1224,2342,59735
06,30,MT,Montana,1189,1986,49707
06,28,MS,Mississippi,1120,2254,54590
06,33,NH,New Hampshire,877,1336,87410
06,44,RI,Rhode Island,759,1324,42544
06,56,WY,Wyoming,721,1329,29136
06,23,ME,Maine,642,952,26702
06,46,SD,South Dakota,578,1063,28417
06,38,ND,North Dakota,577,1014,28503
06,10,DE,Delaware,512,970,33376
06,50,VT,Vermont,511,708,29153
06,54,WV,West Virginia,447,761,21599
08,96,CO,CO Total Migration-US and Foreign,97185,179708,5741633
08,97,CO,CO Total Migration-US,95136,174925,5594355
08,98,CO,CO Total Migration-Foreign,2049,4783,147277
08,97,CO,CO Total Migration-Same State,115258,212916,6032597
08,08,CO,CO Non-migrants,1845747,4000931,141163956
08,06,CA,California,10379,19280,668533
08,48,TX,Texas,9517,19130,645027
08,12,FL,Florida,5411,9470,282032
08,04,AZ,Arizona,4722,8881,275112
08,17,IL,Illinois,3934,6547,238174
08,36,NY,New York,3124,4936,236424
08,35,NM,New Mexico,3080,5991,148985
08,20,KS,Kansas,2542,5072,117366
08,53,WA,Washington,2517,4867,149965
08,51,VA,Virginia,2477,4770,198332
08,56,WY,Wyoming,2257,4178,120151
08,37,NC,North Carolina,2208,4233,114296
08,42,PA,Pennsylvania,2184,3650,174431
08,29,MO,Missouri,2171,3891,114528
08,13,GA,Georgia,2144,4287,114226
08,39,OH,Ohio,2062,3477,112221
08,57,FR,Foreign,2049,4783,147277
08,26,MI,Michigan,1959,3245,91627
08,27,MN,Minnesota,1934,3346,115097
08,31,NE,Nebraska,1916,3498,120744
08,49,UT,Utah,1913,4142,99562
08,32,NV,Nevada,1807,3516,45251
08,40,OK,Oklahoma,1780,3496,100973
08,55,WI,Wisconsin,1702,2748,90228
08,41,OR,Oregon,1455,2521,71723
08,19,IA,Iowa,1427,2366,63588
08,47,TN,Tennessee,1423,2662,73054
08,18,IN,Indiana,1422,2468,71426
08,25,MA,Massachusetts,1305,1920,81696
08,24,MD,Maryland,1275,2330,109158
08,34,NJ,New Jersey,1205,2014,88335
08,15,HI,Hawaii,916,1930,47342
08,30,MT,Montana,906,1546,43956
08,22,LA,Louisiana,888,1638,41614
08,45,SC,South Carolina,843,1519,39551
08,16,ID,Idaho,836,1686,37967
08,01,AL,Alabama,812,1647,37991
08,21,KY,Kentucky,764,1626,35819
08,46,SD,South Dakota,760,1266,31624
08,05,AR,Arkansas,758,1472,37344
08,02,AK,Alaska,749,1544,43564
08,38,ND,North Dakota,748,1442,51054
08,09,CT,Connecticut,665,1058,55457
08,28,MS,Mississippi,447,878,17928
08,33,NH,New Hampshire,382,588,44530
08,11,DC,District Of Columbia,337,454,37888
08,23,ME,Maine,287,449,11433
08,50,VT,Vermont,267,392,10969
08,54,WV,West Virginia,231,387,16181
08,44,RI,Rhode Island,158,266,12243
08,10,DE,Delaware,130,205,7634
09,96,CT,CT Total Migration-US and Foreign,36030,63798,3326564
09,97,CT,CT Total Migration-US,35373,62291,3147998
09,98,CT,CT Total Migration-Foreign,657,1507,178566
09,97,CT,CT Total Migration-Same State,27398,44934,1504894
09,09,CT,CT Non-migrants,1367357,2841561,139913856
09,36,NY,New York,10495,19062,1319249
09,25,MA,Massachusetts,3981,6264,253885
09,12,FL,Florida,3277,5624,201204
09,34,NJ,New Jersey,1880,3401,195737
09,06,CA,California,1699,2938,150118
09,42,PA,Pennsylvania,1268,2186,101383
09,44,RI,Rhode Island,1124,1787,60909
09,48,TX,Texas,1088,2092,102090
09,51,VA,Virginia,1000,1976,77112
09,37,NC,North Carolina,883,1675,45887
09,13,GA,Georgia,714,1397,50470
09,57,FR,Foreign,657,1507,178566
09,17,IL,Illinois,609,1143,65255
09,24,MD,Maryland,582,1024,43392
09,39,OH,Ohio,500,938,47708
09,33,NH,New Hampshire,495,797,31958
09,45,SC,South Carolina,489,874,22101
09,04,AZ,Arizona,390,674,23236
09,08,CO,Colorado,387,641,20225
09,26,MI,Michigan,383,673,27303
09,23,ME,Maine,369,575,24362
09,53,WA,Washington,333,630,23709
09,50,VT,Vermont,319,513,18869
09,47,TN,Tennessee,247,419,12566
09,55,WI,Wisconsin,227,407,15717
09,18,IN,Indiana,226,376,13047
09,11,DC,District Of Columbia,224,277,20443
09,27,MN,Minnesota,204,359,16720
09,29,MO,Missouri,178,313,19204
09,15,HI,Hawaii,156,321,8183
09,01,AL,Alabama,146,289,16503
09,10,DE,Delaware,130,235,9590
09,41,OR,Oregon,126,238,11024
09,32,NV,Nevada,124,196,7565
09,22,LA,Louisiana,119,196,6258
09,21,KY,Kentucky,108,184,34331
09,49,UT,Utah,105,223,4849
09,20,KS,Kansas,100,210,7072
09,40,OK,Oklahoma,95,158,4392
09,19,IA,Iowa,80,138,4018
09,35,NM,New Mexico,78,130,6823
09,05,AR,Arkansas,68,131,4854
09,02,AK,Alaska,61,95,2698
09,54,WV,West Virginia,57,112,4669
09,16,ID,Idaho,47,88,2213
09,28,MS,Mississippi,45,73,1362
09,56,WY,Wyoming,38,49,2405
09,31,NE,Nebraska,35,60,1851
09,38,ND,North Dakota,34,67,1874
09,30,MT,Montana,29,37,894
09,46,SD,South Dakota,21,26,706
10,96,DE,DE Total Migration-US and Foreign,15655,28928,976974
10,97,DE,DE Total Migration-US,15433,28408,955718
10,98,DE,DE Total Migration-Foreign,222,520,21256
10,97,DE,DE Total Migration-Same State,3529,6645,161147
10,10,DE,DE Non-migrants,340178,714061,23001810
10,42,PA,Pennsylvania,3891,7119,213914
10,24,MD,Maryland,3155,5740,202291
10,34,NJ,New Jersey,1686,3063,127116
10,36,NY,New York,1000,1807,69754
10,51,VA,Virginia,806,1507,55308
10,12,FL,Florida,783,1416,43901
10,37,NC,North Carolina,419,819,18879
10,48,TX,Texas,408,790,23251
10,06,CA,California,363,650,24323
10,13,GA,Georgia,263,510,11325
10,57,FR,Foreign,222,520,21256
10,39,OH,Ohio,196,384,10397
10,17,IL,Illinois,172,323,10407
10,09,CT,Connecticut,163,303,12803
10,45,SC,South Carolina,158,316,7086
10,25,MA,Massachusetts,155,260,10247
10,04,AZ,Arizona,140,272,6509
10,08,CO,Colorado,109,190,6273
10,26,MI,Michigan,109,192,5896
10,11,DC,District Of Columbia,105,156,11319
10,47,TN,Tennessee,95,198,4260
10,29,MO,Missouri,90,167,5116
10,53,WA,Washington,89,163,5564
10,54,WV,West Virginia,87,147,5054
10,01,AL,Alabama,75,144,3877
10,18,IN,Indiana,73,124,3741
10,55,WI,Wisconsin,67,154,2908
10,22,LA,Louisiana,61,113,2575
10,21,KY,Kentucky,61,138,3128
10,27,MN,Minnesota,53,90,3115
10,40,OK,Oklahoma,48,93,2777
10,32,NV,Nevada,46,86,3055
10,44,RI,Rhode Island,45,82,2406
10,33,NH,New Hampshire,43,72,2821
10,41,OR,Oregon,41,68,1496
10,23,ME,Maine,41,74,2641
10,05,AR,Arkansas,39,90,699
10,20,KS,Kansas,37,72,1500
10,35,NM,New Mexico,35,70,15540
10,28,MS,Mississippi,34,77,1482
10,02,AK,Alaska,33,59,1689
10,15,HI,Hawaii,27,44,1285
10,49,UT,Utah,24,55,1795
10,19,IA,Iowa,23,44,1495
10,50,VT,Vermont,22,39,1448
10,16,ID,Idaho,20,40,936
10,31,NE,Nebraska,18,36,1241
10,46,SD,South Dakota,13,29,612
10,38,ND,North Dakota,12,23,467
10,30,MT,Montana,-1,-1,-1
10,56,WY,Wyoming,-1,-1,-1
11,96,DC,DC Total Migration-US and Foreign,27760,38641,1767296
11,97,DC,DC Total Migration-US,27234,37707,1716471
11,98,DC,DC Total Migration-Foreign,526,934,50825
11,11,DC,DC Non-migrants,243375,410534,23194955
11,24,MD,Maryland,8253,13195,454091
11,51,VA,Virginia,5783,7610,416684
11,36,NY,New York,1806,2266,147043
11,06,CA,California,1414,1837,94576
11,12,FL,Florida,943,1253,55400
11,42,PA,Pennsylvania,834,980,49360
11,25,MA,Massachusetts,787,931,49840
11,48,TX,Texas,705,975,41967
11,37,NC,North Carolina,685,942,32835
11,17,IL,Illinois,619,784,53944
11,57,FR,Foreign,526,934,50825
11,13,GA,Georgia,501,697,29484
11,34,NJ,New Jersey,499,598,28848
11,39,OH,Ohio,349,420,17892
11,09,CT,Connecticut,323,381,23655
11,26,MI,Michigan,318,391,19842
11,53,WA,Washington,256,329,16173
11,08,CO,Colorado,256,340,17596
11,45,SC,South Carolina,200,291,11070
11,47,TN,Tennessee,193,239,8650
11,55,WI,Wisconsin,188,227,11648
11,27,MN,Minnesota,185,229,17575
11,29,MO,Missouri,165,204,10959
11,04,AZ,Arizona,151,198,9318
11,18,IN,Indiana,149,187,6728
11,22,LA,Louisiana,146,203,8083
11,41,OR,Oregon,124,152,5731
11,01,AL,Alabama,116,148,6270
11,10,DE,Delaware,106,131,7018
11,54,WV,West Virginia,87,113,3386
11,21,KY,Kentucky,82,109,4269
11,44,RI,Rhode Island,81,96,4636
11,15,HI,Hawaii,75,129,5316
11,32,NV,Nevada,70,102,3759
11,33,NH,New Hampshire,69,84,3455
11,20,KS,Kansas,67,82,3338
11,40,OK,Oklahoma,65,80,2948
11,35,NM,New Mexico,65,92,4484
11,28,MS,Mississippi,63,88,3154
11,19,IA,Iowa,61,77,3009
11,23,ME,Maine,60,75,3191
11,49,UT,Utah,57,87,2948
11,50,VT,Vermont,52,59,2881
11,05,AR,Arkansas,45,73,5121
11,02,AK,Alaska,33,47,2049
11,31,NE,Nebraska,32,37,1258
11,30,MT,Montana,31,35,1178
11,16,ID,Idaho,26,34,1141
11,38,ND,North Dakota,25,29,1197
11,46,SD,South Dakota,21,26,1047
11,56,WY,Wyoming,13,15,429
12,96,FL,FL Total Migration-US and Foreign,292837,550506,22610240
12,97,FL,FL Total Migration-US,286271,536424,22174509
12,98,FL,FL Total Migration-Foreign,6566,14082,435731
12,97,FL,FL Total Migration-Same State,284041,521873,12821196
12,12,FL,FL Non-migrants,7012089,14290558,443375777
12,36,NY,New York,31639,56843,2569383
12,13,GA,Georgia,20131,40056,1170364
12,48,TX,Texas,17657,34019,1083552
12,34,NJ,New Jersey,14863,27797,1508519
12,42,PA,Pennsylvania,13614,24687,1115546
12,06,CA,California,12861,23517,1037140
12,37,NC,North Carolina,12701,25039,884039
12,51,VA,Virginia,12498,24859,947470
12,39,OH,Ohio,12133,22128,953600
12,17,IL,Illinois,11812,21776,1719602
12,26,MI,Michigan,9771,17655,724994
12,25,MA,Massachusetts,9278,16257,789734
12,24,MD,Maryland,7783,14248,795380
12,47,TN,Tennessee,7657,14915,400149
12,09,CT,Connecticut,7152,12949,658900
12,18,IN,Indiana,6708,12731,455692
12,01,AL,Alabama,6676,13270,270965
12,57,FR,Foreign,6566,14082,435731
12,45,SC,South Carolina,5823,11203,314769
12,08,CO,Colorado,4771,8840,462566
12,29,MO,Missouri,4405,8278,319209
12,21,KY,Kentucky,4396,8424,300321
12,55,WI,Wisconsin,4095,7393,349077
12,53,WA,Washington,3627,7025,201606
12,04,AZ,Arizona,3533,6472,192942
12,27,MN,Minnesota,3363,6307,443987
12,22,LA,Louisiana,3063,5938,193150
12,32,NV,Nevada,2628,4662,130939
12,33,NH,New Hampshire,2412,4220,169151
12,28,MS,Mississippi,2316,4641,122706
12,23,ME,Maine,2203,3757,215394
12,44,RI,Rhode Island,2080,3823,159664
12,40,OK,Oklahoma,1988,3935,136916
12,20,KS,Kansas,1922,3838,122663
12,54,WV,West Virginia,1790,3290,98240
12,05,AR,Arkansas,1712,3301,108500
12,19,IA,Iowa,1632,3018,133110
12,35,NM,New Mexico,1504,3000,80010
12,15,HI,Hawaii,1337,2757,74372
12,10,DE,Delaware,1271,2313,84772
12,41,OR,Oregon,1207,2130,61813
12,49,UT,Utah,1182,2575,68151
12,31,NE,Nebraska,1046,1928,72180
12,02,AK,Alaska,1036,2027,54412
12,50,VT,Vermont,957,1609,122027
12,56,WY,Wyoming,843,1427,34653
12,11,DC,District Of Columbia,841,1176,142207
12,46,SD,South Dakota,771,1361,36304
12,30,MT,Montana,554,1026,28362
12,38,ND,North Dakota,552,996,29160
12,16,ID,Idaho,477,988,26149
13,96,GA,GA Total Migration-US and Foreign,129244,263939,6505633
13,97,GA,GA Total Migration-US,126380,257205,6342727
13,98,GA,GA Total Migration-Foreign,2864,6734,162906
13,97,GA,GA Total Migration-Same State,202213,418020,8676477
13,13,GA,GA Non-migrants,3174161,7298243,201576251
13,12,FL,Florida,20190,39356,881612
13,01,AL,Alabama,8599,17877,337056
13,48,TX,Texas,8487,18033,440052
13,37,NC,North Carolina,7941,16311,363837
13,45,SC,South Carolina,7154,14379,292656
13,36,NY,New York,7145,13801,357926
13,47,TN,Tennessee,6892,14004,299678
13,06,CA,California,6584,13149,374988
13,51,VA,Virginia,5017,10337,322303
13,17,IL,Illinois,3977,8228,262847
13,39,OH,Ohio,3515,6967,187295
13,42,PA,Pennsylvania,3113,6068,168369
13,34,NJ,New Jersey,3066,6280,196955
13,26,MI,Michigan,2908,5901,144094
13,57,FR,Foreign,2864,6734,162906
13,24,MD,Maryland,2639,5235,160835
13,22,LA,Louisiana,2129,4508,85627
13,28,MS,Mississippi,1894,3931,75796
13,21,KY,Kentucky,1856,4182,95562
13,18,IN,Indiana,1812,3767,91855
13,08,CO,Colorado,1789,3762,104181
13,53,WA,Washington,1727,3984,93872
13,29,MO,Missouri,1577,3168,79280
13,25,MA,Massachusetts,1506,2810,98605
13,04,AZ,Arizona,1404,2926,65047
13,09,CT,Connecticut,1234,2453,125286
13,55,WI,Wisconsin,1033,2118,70855
13,20,KS,Kansas,1021,2418,53944
13,40,OK,Oklahoma,910,1887,36596
13,27,MN,Minnesota,910,1834,72917
13,15,HI,Hawaii,834,2116,40225
13,05,AR,Arkansas,829,1807,34876
13,32,NV,Nevada,735,1424,32617
13,02,AK,Alaska,536,1262,25961
13,19,IA,Iowa,509,1039,24396
13,49,UT,Utah,501,1161,23496
13,41,OR,Oregon,460,851,25610
13,54,WV,West Virginia,440,874,19510
13,11,DC,District Of Columbia,440,684,29488
13,35,NM,New Mexico,439,905,21640
13,10,DE,Delaware,385,861,17228
13,31,NE,Nebraska,300,667,15425
13,33,NH,New Hampshire,297,586,17084
13,44,RI,Rhode Island,267,559,14823
13,23,ME,Maine,267,536,14703
13,16,ID,Idaho,207,435,9004
13,46,SD,South Dakota,199,392,7424
13,38,ND,North Dakota,184,374,8331
13,30,MT,Montana,181,383,8420
13,56,WY,Wyoming,176,343,5682
13,50,VT,Vermont,165,272,6860
15,96,HI,HI Total Migration-US and Foreign,27046,53995,1453233
15,97,HI,HI Total Migration-US,25378,50172,1364318
15,98,HI,HI Total Migration-Foreign,1668,3823,88915
15,97,HI,HI Total Migration-Same State,3261,5803,139952
15,15,HI,HI Non-migrants,529559,1087217,32920808
15,06,CA,California,5770,10436,414777
15,53,WA,Washington,1792,3705,99390
15,48,TX,Texas,1756,3852,85733
15,57,FR,Foreign,1668,3823,88915
15,12,FL,Florida,1404,2662,47729
15,51,VA,Virginia,1073,2603,71817
15,08,CO,Colorado,870,1670,45308
15,36,NY,New York,804,1377,36100
15,04,AZ,Arizona,732,1411,36054
15,32,NV,Nevada,731,1385,32223
15,13,GA,Georgia,726,1703,30794
15,37,NC,North Carolina,724,1748,33576
15,41,OR,Oregon,706,1288,30858
15,17,IL,Illinois,535,911,25650
15,24,MD,Maryland,521,1065,32604
15,02,AK,Alaska,443,1018,22429
15,42,PA,Pennsylvania,398,655,19033
15,39,OH,Ohio,393,734,16366
15,45,SC,South Carolina,374,775,16498
15,49,UT,Utah,368,843,17856
15,47,TN,Tennessee,345,772,15346
15,34,NJ,New Jersey,343,594,18563
15,29,MO,Missouri,328,715,16656
15,26,MI,Michigan,320,545,12539
15,20,KS,Kansas,289,746,13594
15,25,MA,Massachusetts,286,433,15821
15,01,AL,Alabama,275,608,12392
15,09,CT,Connecticut,273,489,14332
15,27,MN,Minnesota,252,405,10504
15,22,LA,Louisiana,221,525,9482
15,21,KY,Kentucky,221,482,7512
15,55,WI,Wisconsin,217,360,8945
15,40,OK,Oklahoma,215,499,9072
15,18,IN,Indiana,196,356,8957
15,35,NM,New Mexico,192,394,10279
15,16,ID,Idaho,185,356,7695
15,30,MT,Montana,123,214,10042
15,05,AR,Arkansas,113,227,4534
15,28,MS,Mississippi,99,207,4361
15,19,IA,Iowa,95,166,3884
15,31,NE,Nebraska,92,174,3402
15,44,RI,Rhode Island,90,192,6719
15,33,NH,New Hampshire,86,132,4384
15,11,DC,District Of Columbia,69,99,4697
15,23,ME,Maine,65,108,2231
15,10,DE,Delaware,59,110,2502
15,54,WV,West Virginia,53,101,2045
15,56,WY,Wyoming,51,110,2571
15,46,SD,South Dakota,41,93,3525
15,50,VT,Vermont,35,52,1138
15,38,ND,North Dakota,29,67,1801
16,96,ID,ID Total Migration-US and Foreign,25028,53335,1282273
16,97,ID,ID Total Migration-US,24650,52420,1260791
16,98,ID,ID Total Migration-Foreign,378,915,21481
16,97,ID,ID Total Migration-Same State,18731,40976,669129
16,16,ID,ID Non-migrants,529688,1254566,30161059
16,06,CA,California,4213,8867,249970
16,53,WA,Washington,4170,8452,180997
16,49,UT,Utah,2150,5249,90517
16,41,OR,Oregon,2046,4222,87473
16,04,AZ,Arizona,1159,2493,64382
16,48,TX,Texas,1048,2378,60819
16,32,NV,Nevada,1016,2165,49699
16,30,MT,Montana,966,1811,41125
16,08,CO,Colorado,909,1916,50887
16,56,WY,Wyoming,554,1228,27853
16,12,FL,Florida,494,977,21761
16,02,AK,Alaska,463,999,28809
16,57,FR,Foreign,378,915,21481
16,38,ND,North Dakota,353,698,20727
16,51,VA,Virginia,294,662,20839
16,35,NM,New Mexico,277,614,16350
16,17,IL,Illinois,265,580,17195
16,37,NC,North Carolina,263,555,14193
16,36,NY,New York,258,485,13259
16,39,OH,Ohio,229,485,12160
16,29,MO,Missouri,227,536,11000
16,13,GA,Georgia,217,458,11827
16,27,MN,Minnesota,216,449,16008
16,26,MI,Michigan,193,401,9092
16,42,PA,Pennsylvania,182,365,10091
16,55,WI,Wisconsin,182,368,10313
16,15,HI,Hawaii,182,355,7165
16,47,TN,Tennessee,170,407,11812
16,40,OK,Oklahoma,164,413,6730
16,18,IN,Indiana,160,345,8554
16,20,KS,Kansas,142,345,7257
16,31,NE,Nebraska,141,315,6259
16,19,IA,Iowa,138,277,7532
16,24,MD,Maryland,136,282,8708
16,45,SC,South Carolina,106,242,5432
16,46,SD,South Dakota,99,210,5820
16,05,AR,Arkansas,96,223,4915
16,25,MA,Massachusetts,94,179,5869
16,01,AL,Alabama,89,216,3845
16,21,KY,Kentucky,88,213,7152
16,34,NJ,New Jersey,85,163,6824
16,22,LA,Louisiana,83,165,3547
16,28,MS,Mississippi,66,124,2646
16,09,CT,Connecticut,56,121,3629
16,23,ME,Maine,52,116,2536
16,50,VT,Vermont,37,69,1877
16,54,WV,West Virginia,30,58,991
16,33,NH,New Hampshire,30,55,1330
16,44,RI,Rhode Island,25,54,1232
16,11,DC,District Of Columbia,22,31,1163
16,10,DE,Delaware,15,29,620
17,96,IL,IL Total Migration-US and Foreign,94909,169508,5687865
17,97,IL,IL Total Migration-US,92950,165350,5487909
17,98,IL,IL Total Migration-Foreign,1959,4158,199956
17,97,IL,IL Total Migration-Same State,139058,265156,7441934
17,17,IL,IL Non-migrants,4781478,10554965,360148383
17,18,IN,Indiana,8146,15170,358321
17,06,CA,California,7085,12385,482386
17,55,WI,Wisconsin,6860,12077,335552
17,12,FL,Florida,6597,11124,436339
17,29,MO,Missouri,6226,11195,283981
17,48,TX,Texas,5887,11270,364459
17,26,MI,Michigan,4583,7339,262698
17,36,NY,New York,3876,6074,326019
17,19,IA,Iowa,3864,7010,159753
17,39,OH,Ohio,3264,5305,202405
17,04,AZ,Arizona,2543,4437,136874
17,13,GA,Georgia,2497,4798,138551
17,51,VA,Virginia,2164,4142,149274
17,27,MN,Minnesota,2155,3762,124312
17,37,NC,North Carolina,2081,4011,116235
17,47,TN,Tennessee,2000,3745,97304
17,42,PA,Pennsylvania,1965,3384,204226
17,57,FR,Foreign,1959,4158,199956
17,08,CO,Colorado,1865,3175,101447
17,21,KY,Kentucky,1520,2900,63844
17,34,NJ,New Jersey,1518,2911,146404
17,25,MA,Massachusetts,1517,2295,143492
17,53,WA,Washington,1368,2416,89090
17,24,MD,Maryland,1057,1853,75581
17,20,KS,Kansas,928,1824,54147
17,32,NV,Nevada,927,1700,56738
17,05,AR,Arkansas,826,1663,37793
17,45,SC,South Carolina,795,1558,41656
17,40,OK,Oklahoma,718,1405,33076
17,01,AL,Alabama,712,1387,30007
17,28,MS,Mississippi,685,1377,26591
17,22,LA,Louisiana,685,1197,31093
17,09,CT,Connecticut,663,1186,73162
17,11,DC,District Of Columbia,604,746,44711
17,31,NE,Nebraska,596,1069,39750
17,41,OR,Oregon,590,970,31635
17,15,HI,Hawaii,461,853,23281
17,49,UT,Utah,442,951,23137
17,35,NM,New Mexico,403,691,21368
17,02,AK,Alaska,248,476,11385
17,38,ND,North Dakota,233,400,10958
17,16,ID,Idaho,221,425,11000
17,46,SD,South Dakota,216,370,9111
17,30,MT,Montana,206,344,13851
17,33,NH,New Hampshire,193,340,12141
17,54,WV,West Virginia,190,334,8971
17,44,RI,Rhode Island,169,267,10117
17,56,WY,Wyoming,168,302,8314
17,10,DE,Delaware,163,311,11434
17,23,ME,Maine,149,231,8306
17,50,VT,Vermont,121,195,5630
18,96,IN,IN Total Migration-US and Foreign,56206,111530,2734430
18,97,IN,IN Total Migration-US,55606,110297,2691598
18,98,IN,IN Total Migration-Foreign,600,1233,42832
18,97,IN,IN Total Migration-Same State,92178,177611,3843391
18,18,IN,IN Non-migrants,2366933,5251982,141994949
18,17,IL,Illinois,10812,21754,527679
18,21,KY,Kentucky,5116,10101,208555
18,39,OH,Ohio,4644,8840,229664
18,12,FL,Florida,4354,7889,201048
18,26,MI,Michigan,4150,7978,186392
18,48,TX,Texas,2741,5783,128841
18,06,CA,California,2415,4694,127460
18,47,TN,Tennessee,1731,3595,71363
18,37,NC,North Carolina,1414,3054,72366
18,13,GA,Georgia,1368,2877,54933
18,36,NY,New York,1271,2315,66675
18,51,VA,Virginia,1097,2269,65566
18,29,MO,Missouri,1091,2222,51645
18,04,AZ,Arizona,1059,1986,52285
18,55,WI,Wisconsin,1049,2122,54834
18,42,PA,Pennsylvania,972,1932,56844
18,08,CO,Colorado,839,1603,45604
18,45,SC,South Carolina,626,1193,28524
18,01,AL,Alabama,617,1346,25336
18,57,FR,Foreign,600,1233,42832
18,27,MN,Minnesota,598,1161,33567
18,53,WA,Washington,569,1168,27171
18,24,MD,Maryland,547,1057,33850
18,19,IA,Iowa,531,1074,36710
18,34,NJ,New Jersey,495,1030,35918
18,40,OK,Oklahoma,456,997,19329
18,20,KS,Kansas,437,967,20681
18,32,NV,Nevada,423,820,17550
18,05,AR,Arkansas,403,865,15460
18,25,MA,Massachusetts,387,671,29360
18,22,LA,Louisiana,335,710,9578
18,28,MS,Mississippi,331,700,12269
18,09,CT,Connecticut,243,482,17546
18,54,WV,West Virginia,230,496,11737
18,41,OR,Oregon,228,405,10412
18,49,UT,Utah,224,552,12174
18,35,NM,New Mexico,215,425,9640
18,15,HI,Hawaii,211,476,9016
18,31,NE,Nebraska,201,450,13627
18,02,AK,Alaska,163,355,7366
18,11,DC,District Of Columbia,126,164,9276
18,46,SD,South Dakota,116,242,6666
18,30,MT,Montana,113,209,4645
18,16,ID,Idaho,109,233,4786
18,38,ND,North Dakota,98,206,5150
18,56,WY,Wyoming,94,177,3713
18,33,NH,New Hampshire,93,177,5220
18,23,ME,Maine,93,177,4576
18,10,DE,Delaware,81,135,4005
18,50,VT,Vermont,47,86,2920
18,44,RI,Rhode Island,43,77,2063
19,96,IA,IA Total Migration-US and Foreign,28849,56312,1353778
19,97,IA,IA Total Migration-US,28545,55674,1331460
19,98,IA,IA Total Migration-Foreign,304,638,22317
19,97,IA,IA Total Migration-Same State,39891,73246,1747833
19,19,IA,IA Non-migrants,1129210,2472022,74456984
19,17,IL,Illinois,4838,9277,218862
19,31,NE,Nebraska,2790,5441,117982
19,27,MN,Minnesota,2230,4197,101411
19,29,MO,Missouri,1598,3152,67800
19,48,TX,Texas,1461,2967,70620
19,06,CA,California,1410,2692,66343
19,55,WI,Wisconsin,1340,2467,67626
19,12,FL,Florida,1090,2033,51450
19,08,CO,Colorado,908,1703,45469
19,46,SD,South Dakota,882,1627,38206
19,04,AZ,Arizona,777,1436,35268
19,20,KS,Kansas,721,1468,41845
19,26,MI,Michigan,561,1075,27957
19,18,IN,Indiana,508,1093,23620
19,36,NY,New York,486,910,21548
19,37,NC,North Carolina,475,1056,22241
19,13,GA,Georgia,455,1026,16432
19,51,VA,Virginia,447,876,24269
19,39,OH,Ohio,438,836,22751
19,53,WA,Washington,422,833,19327
19,47,TN,Tennessee,389,827,18068
19,42,PA,Pennsylvania,334,707,21664
19,57,FR,Foreign,304,638,22317
19,40,OK,Oklahoma,290,593,12515
19,05,AR,Arkansas,278,584,7668
19,41,OR,Oregon,232,452,11863
19,32,NV,Nevada,230,433,10427
19,24,MD,Maryland,215,413,12615
19,49,UT,Utah,211,522,10873
19,38,ND,North Dakota,210,429,11560
19,21,KY,Kentucky,199,400,8565
19,45,SC,South Carolina,198,401,9759
19,34,NJ,New Jersey,181,358,9702
19,22,LA,Louisiana,172,343,8804
19,01,AL,Alabama,167,337,7358
19,35,NM,New Mexico,153,301,7152
19,28,MS,Mississippi,149,315,5330
19,25,MA,Massachusetts,134,234,7297
19,15,HI,Hawaii,130,244,5604
19,16,ID,Idaho,123,283,5367
19,56,WY,Wyoming,122,215,6202
19,30,MT,Montana,116,217,5252
19,02,AK,Alaska,96,184,4700
19,09,CT,Connecticut,91,160,6265
19,11,DC,District Of Columbia,59,85,3601
19,23,ME,Maine,55,104,2200
19,33,NH,New Hampshire,41,78,1781
19,10,DE,Delaware,41,94,2238
19,50,VT,Vermont,32,58,1853
19,54,WV,West Virginia,31,67,1566
19,44,RI,Rhode Island,29,71,2586
20,96,KS,KS Total Migration-US and Foreign,37035,75755,1965765
20,97,KS,KS Total Migration-US,36148,73560,1928882
20,98,KS,KS Total Migration-Foreign,887,2195,36882
20,97,KS,KS Total Migration-Same State,33599,65088,1335644
20,20,KS,KS Non-migrants,1019161,2283692,70180836
20,29,MO,Missouri,9644,17526,486802
20,48,TX,Texas,3329,7236,184043
20,40,OK,Oklahoma,2163,4502,91427
20,06,CA,California,1977,4238,112166
20,08,CO,Colorado,1670,3459,79540
20,12,FL,Florida,1351,2563,80516
20,31,NE,Nebraska,1131,2189,53886
20,17,IL,Illinois,1033,2063,64169
20,57,FR,Foreign,887,2195,36882
20,13,GA,Georgia,854,1977,42878
20,04,AZ,Arizona,746,1557,39745
20,51,VA,Virginia,743,1827,46973
20,37,NC,North Carolina,738,1659,41181
20,19,IA,Iowa,730,1406,39697
20,36,NY,New York,672,1294,36978
20,53,WA,Washington,666,1520,37649
20,05,AR,Arkansas,570,1215,25162
20,39,OH,Ohio,541,1125,28376
20,47,TN,Tennessee,480,1105,102626
20,27,MN,Minnesota,477,924,-5977
20,26,MI,Michigan,442,848,21845
20,42,PA,Pennsylvania,421,827,30481
20,18,IN,Indiana,413,887,19942
20,55,WI,Wisconsin,371,745,23290
20,01,AL,Alabama,341,790,16064
20,21,KY,Kentucky,330,795,13542
20,22,LA,Louisiana,320,752,15454
20,45,SC,South Carolina,319,690,15663
20,35,NM,New Mexico,314,694,13455
20,32,NV,Nevada,312,620,7499
20,15,HI,Hawaii,276,714,12865
20,24,MD,Maryland,276,571,17795
20,41,OR,Oregon,261,485,11051
20,34,NJ,New Jersey,241,482,19300
20,49,UT,Utah,237,595,11341
20,46,SD,South Dakota,216,449,9006
20,02,AK,Alaska,207,552,10618
20,28,MS,Mississippi,185,418,7446
20,25,MA,Massachusetts,174,300,12065
20,56,WY,Wyoming,171,339,10682
20,38,ND,North Dakota,146,286,7452
20,16,ID,Idaho,130,300,4802
20,09,CT,Connecticut,116,245,10004
20,30,MT,Montana,113,225,4568
20,23,ME,Maine,65,144,3136
20,54,WV,West Virginia,54,108,2278
20,11,DC,District Of Columbia,47,62,2868
20,33,NH,New Hampshire,44,86,2762
20,44,RI,Rhode Island,41,77,1453
20,10,DE,Delaware,30,53,1410
20,50,VT,Vermont,20,36,909
21,96,KY,KY Total Migration-US and Foreign,41691,84050,1899066
21,97,KY,KY Total Migration-US,41007,82430,1864294
21,98,KY,KY Total Migration-Foreign,684,1620,34772
21,97,KY,KY Total Migration-Same State,57376,116778,2150371
21,21,KY,KY Non-migrants,1463477,3234079,83315857
21,39,OH,Ohio,6135,11283,274107
21,18,IN,Indiana,4895,9205,185442
21,47,TN,Tennessee,3952,8293,147312
21,12,FL,Florida,3202,6011,151217
21,17,IL,Illinois,1952,3888,92784
21,48,TX,Texas,1922,4256,102725
21,13,GA,Georgia,1513,3246,63433
21,06,CA,California,1468,2861,88332
21,37,NC,North Carolina,1344,2962,63785
21,26,MI,Michigan,1212,2452,58942
21,51,VA,Virginia,1198,2554,62939
21,36,NY,New York,1015,1970,42723
21,29,MO,Missouri,822,1710,36613
21,54,WV,West Virginia,813,1694,26427
21,42,PA,Pennsylvania,762,1502,41340
21,01,AL,Alabama,752,1694,35117
21,57,FR,Foreign,684,1620,34772
21,45,SC,South Carolina,655,1404,29460
21,08,CO,Colorado,574,1187,29163
21,53,WA,Washington,507,1162,20959
21,04,AZ,Arizona,483,980,22963
21,24,MD,Maryland,477,1033,28718
21,55,WI,Wisconsin,387,775,19369
21,22,LA,Louisiana,375,766,18842
21,34,NJ,New Jersey,343,721,18071
21,20,KS,Kansas,330,759,16607
21,28,MS,Mississippi,323,675,12534
21,05,AR,Arkansas,319,684,14938
21,40,OK,Oklahoma,294,673,13192
21,27,MN,Minnesota,281,525,16069
21,25,MA,Massachusetts,275,472,13999
21,19,IA,Iowa,226,445,9934
21,15,HI,Hawaii,218,560,8259
21,32,NV,Nevada,215,412,9705
21,49,UT,Utah,185,428,10627
21,02,AK,Alaska,176,393,8561
21,41,OR,Oregon,173,301,8761
21,09,CT,Connecticut,163,314,7991
21,35,NM,New Mexico,155,334,7016
21,31,NE,Nebraska,134,285,5469
21,11,DC,District Of Columbia,90,128,9213
21,16,ID,Idaho,85,195,4548
21,33,NH,New Hampshire,80,134,3066
21,10,DE,Delaware,78,205,3884
21,23,ME,Maine,72,138,2427
21,46,SD,South Dakota,70,146,3108
21,44,RI,Rhode Island,67,138,3983
21,56,WY,Wyoming,66,136,2527
21,30,MT,Montana,64,121,3105
21,38,ND,North Dakota,63,144,2584
21,50,VT,Vermont,47,76,1406
22,96,LA,LA Total Migration-US and Foreign,40886,80828,1785806
22,97,LA,LA Total Migration-US,40067,78979,1729701
22,98,LA,LA Total Migration-Foreign,819,1849,56105
22,97,LA,LA Total Migration-Same State,65037,133438,2723004
22,22,LA,LA Non-migrants,1517056,3348127,95369581
22,48,TX,Texas,9908,20498,507793
22,28,MS,Mississippi,3536,7109,151420
22,12,FL,Florida,3011,5611,133640
22,06,CA,California,2232,3998,-115420
22,13,GA,Georgia,1995,4089,81213
22,01,AL,Alabama,1374,2793,67489
22,05,AR,Arkansas,1284,2679,56956
22,47,TN,Tennessee,1196,2408,61095
22,36,NY,New York,1193,1993,85436
22,37,NC,North Carolina,1158,2438,58375
22,51,VA,Virginia,1061,2140,59804
22,17,IL,Illinois,929,1687,42071
22,57,FR,Foreign,819,1849,56105
22,29,MO,Missouri,748,1491,39855
22,08,CO,Colorado,745,1412,37158
22,39,OH,Ohio,652,1219,29871
22,42,PA,Pennsylvania,647,1108,36821
22,40,OK,Oklahoma,645,1396,35455
22,53,WA,Washington,582,1144,24142
22,26,MI,Michigan,545,1005,21680
22,45,SC,South Carolina,508,1051,23973
22,24,MD,Maryland,475,855,26737
22,04,AZ,Arizona,471,925,22743
22,18,IN,Indiana,434,833,18084
22,34,NJ,New Jersey,398,721,21692
22,21,KY,Kentucky,390,829,17084
22,25,MA,Massachusetts,351,550,17113
22,20,KS,Kansas,302,658,12682
22,32,NV,Nevada,296,525,13307
22,55,WI,Wisconsin,273,506,10487
22,41,OR,Oregon,234,414,8798
22,35,NM,New Mexico,218,413,10037
22,27,MN,Minnesota,216,374,10873
22,02,AK,Alaska,208,462,10445
22,15,HI,Hawaii,202,493,9400
22,09,CT,Connecticut,200,353,10691
22,19,IA,Iowa,185,374,8169
22,31,NE,Nebraska,153,312,6360
22,49,UT,Utah,144,296,6123
22,11,DC,District Of Columbia,124,172,8622
22,54,WV,West Virginia,115,229,6186
22,56,WY,Wyoming,113,253,6028
22,38,ND,North Dakota,101,261,6015
22,23,ME,Maine,84,130,3061
22,33,NH,New Hampshire,80,125,3945
22,30,MT,Montana,78,146,3236
22,16,ID,Idaho,69,134,2775
22,44,RI,Rhode Island,67,124,3260
22,46,SD,South Dakota,54,107,1878
22,10,DE,Delaware,50,86,3374
22,50,VT,Vermont,33,50,1671
23,96,ME,ME Total Migration-US and Foreign,14740,25568,872697
23,97,ME,ME Total Migration-US,14511,25102,860113
23,98,ME,ME Total Migration-Foreign,229,466,12584
23,97,ME,ME Total Migration-Same State,15378,25564,575429
23,23,ME,ME Non-migrants,500174,1006190,29202874
23,25,MA,Massachusetts,2391,3895,166222
23,33,NH,New Hampshire,1875,3092,94646
23,12,FL,Florida,1494,2500,70348
23,36,NY,New York,1008,1680,70318
23,09,CT,Connecticut,667,1114,43443
23,06,CA,California,617,1050,43392
23,42,PA,Pennsylvania,495,868,28198
23,51,VA,Virginia,492,979,36680
23,48,TX,Texas,483,999,26437
23,37,NC,North Carolina,392,746,16847
23,34,NJ,New Jersey,373,649,25709
23,50,VT,Vermont,334,521,14743
23,24,MD,Maryland,262,472,18536
23,08,CO,Colorado,255,440,17176
23,13,GA,Georgia,231,430,13714
23,04,AZ,Arizona,231,409,9320
23,57,FR,Foreign,229,466,12584
23,44,RI,Rhode Island,229,405,10582
23,53,WA,Washington,222,411,12722
23,45,SC,South Carolina,195,346,10948
23,39,OH,Ohio,192,349,8804
23,17,IL,Illinois,176,314,10724
23,26,MI,Michigan,164,289,9004
23,47,TN,Tennessee,146,273,6093
23,41,OR,Oregon,109,175,4385
23,55,WI,Wisconsin,98,173,7856
23,29,MO,Missouri,97,169,3854
23,27,MN,Minnesota,96,172,5543
23,18,IN,Indiana,86,149,3841
23,49,UT,Utah,84,169,5035
23,15,HI,Hawaii,82,171,4341
23,22,LA,Louisiana,78,135,3433
23,02,AK,Alaska,73,156,3777
23,01,AL,Alabama,72,136,3023
23,11,DC,District Of Columbia,69,100,7636
23,20,KS,Kansas,67,130,4151
23,21,KY,Kentucky,64,116,3039
23,32,NV,Nevada,54,85,2334
23,35,NM,New Mexico,52,91,2870
23,05,AR,Arkansas,44,94,2693
23,10,DE,Delaware,40,75,12150
23,40,OK,Oklahoma,40,68,1540
23,28,MS,Mississippi,40,79,1815
23,54,WV,West Virginia,39,71,2731
23,19,IA,Iowa,39,65,1917
23,56,WY,Wyoming,31,52,984
23,30,MT,Montana,30,52,1652
23,16,ID,Idaho,27,54,1330
23,38,ND,North Dakota,26,47,1353
23,31,NE,Nebraska,26,43,1006
23,46,SD,South Dakota,24,44,1217
24,96,MD,MD Total Migration-US and Foreign,82263,152533,4664832
24,97,MD,MD Total Migration-US,80202,147670,4512115
24,98,MD,MD Total Migration-Foreign,2061,4863,152717
24,97,MD,MD Total Migration-Same State,79375,147433,4234605
24,24,MD,MD Non-migrants,2184032,4623849,179458104
24,51,VA,Virginia,15921,29967,838295
24,11,DC,District Of Columbia,9132,16311,561171
24,42,PA,Pennsylvania,7020,12111,387357
24,36,NY,New York,5909,10420,317700
24,12,FL,Florida,4842,8622,289163
24,34,NJ,New Jersey,4008,7500,216233
24,06,CA,California,3595,6706,241471
24,37,NC,North Carolina,3261,6411,148458
24,48,TX,Texas,2881,5719,173684
24,10,DE,Delaware,2502,4647,117718
24,13,GA,Georgia,2163,4165,102955
24,57,FR,Foreign,2061,4863,152717
24,54,WV,West Virginia,1495,2706,62893
24,39,OH,Ohio,1391,2372,77046
24,25,MA,Massachusetts,1344,2233,88222
24,17,IL,Illinois,1222,2155,88184
24,45,SC,South Carolina,1156,2117,51718
24,09,CT,Connecticut,887,1514,61608
24,26,MI,Michigan,869,1443,46370
24,08,CO,Colorado,863,1656,57313
24,47,TN,Tennessee,782,1486,42447
24,53,WA,Washington,773,1538,52150
24,04,AZ,Arizona,717,1396,41488
24,18,IN,Indiana,525,968,28198
24,15,HI,Hawaii,521,1237,31118
24,01,AL,Alabama,497,1003,28769
24,29,MO,Missouri,479,918,29697
24,22,LA,Louisiana,430,803,21598
24,21,KY,Kentucky,421,839,19836
24,55,WI,Wisconsin,384,706,24515
24,27,MN,Minnesota,371,651,24705
24,32,NV,Nevada,361,633,20007
24,41,OR,Oregon,289,499,15765
24,20,KS,Kansas,282,620,14944
24,40,OK,Oklahoma,276,555,16412
24,35,NM,New Mexico,276,545,16025
24,49,UT,Utah,264,615,17154
24,28,MS,Mississippi,231,415,10726
24,44,RI,Rhode Island,229,403,13233
24,33,NH,New Hampshire,226,390,16619
24,19,IA,Iowa,200,359,10034
24,23,ME,Maine,194,320,11114
24,05,AR,Arkansas,188,386,10848
24,02,AK,Alaska,174,338,8063
24,31,NE,Nebraska,148,324,30186
24,50,VT,Vermont,130,210,7060
24,30,MT,Montana,83,138,3752
24,16,ID,Idaho,81,194,6091
24,46,SD,South Dakota,75,147,4794
24,38,ND,North Dakota,75,144,4613
24,56,WY,Wyoming,59,115,2594
25,96,MA,MA Total Migration-US and Foreign,64653,104425,4684977
25,97,MA,MA Total Migration-US,63328,101688,4427743
25,98,MA,MA Total Migration-Foreign,1325,2737,257234
25,97,MA,MA Total Migration-Same State,84810,135381,6493114
25,25,MA,MA Non-migrants,2539722,5185253,235511442
25,36,NY,New York,8141,12264,648742
25,12,FL,Florida,6387,10578,364280
25,33,NH,New Hampshire,6036,9236,352103
25,09,CT,Connecticut,4866,7529,364054
25,06,CA,California,4599,7258,413517
25,44,RI,Rhode Island,4383,7037,247885
25,34,NJ,New Jersey,2573,4297,232062
25,42,PA,Pennsylvania,2450,4007,199399
25,48,TX,Texas,2201,3842,162601
25,51,VA,Virginia,1869,3253,136816
25,23,ME,Maine,1716,2494,93344
25,37,NC,North Carolina,1545,2748,91464
25,17,IL,Illinois,1451,2307,142301
25,57,FR,Foreign,1325,2737,257234
25,24,MD,Maryland,1314,2129,105799
25,13,GA,Georgia,1230,2191,74717
25,50,VT,Vermont,1079,1507,52675
25,39,OH,Ohio,947,1549,71664
25,08,CO,Colorado,877,1448,61390
25,53,WA,Washington,814,1416,57946
25,26,MI,Michigan,729,1249,54548
25,04,AZ,Arizona,726,1241,42669
25,11,DC,District Of Columbia,693,853,50694
25,45,SC,South Carolina,625,1028,32425
25,47,TN,Tennessee,535,910,32033
25,27,MN,Minnesota,511,824,41146
25,55,WI,Wisconsin,471,716,30710
25,29,MO,Missouri,416,699,26732
25,18,IN,Indiana,396,665,23210
25,41,OR,Oregon,388,610,29356
25,32,NV,Nevada,296,466,15652
25,22,LA,Louisiana,284,455,13383
25,21,KY,Kentucky,281,493,15206
25,49,UT,Utah,264,519,13694
25,35,NM,New Mexico,243,469,15608
25,01,AL,Alabama,229,405,10844
25,15,HI,Hawaii,227,379,17856
25,20,KS,Kansas,189,362,13761
25,10,DE,Delaware,169,274,18851
25,40,OK,Oklahoma,165,258,7479
25,19,IA,Iowa,134,223,8715
25,02,AK,Alaska,127,239,6262
25,28,MS,Mississippi,123,226,4863
25,05,AR,Arkansas,123,204,6825
25,54,WV,West Virginia,90,154,3946
25,30,MT,Montana,89,122,2827
25,31,NE,Nebraska,83,144,4431
25,16,ID,Idaho,80,134,3838
25,56,WY,Wyoming,63,93,2620
25,38,ND,North Dakota,57,111,2911
25,46,SD,South Dakota,44,73,1890
26,96,MI,MI Total Migration-US and Foreign,61548,116354,3519164
26,97,MI,MI Total Migration-US,60406,113888,3399341
26,98,MI,MI Total Migration-Foreign,1142,2466,119823
26,97,MI,MI Total Migration-Same State,141597,259338,7159983
26,26,MI,MI Non-migrants,3598621,7686856,224409042
26,12,FL,Florida,6645,11489,318433
26,17,IL,Illinois,5059,9292,378995
26,39,OH,Ohio,5001,9315,266714
26,18,IN,Indiana,3860,7689,205603
26,06,CA,California,3833,6917,248238
26,48,TX,Texas,3808,7762,194698
26,36,NY,New York,2255,4099,139831
26,55,WI,Wisconsin,2046,3810,107965
26,37,NC,North Carolina,2034,4018,96966
26,13,GA,Georgia,1929,3817,75792
26,04,AZ,Arizona,1891,3440,91054
26,47,TN,Tennessee,1820,3621,74848
26,51,VA,Virginia,1577,3156,109183
26,42,PA,Pennsylvania,1478,2669,112998
26,08,CO,Colorado,1424,2577,71238
26,57,FR,Foreign,1142,2466,119823
26,21,KY,Kentucky,1022,2077,42669
26,53,WA,Washington,957,1849,55422
26,29,MO,Missouri,928,1828,45564
26,27,MN,Minnesota,901,1684,54627
26,45,SC,South Carolina,854,1641,45258
26,24,MD,Maryland,803,1493,53826
26,25,MA,Massachusetts,762,1277,52144
26,32,NV,Nevada,740,1339,35795
26,34,NJ,New Jersey,715,1494,61976
26,01,AL,Alabama,715,1480,28884
26,19,IA,Iowa,552,1115,29450
26,22,LA,Louisiana,482,909,19488
26,20,KS,Kansas,478,929,21513
26,05,AR,Arkansas,460,969,17513
26,41,OR,Oregon,457,779,23814
26,40,OK,Oklahoma,437,883,19079
26,28,MS,Mississippi,376,760,13627
26,09,CT,Connecticut,367,688,30156
26,15,HI,Hawaii,344,646,13809
26,49,UT,Utah,323,725,15354
26,02,AK,Alaska,322,648,17436
26,35,NM,New Mexico,319,554,14549
26,38,ND,North Dakota,288,476,14423
26,11,DC,District Of Columbia,265,357,18922
26,56,WY,Wyoming,240,435,10493
26,54,WV,West Virginia,232,489,10938
26,31,NE,Nebraska,230,452,15900
26,30,MT,Montana,221,418,9401
26,46,SD,South Dakota,175,361,8341
26,16,ID,Idaho,171,323,7088
26,33,NH,New Hampshire,163,312,12380
26,23,ME,Maine,144,257,7166
26,10,DE,Delaware,105,220,68016
26,50,VT,Vermont,99,164,5262
26,44,RI,Rhode Island,99,186,6505
27,96,MN,MN Total Migration-US and Foreign,44661,81160,2545602
27,97,MN,MN Total Migration-US,44018,79804,2467772
27,98,MN,MN Total Migration-Foreign,643,1356,77830
27,97,MN,MN Total Migration-Same State,101910,181131,4859791
27,27,MN,MN Non-migrants,2039343,4401168,155879067
27,55,WI,Wisconsin,6907,11408,331919
27,38,ND,North Dakota,3943,6661,179498
27,06,CA,California,2982,5519,212694
27,17,IL,Illinois,2712,5077,165627
27,19,IA,Iowa,2361,4199,110919
27,48,TX,Texas,2282,4599,133385
27,12,FL,Florida,1978,3426,138398
27,46,SD,South Dakota,1655,2892,65930
27,04,AZ,Arizona,1560,2814,91092
27,08,CO,Colorado,1351,2375,84004
27,36,NY,New York,1142,1891,78027
27,26,MI,Michigan,1115,2047,63804
27,53,WA,Washington,899,1732,44712
27,29,MO,Missouri,772,1514,42504
27,39,OH,Ohio,771,1403,52693
27,13,GA,Georgia,752,1539,42975
27,37,NC,North Carolina,728,1483,36876
27,51,VA,Virginia,701,1409,47711
27,18,IN,Indiana,697,1367,43391
27,31,NE,Nebraska,679,1304,36329
27,57,FR,Foreign,643,1356,77830
27,42,PA,Pennsylvania,593,1076,44747
27,47,TN,Tennessee,527,1036,24594
27,20,KS,Kansas,518,1029,28248
27,25,MA,Massachusetts,467,819,38605
27,41,OR,Oregon,466,862,24140
27,32,NV,Nevada,423,785,19002
27,34,NJ,New Jersey,404,751,39220
27,24,MD,Maryland,398,726,26364
27,30,MT,Montana,341,568,13546
27,02,AK,Alaska,322,645,17749
27,40,OK,Oklahoma,298,587,14501
27,49,UT,Utah,287,600,14834
27,05,AR,Arkansas,269,543,15110
27,21,KY,Kentucky,261,526,11605
27,45,SC,South Carolina,255,505,13175
27,09,CT,Connecticut,229,443,21387
27,35,NM,New Mexico,227,397,11061
27,15,HI,Hawaii,219,392,10038
27,22,LA,Louisiana,215,383,9155
27,16,ID,Idaho,204,413,9680
27,01,AL,Alabama,182,394,8552
27,56,WY,Wyoming,176,306,9021
27,28,MS,Mississippi,166,331,5691
27,11,DC,District Of Columbia,145,206,9804
27,23,ME,Maine,114,232,4555
27,33,NH,New Hampshire,83,143,6665
27,44,RI,Rhode Island,71,126,3104
27,50,VT,Vermont,68,108,3484
27,54,WV,West Virginia,61,117,2582
27,10,DE,Delaware,42,96,5066
28,96,MS,MS Total Migration-US and Foreign,28048,58923,1164497
28,97,MS,MS Total Migration-US,27596,57927,1143291
28,98,MS,MS Total Migration-Foreign,452,996,21206
28,97,MS,MS Total Migration-Same State,41200,88852,1494748
28,28,MS,MS Non-migrants,952984,2166148,48889164
28,47,TN,Tennessee,4603,9904,175558
28,22,LA,Louisiana,3507,7376,153014
28,01,AL,Alabama,2562,5364,101504
28,48,TX,Texas,2511,5375,115773
28,12,FL,Florida,1875,3664,67280
28,13,GA,Georgia,1439,3056,55603
28,06,CA,California,967,1988,42458
28,17,IL,Illinois,899,1839,35120
28,05,AR,Arkansas,894,1932,39241
28,37,NC,North Carolina,661,1455,23807
28,51,VA,Virginia,634,1370,30286
28,29,MO,Missouri,518,1075,21257
28,57,FR,Foreign,452,996,21206
28,36,NY,New York,445,859,15639
28,39,OH,Ohio,442,863,21561
28,26,MI,Michigan,423,875,16477
28,08,CO,Colorado,399,728,14569
28,18,IN,Indiana,382,792,15024
28,45,SC,South Carolina,349,745,17559
28,42,PA,Pennsylvania,317,629,15003
28,21,KY,Kentucky,315,726,14607
28,55,WI,Wisconsin,295,609,10940
28,53,WA,Washington,288,619,11386
28,40,OK,Oklahoma,279,628,10315
28,04,AZ,Arizona,245,495,10062
28,24,MD,Maryland,216,450,13502
28,32,NV,Nevada,180,388,7545
28,20,KS,Kansas,178,405,7950
28,34,NJ,New Jersey,162,323,6862
28,27,MN,Minnesota,145,282,5274
28,19,IA,Iowa,127,284,5621
28,25,MA,Massachusetts,123,213,6147
28,35,NM,New Mexico,115,269,6024
28,15,HI,Hawaii,106,236,4439
28,49,UT,Utah,105,279,4904
28,02,AK,Alaska,104,232,4951
28,31,NE,Nebraska,97,201,4307
28,41,OR,Oregon,96,171,3844
28,54,WV,West Virginia,82,163,4041
28,09,CT,Connecticut,72,137,3779
28,16,ID,Idaho,62,130,2356
28,38,ND,North Dakota,61,137,3133
28,46,SD,South Dakota,48,106,2099
28,30,MT,Montana,48,103,2336
28,11,DC,District Of Columbia,44,79,2309
28,56,WY,Wyoming,39,91,1515
28,23,ME,Maine,38,71,1482
28,33,NH,New Hampshire,34,62,1350
28,10,DE,Delaware,28,73,1591
28,44,RI,Rhode Island,23,54,1206
28,50,VT,Vermont,14,22,679
29,96,MO,MO Total Migration-US and Foreign,60301,117185,3055038
29,97,MO,MO Total Migration-US,59268,114887,2987767
29,98,MO,MO Total Migration-Foreign,1033,2298,67271
29,97,MO,MO Total Migration-Same State,94877,181792,3645527
29,29,MO,MO Non-migrants,2097523,4527845,131626744
29,20,KS,Kansas,9637,17531,411823
29,17,IL,Illinois,8056,14231,386780
29,48,TX,Texas,4234,8671,231062
29,06,CA,California,3365,6664,177948
29,12,FL,Florida,2811,5139,143217
29,05,AR,Arkansas,2646,5544,95948
29,40,OK,Oklahoma,1765,3676,87268
29,19,IA,Iowa,1756,3418,88325
29,08,CO,Colorado,1520,2918,72120
29,47,TN,Tennessee,1413,2922,80781
29,13,GA,Georgia,1352,2734,64783
29,18,IN,Indiana,1241,2466,67858
29,04,AZ,Arizona,1241,2444,56170
29,37,NC,North Carolina,1187,2489,57231
29,36,NY,New York,1141,2105,65534
29,51,VA,Virginia,1082,2268,74468
29,39,OH,Ohio,1051,2033,62216
29,57,FR,Foreign,1033,2298,67271
29,26,MI,Michigan,996,1872,56690
29,31,NE,Nebraska,991,1896,49631
29,55,WI,Wisconsin,889,1740,45180
29,53,WA,Washington,885,1847,49046
29,21,KY,Kentucky,793,1667,35312
29,42,PA,Pennsylvania,792,1518,54942
29,27,MN,Minnesota,758,1427,46157
29,22,LA,Louisiana,616,1283,30858
29,01,AL,Alabama,601,1213,28736
29,32,NV,Nevada,522,1002,24256
29,24,MD,Maryland,520,1024,33691
29,28,MS,Mississippi,519,1116,20595
29,45,SC,South Carolina,500,1066,23746
29,34,NJ,New Jersey,415,781,58355
29,25,MA,Massachusetts,393,656,27547
29,35,NM,New Mexico,375,755,16942
29,15,HI,Hawaii,366,874,18267
29,49,UT,Utah,365,966,19364
29,41,OR,Oregon,361,685,16290
29,02,AK,Alaska,259,589,13268
29,46,SD,South Dakota,247,461,11209
29,09,CT,Connecticut,236,445,19133
29,16,ID,Idaho,213,509,8858
29,30,MT,Montana,204,419,8425
29,56,WY,Wyoming,174,365,8101
29,38,ND,North Dakota,168,325,7891
29,54,WV,West Virginia,140,284,6789
29,11,DC,District Of Columbia,116,157,8320
29,23,ME,Maine,90,186,3644
29,33,NH,New Hampshire,89,183,5063
29,10,DE,Delaware,81,156,3575
29,44,RI,Rhode Island,55,93,2867
29,50,VT,Vermont,41,74,1484
30,96,MT,MT Total Migration-US and Foreign,16450,31188,851717
30,97,MT,MT Total Migration-US,16136,30534,836785
30,98,MT,MT Total Migration-Foreign,314,654,14932
30,97,MT,MT Total Migration-Same State,12154,22035,482107
30,30,MT,MT Non-migrants,376543,775865,22037437
30,06,CA,California,1748,3240,95209
30,53,WA,Washington,1656,3072,79871
30,08,CO,Colorado,917,1698,48445
30,16,ID,Idaho,865,1738,37306
30,56,WY,Wyoming,781,1498,35849
30,41,OR,Oregon,766,1324,34896
30,48,TX,Texas,763,1569,47301
30,04,AZ,Arizona,731,1344,38156
30,38,ND,North Dakota,705,1396,43206
30,49,UT,Utah,494,1116,21180
30,12,FL,Florida,485,890,21532
30,32,NV,Nevada,443,816,22294
30,27,MN,Minnesota,423,758,26270
30,02,AK,Alaska,371,706,23219
30,57,FR,Foreign,314,654,14932
30,17,IL,Illinois,310,548,19199
30,36,NY,New York,256,425,11026
30,46,SD,South Dakota,252,520,11609
30,51,VA,Virginia,247,491,19118
30,26,MI,Michigan,241,381,9234
30,42,PA,Pennsylvania,236,402,12108
30,37,NC,North Carolina,235,422,9821
30,55,WI,Wisconsin,234,421,12355
30,29,MO,Missouri,230,489,9843
30,39,OH,Ohio,229,433,11991
30,13,GA,Georgia,192,380,10015
30,35,NM,New Mexico,191,400,10123
30,40,OK,Oklahoma,171,384,8198
30,19,IA,Iowa,156,290,11395
30,31,NE,Nebraska,155,316,6841
30,47,TN,Tennessee,150,299,9854
30,20,KS,Kansas,131,269,7056
30,18,IN,Indiana,125,243,5713
30,24,MD,Maryland,117,214,11876
30,25,MA,Massachusetts,111,154,6045
30,05,AR,Arkansas,102,215,3781
30,22,LA,Louisiana,101,216,5925
30,15,HI,Hawaii,99,193,4978
30,01,AL,Alabama,97,172,3560
30,34,NJ,New Jersey,92,154,6040
30,45,SC,South Carolina,85,170,3289
30,21,KY,Kentucky,76,167,3344
30,33,NH,New Hampshire,61,84,2251
30,28,MS,Mississippi,58,140,2436
30,50,VT,Vermont,57,87,1941
30,09,CT,Connecticut,57,80,4699
30,23,ME,Maine,56,94,1472
30,54,WV,West Virginia,49,73,2000
30,11,DC,District Of Columbia,29,43,2915
30,10,DE,Delaware,-1,-1,-1
30,44,RI,Rhode Island,-1,-1,-1
31,96,NE,NE Total Migration-US and Foreign,19702,39580,924075
31,97,NE,NE Total Migration-US,19354,38715,906562
31,98,NE,NE Total Migration-Foreign,348,865,17513
31,97,NE,NE Total Migration-Same State,25706,48170,1080884
31,31,NE,NE Non-migrants,680685,1520210,45865485
31,19,IA,Iowa,2977,5703,126746
31,08,CO,Colorado,1530,3050,69656
31,48,TX,Texas,1364,2899,66994
31,06,CA,California,1273,2552,65121
31,20,KS,Kansas,1271,2611,59828
31,29,MO,Missouri,901,1785,41229
31,46,SD,South Dakota,808,1558,33650
31,12,FL,Florida,781,1453,29744
31,17,IL,Illinois,690,1392,36840
31,04,AZ,Arizona,629,1242,31960
31,27,MN,Minnesota,565,1140,25474
31,56,WY,Wyoming,393,742,16776
31,51,VA,Virginia,353,777,21857
31,57,FR,Foreign,348,865,17513
31,40,OK,Oklahoma,346,720,16171
31,53,WA,Washington,337,698,16742
31,36,NY,New York,313,544,17869
31,13,GA,Georgia,300,631,11975
31,37,NC,North Carolina,294,605,14979
31,39,OH,Ohio,280,521,14846
31,55,WI,Wisconsin,278,514,15286
31,26,MI,Michigan,233,453,10298
31,32,NV,Nevada,225,451,11274
31,18,IN,Indiana,221,426,9229
31,47,TN,Tennessee,214,467,9957
31,42,PA,Pennsylvania,201,391,10458
31,05,AR,Arkansas,186,368,7634
31,49,UT,Utah,180,468,7481
31,38,ND,North Dakota,177,360,8622
31,41,OR,Oregon,165,284,6060
31,24,MD,Maryland,158,307,10781
31,35,NM,New Mexico,154,365,7092
31,01,AL,Alabama,143,346,6256
31,21,KY,Kentucky,129,268,5678
31,30,MT,Montana,127,242,4640
31,22,LA,Louisiana,127,281,5675
31,34,NJ,New Jersey,123,217,8126
31,45,SC,South Carolina,121,249,5830
31,25,MA,Massachusetts,109,186,5772
31,16,ID,Idaho,108,250,3903
31,02,AK,Alaska,108,238,6057
31,15,HI,Hawaii,106,246,5332
31,28,MS,Mississippi,101,208,4217
31,09,CT,Connecticut,50,102,2760
31,33,NH,New Hampshire,39,77,1574
31,54,WV,West Virginia,33,74,1209
31,11,DC,District Of Columbia,33,55,1822
31,44,RI,Rhode Island,27,61,1396
31,50,VT,Vermont,26,52,1926
31,10,DE,Delaware,26,50,1095
31,23,ME,Maine,21,36,666
32,96,NV,NV Total Migration-US and Foreign,57846,109575,3432679
32,97,NV,NV Total Migration-US,56856,107533,3375211
32,98,NV,NV Total Migration-Foreign,990,2042,57468
32,97,NV,NV Total Migration-Same State,8534,16312,405915
32,32,NV,NV Non-migrants,998824,2162286,62368365
32,06,CA,California,20618,39337,1455453
32,04,AZ,Arizona,3328,6694,178965
32,48,TX,Texas,2818,5562,124432
32,12,FL,Florida,2443,4161,116268
32,49,UT,Utah,2218,4892,120111
32,53,WA,Washington,2040,3900,102314
32,08,CO,Colorado,1605,2966,108395
32,17,IL,Illinois,1601,2855,95543
32,36,NY,New York,1474,2422,88591
32,41,OR,Oregon,1324,2366,58678
32,15,HI,Hawaii,1212,2418,56048
32,57,FR,Foreign,990,2042,57468
32,26,MI,Michigan,983,1737,45500
32,39,OH,Ohio,916,1611,44721
32,16,ID,Idaho,862,1920,40332
32,51,VA,Virginia,828,1553,56150
32,42,PA,Pennsylvania,797,1376,41578
32,13,GA,Georgia,790,1565,61583
32,35,NM,New Mexico,728,1425,36744
32,37,NC,North Carolina,712,1390,27916
32,34,NJ,New Jersey,705,1229,40577
32,27,MN,Minnesota,634,1088,49396
32,29,MO,Missouri,567,1014,25189
32,18,IN,Indiana,552,1009,17988
32,55,WI,Wisconsin,520,909,29876
32,47,TN,Tennessee,451,825,25621
32,02,AK,Alaska,447,849,29182
32,24,MD,Maryland,444,769,30111
32,40,OK,Oklahoma,441,860,19302
32,30,MT,Montana,411,791,3045
32,20,KS,Kansas,382,727,17893
32,25,MA,Massachusetts,371,572,27648
32,22,LA,Louisiana,352,652,13404
32,56,WY,Wyoming,351,682,20437
32,45,SC,South Carolina,313,600,14430
32,19,IA,Iowa,286,553,14352
32,31,NE,Nebraska,282,516,19047
32,01,AL,Alabama,249,480,9386
32,28,MS,Mississippi,224,419,24993
32,05,AR,Arkansas,223,439,8012
32,46,SD,South Dakota,211,377,8914
32,21,KY,Kentucky,211,437,10374
32,09,CT,Connecticut,210,343,15434
32,38,ND,North Dakota,178,339,11982
32,33,NH,New Hampshire,99,166,4666
32,23,ME,Maine,87,166,4399
32,54,WV,West Virginia,83,133,3217
32,11,DC,District Of Columbia,81,106,5293
32,10,DE,Delaware,69,118,4051
32,44,RI,Rhode Island,67,112,3575
32,50,VT,Vermont,58,103,4095
33,96,NH,NH Total Migration-US and Foreign,21331,36456,1527838
33,97,NH,NH Total Migration-US,21069,35946,1504988
33,98,NH,NH Total Migration-Foreign,262,510,22849
33,97,NH,NH Total Migration-Same State,14548,24102,718054
33,33,NH,NH Non-migrants,525205,1071564,39968705
33,25,MA,Massachusetts,7807,13105,537802
33,23,ME,Maine,1770,2822,83332
33,12,FL,Florida,1524,2581,65208
33,50,VT,Vermont,1298,2122,68700
33,36,NY,New York,1212,1969,118396
33,06,CA,California,712,1171,130968
33,09,CT,Connecticut,711,1252,92222
33,42,PA,Pennsylvania,448,756,32210
33,48,TX,Texas,444,859,35482
33,51,VA,Virginia,442,807,37113
33,34,NJ,New Jersey,391,746,38209
33,37,NC,North Carolina,381,691,18053
33,44,RI,Rhode Island,365,575,21646
33,08,CO,Colorado,270,482,15627
33,57,FR,Foreign,262,510,22849
33,04,AZ,Arizona,244,408,11915
33,13,GA,Georgia,235,436,16349
33,17,IL,Illinois,222,414,23018
33,45,SC,South Carolina,213,388,9848
33,24,MD,Maryland,207,391,22460
33,39,OH,Ohio,200,364,15799
33,53,WA,Washington,189,344,10629
33,47,TN,Tennessee,148,284,7887
33,26,MI,Michigan,147,258,10144
33,18,IN,Indiana,94,175,5422
33,41,OR,Oregon,92,154,3615
33,32,NV,Nevada,92,167,4154
33,55,WI,Wisconsin,87,145,5268
33,29,MO,Missouri,86,153,4218
33,49,UT,Utah,85,191,4720
33,27,MN,Minnesota,78,129,5938
33,01,AL,Alabama,76,143,4334
33,15,HI,Hawaii,74,130,3651
33,21,KY,Kentucky,66,138,3761
33,11,DC,District Of Columbia,65,88,5180
33,40,OK,Oklahoma,56,105,2518
33,54,WV,West Virginia,52,97,1757
33,02,AK,Alaska,52,98,3960
33,35,NM,New Mexico,51,100,3419
33,20,KS,Kansas,51,94,2953
33,22,LA,Louisiana,47,84,3031
33,19,IA,Iowa,46,78,2064
33,10,DE,Delaware,38,81,2556
33,30,MT,Montana,33,51,1477
33,05,AR,Arkansas,32,72,1600
33,28,MS,Mississippi,31,60,1541
33,46,SD,South Dakota,25,47,1339
33,16,ID,Idaho,25,53,1090
33,38,ND,North Dakota,22,34,650
33,31,NE,Nebraska,17,27,965
33,56,WY,Wyoming,16,27,789
34,96,NJ,NJ Total Migration-US and Foreign,81033,146439,5992121
34,97,NJ,NJ Total Migration-US,79397,142687,5769268
34,98,NJ,NJ Total Migration-Foreign,1636,3752,222853
34,97,NJ,NJ Total Migration-Same State,105767,190549,7519137
34,34,NJ,NJ Non-migrants,3319345,7210580,300934882
34,36,NY,New York,28403,51383,2458346
34,42,PA,Pennsylvania,12642,21830,748692
34,12,FL,Florida,7132,12290,421859
34,06,CA,California,3553,6523,280692
34,51,VA,Virginia,2399,4432,160286
34,48,TX,Texas,2392,4742,176915
34,37,NC,North Carolina,2254,4263,107546
34,24,MD,Maryland,1979,3590,136252
34,25,MA,Massachusetts,1910,3207,129301
34,09,CT,Connecticut,1668,2985,204465
34,13,GA,Georgia,1644,3115,87349
34,57,FR,Foreign,1636,3752,222853
34,17,IL,Illinois,1413,2628,129913
34,10,DE,Delaware,1000,1749,52773
34,39,OH,Ohio,973,1807,68466
34,45,SC,South Carolina,881,1587,33648
34,04,AZ,Arizona,680,1213,44733
34,26,MI,Michigan,611,1145,40662
34,08,CO,Colorado,581,1078,38371
34,47,TN,Tennessee,528,967,35204
34,53,WA,Washington,523,1048,39863
34,18,IN,Indiana,430,788,29822
34,11,DC,District Of Columbia,406,545,32556
34,32,NV,Nevada,387,668,21388
34,27,MN,Minnesota,360,660,25848
34,29,MO,Missouri,349,603,18717
34,44,RI,Rhode Island,317,525,16130
34,22,LA,Louisiana,286,538,15692
34,55,WI,Wisconsin,277,512,24971
34,33,NH,New Hampshire,259,434,18375
34,01,AL,Alabama,249,503,14101
34,21,KY,Kentucky,247,459,12704
34,15,HI,Hawaii,218,388,10809
34,20,KS,Kansas,213,403,12011
34,49,UT,Utah,212,432,17338
34,41,OR,Oregon,212,373,12480
34,23,ME,Maine,198,322,13265
34,40,OK,Oklahoma,193,369,9927
34,54,WV,West Virginia,181,335,6440
34,50,VT,Vermont,167,267,8180
34,05,AR,Arkansas,167,340,10085
34,35,NM,New Mexico,165,304,7204
34,28,MS,Mississippi,144,275,5739
34,19,IA,Iowa,121,204,6943
34,02,AK,Alaska,119,217,4483
34,31,NE,Nebraska,113,220,7569
34,38,ND,North Dakota,67,119,2991
34,16,ID,Idaho,56,109,2531
34,46,SD,South Dakota,43,79,2629
34,30,MT,Montana,40,60,1666
34,56,WY,Wyoming,35,54,1337
35,96,NM,NM Total Migration-US and Foreign,27447,54759,1373650
35,97,NM,NM Total Migration-US,26707,53138,1326303
35,98,NM,NM Total Migration-Foreign,740,1621,47347
35,97,NM,NM Total Migration-Same State,20194,41150,770291
35,35,NM,NM Non-migrants,701533,1522126,38506679
35,48,TX,Texas,6046,12896,292851
35,04,AZ,Arizona,3094,6974,125090
35,06,CA,California,2751,5085,145654
35,08,CO,Colorado,2092,4077,97837
35,12,FL,Florida,1105,1998,50010
35,57,FR,Foreign,740,1621,47347
35,53,WA,Washington,638,1172,34694
35,32,NV,Nevada,582,1210,30039
35,40,OK,Oklahoma,564,1170,24482
35,36,NY,New York,539,890,33953
35,17,IL,Illinois,529,933,30496
35,51,VA,Virginia,474,919,35096
35,49,UT,Utah,462,1035,18959
35,37,NC,North Carolina,430,849,21398
35,13,GA,Georgia,420,793,20236
35,20,KS,Kansas,376,800,15501
35,39,OH,Ohio,371,668,20216
35,42,PA,Pennsylvania,361,631,23098
35,29,MO,Missouri,357,691,15990
35,26,MI,Michigan,339,588,15435
35,41,OR,Oregon,325,550,13996
35,24,MD,Maryland,286,573,20453
35,47,TN,Tennessee,271,521,12025
35,27,MN,Minnesota,268,448,13741
35,18,IN,Indiana,259,472,13999
35,55,WI,Wisconsin,255,442,12378
35,25,MA,Massachusetts,229,375,16416
35,05,AR,Arkansas,224,444,9241
35,02,AK,Alaska,223,466,12690
35,22,LA,Louisiana,210,392,9572
35,16,ID,Idaho,205,428,9764
35,34,NJ,New Jersey,198,351,11169
35,56,WY,Wyoming,188,372,9216
35,15,HI,Hawaii,185,357,9190
35,45,SC,South Carolina,182,384,9163
35,01,AL,Alabama,170,348,8471
35,30,MT,Montana,167,317,7955
35,31,NE,Nebraska,162,312,8170
35,19,IA,Iowa,145,273,5341
35,21,KY,Kentucky,140,278,6475
35,28,MS,Mississippi,124,256,5989
35,46,SD,South Dakota,122,228,5593
35,09,CT,Connecticut,118,210,10769
35,38,ND,North Dakota,114,247,6675
35,11,DC,District Of Columbia,87,144,9916
35,23,ME,Maine,70,126,3630
35,33,NH,New Hampshire,65,121,3205
35,54,WV,West Virginia,57,106,2560
35,50,VT,Vermont,54,81,3758
35,10,DE,Delaware,40,77,1780
35,44,RI,Rhode Island,34,60,1966
36,96,NY,NY Total Migration-US and Foreign,150351,243434,10642278
36,97,NY,NY Total Migration-US,146348,235532,10070099
36,98,NY,NY Total Migration-Foreign,4003,7902,572180
36,97,NY,NY Total Migration-Same State,234163,405851,14751947
36,36,NY,NY Non-migrants,7371599,15054262,624777990
36,34,NJ,New Jersey,22299,35681,2284556
36,12,FL,Florida,18075,29527,889684
36,06,CA,California,12785,18277,1126318
36,42,PA,Pennsylvania,11262,18590,668872
36,09,CT,Connecticut,8099,12697,867192
36,25,MA,Massachusetts,7587,10641,495085
36,48,TX,Texas,6623,11624,358541
36,51,VA,Virginia,5699,9648,334115
36,37,NC,North Carolina,5588,10008,232710
36,13,GA,Georgia,4606,8464,223107
36,24,MD,Maryland,4072,6419,225886
36,57,FR,Foreign,4003,7902,572180
36,17,IL,Illinois,3844,5620,309629
36,39,OH,Ohio,2918,4769,182075
36,45,SC,South Carolina,2546,4232,96105
36,26,MI,Michigan,2097,3341,112946
36,04,AZ,Arizona,2008,3339,126335
36,53,WA,Washington,1969,3231,134604
36,11,DC,District Of Columbia,1951,2303,157071
36,08,CO,Colorado,1842,2945,97290
36,47,TN,Tennessee,1473,2594,71009
36,50,VT,Vermont,1195,1819,58050
36,29,MO,Missouri,1138,1869,66119
36,27,MN,Minnesota,1076,1593,174314
36,18,IN,Indiana,1074,1818,53076
36,32,NV,Nevada,994,1655,56537
36,44,RI,Rhode Island,967,1501,49836
36,33,NH,New Hampshire,951,1468,51079
36,55,WI,Wisconsin,927,1398,50798
36,22,LA,Louisiana,909,1532,61354
36,41,OR,Oregon,829,1209,39690
36,01,AL,Alabama,813,1481,29005
36,21,KY,Kentucky,803,1546,39073
36,23,ME,Maine,734,1191,42387
36,10,DE,Delaware,698,1135,38214
36,15,HI,Hawaii,659,1232,28088
36,20,KS,Kansas,626,1264,29747
36,49,UT,Utah,548,921,27730
36,40,OK,Oklahoma,539,963,20099
36,35,NM,New Mexico,478,740,23288
36,19,IA,Iowa,438,741,26435
36,02,AK,Alaska,390,745,17824
36,28,MS,Mississippi,359,660,14721
36,54,WV,West Virginia,355,641,12319
36,05,AR,Arkansas,348,591,15038
36,31,NE,Nebraska,287,473,13688
36,16,ID,Idaho,209,376,12124
36,30,MT,Montana,205,314,6804
36,56,WY,Wyoming,175,258,7999
36,38,ND,North Dakota,146,226,6201
36,46,SD,South Dakota,135,222,5333
37,96,NC,NC Total Migration-US and Foreign,129519,258281,7387982
37,97,NC,NC Total Migration-US,126075,250171,7191033
37,98,NC,NC Total Migration-Foreign,3444,8110,196950
37,97,NC,NC Total Migration-Same State,138963,277676,5981715
37,37,NC,NC Non-migrants,3291946,7334218,202567938
37,12,FL,Florida,12949,24493,645725
37,51,VA,Virginia,12415,24836,727710
37,45,SC,South Carolina,10947,21281,521579
37,36,NY,New York,10281,19706,576678
37,13,GA,Georgia,7206,14538,354487
37,06,CA,California,6625,13657,429191
37,48,TX,Texas,6008,12869,373019
37,42,PA,Pennsylvania,5362,9986,312709
37,34,NJ,New Jersey,4686,9647,329450
37,39,OH,Ohio,4328,8222,243404
37,24,MD,Maryland,4226,8179,270860
37,47,TN,Tennessee,3549,6943,175828
37,57,FR,Foreign,3444,8110,196950
37,17,IL,Illinois,3112,6219,236002
37,26,MI,Michigan,2594,5001,137194
37,25,MA,Massachusetts,2306,4376,161710
37,09,CT,Connecticut,2048,4143,161948
37,08,CO,Colorado,1793,3638,96668
37,53,WA,Washington,1675,3584,104794
37,18,IN,Indiana,1640,3293,107060
37,04,AZ,Arizona,1628,3392,95855
37,01,AL,Alabama,1588,3353,79762
37,21,KY,Kentucky,1473,3202,77032
37,29,MO,Missouri,1434,2981,83874
37,54,WV,West Virginia,1409,2766,60305
37,55,WI,Wisconsin,1157,2216,70658
37,22,LA,Louisiana,1079,2283,73025
37,27,MN,Minnesota,1002,1911,82359
37,20,KS,Kansas,838,1945,45304
37,15,HI,Hawaii,759,1916,37443
37,40,OK,Oklahoma,757,1596,35791
37,28,MS,Mississippi,756,1548,31355
37,11,DC,District Of Columbia,713,1036,45416
37,33,NH,New Hampshire,658,1254,39956
37,32,NV,Nevada,652,1262,28986
37,41,OR,Oregon,613,1081,30233
37,19,IA,Iowa,603,1202,35022
37,05,AR,Arkansas,595,1258,31476
37,02,AK,Alaska,562,1262,25764
37,10,DE,Delaware,520,1018,30687
37,23,ME,Maine,495,938,25560
37,49,UT,Utah,479,1165,24013
37,44,RI,Rhode Island,474,954,28591
37,35,NM,New Mexico,447,849,21403
37,50,VT,Vermont,366,683,18590
37,31,NE,Nebraska,341,669,20044
37,16,ID,Idaho,250,535,15249
37,30,MT,Montana,182,329,7745
37,56,WY,Wyoming,172,327,7256
37,46,SD,South Dakota,170,324,8556
37,38,ND,North Dakota,153,305,7707
38,96,ND,ND Total Migration-US and Foreign,17766,33569,856442
38,97,ND,ND Total Migration-US,17401,32830,841527
38,98,ND,ND Total Migration-Foreign,365,739,14915
38,97,ND,ND Total Migration-Same State,9599,17054,507651
38,38,ND,ND Non-migrants,271083,563897,21991677
38,27,MN,Minnesota,4272,7131,200809
38,30,MT,Montana,939,1704,51090
38,06,CA,California,904,1719,42096
38,46,SD,South Dakota,779,1489,36007
38,48,TX,Texas,763,1576,40855
38,53,WA,Washington,648,1289,28278
38,08,CO,Colorado,622,1222,34183
38,12,FL,Florida,606,1210,25710
38,04,AZ,Arizona,544,1068,30588
38,26,MI,Michigan,527,945,22619
38,16,ID,Idaho,498,1083,28788
38,55,WI,Wisconsin,452,766,21932
38,13,GA,Georgia,377,740,19071
38,57,FR,Foreign,365,739,14915
38,17,IL,Illinois,350,663,15365
38,41,OR,Oregon,335,589,14837
38,49,UT,Utah,327,804,18605
38,56,WY,Wyoming,302,676,18139
38,32,NV,Nevada,279,583,10887
38,29,MO,Missouri,266,534,11929
38,42,PA,Pennsylvania,250,483,10979
38,39,OH,Ohio,229,399,9280
38,19,IA,Iowa,223,437,10841
38,36,NY,New York,222,379,10060
38,37,NC,North Carolina,218,454,8446
38,31,NE,Nebraska,213,443,9597
38,18,IN,Indiana,185,378,9199
38,51,VA,Virginia,183,332,8486
38,47,TN,Tennessee,174,331,6178
38,40,OK,Oklahoma,169,351,7527
38,20,KS,Kansas,165,315,7537
38,22,LA,Louisiana,146,323,9538
38,05,AR,Arkansas,137,301,6679
38,35,NM,New Mexico,129,284,11859
38,02,AK,Alaska,120,224,5835
38,45,SC,South Carolina,112,215,4261
38,01,AL,Alabama,103,188,3691
38,24,MD,Maryland,93,160,4830
38,28,MS,Mississippi,91,194,4110
38,34,NJ,New Jersey,84,165,3951
38,21,KY,Kentucky,77,138,3250
38,25,MA,Massachusetts,62,111,2641
38,15,HI,Hawaii,45,107,1756
38,23,ME,Maine,39,71,1628
38,54,WV,West Virginia,32,73,1585
38,09,CT,Connecticut,32,46,2264
38,33,NH,New Hampshire,29,49,866
38,50,VT,Vermont,14,28,1204
38,10,DE,Delaware,14,19,648
38,44,RI,Rhode Island,11,24,378
38,11,DC,District Of Columbia,10,17,635
39,96,OH,OH Total Migration-US and Foreign,79729,152071,4281647
39,97,OH,OH Total Migration-US,78429,149288,4183508
39,98,OH,OH Total Migration-Foreign,1300,2783,98139
39,97,OH,OH Total Migration-Same State,149077,271437,6654948
39,39,OH,OH Non-migrants,4337523,8998550,266146440
39,12,FL,Florida,7808,13613,390464
39,21,KY,Kentucky,5834,10967,277914
39,42,PA,Pennsylvania,5209,9482,281403
39,26,MI,Michigan,5010,9324,253403
39,18,IN,Indiana,4586,8671,214031
39,48,TX,Texas,4129,8283,205374
39,06,CA,California,3911,7203,244283
39,36,NY,New York,3533,6327,194798
39,17,IL,Illinois,3439,6364,242193
39,37,NC,North Carolina,3191,6411,150828
39,54,WV,West Virginia,2925,5636,109844
39,51,VA,Virginia,2827,5680,176384
39,13,GA,Georgia,2713,5518,125795
39,47,TN,Tennessee,2241,4430,115276
39,04,AZ,Arizona,1698,3165,81758
39,45,SC,South Carolina,1508,2827,89236
39,24,MD,Maryland,1387,2744,92696
39,57,FR,Foreign,1300,2783,98139
39,08,CO,Colorado,1298,2485,67682
39,34,NJ,New Jersey,1189,2437,93158
39,29,MO,Missouri,1101,2190,74230
39,25,MA,Massachusetts,948,1673,63252
39,53,WA,Washington,945,1938,49782
39,55,WI,Wisconsin,918,1743,55876
39,01,AL,Alabama,871,1825,41072
39,32,NV,Nevada,706,1321,30781
39,27,MN,Minnesota,697,1337,53567
39,22,LA,Louisiana,621,1220,29786
39,09,CT,Connecticut,582,1098,47406
39,40,OK,Oklahoma,553,1172,25351
39,20,KS,Kansas,547,1139,26855
39,05,AR,Arkansas,478,1014,26866
39,41,OR,Oregon,423,759,20219
39,49,UT,Utah,421,1005,22073
39,19,IA,Iowa,420,863,21903
39,28,MS,Mississippi,414,847,17226
39,35,NM,New Mexico,395,839,20947
39,15,HI,Hawaii,370,813,17511
39,11,DC,District Of Columbia,287,413,22416
39,02,AK,Alaska,286,581,12887
39,31,NE,Nebraska,266,542,13932
39,33,NH,New Hampshire,237,451,13793
39,38,ND,North Dakota,199,404,9773
39,23,ME,Maine,199,389,9683
39,10,DE,Delaware,186,345,9167
39,16,ID,Idaho,173,399,6012
39,30,MT,Montana,168,310,6431
39,56,WY,Wyoming,159,348,8764
39,46,SD,South Dakota,151,291,6277
39,50,VT,Vermont,136,218,5855
39,44,RI,Rhode Island,136,234,7297
40,96,OK,OK Total Migration-US and Foreign,40794,85980,1931730
40,97,OK,OK Total Migration-US,39912,83897,1888593
40,98,OK,OK Total Migration-Foreign,882,2083,43137
40,97,OK,OK Total Migration-Same State,59728,125459,2609510
40,40,OK,OK Non-migrants,1226569,2768163,79784941
40,48,TX,Texas,10126,21378,538964
40,20,KS,Kansas,2834,6093,157504
40,06,CA,California,2804,5890,122150
40,05,AR,Arkansas,2794,6000,105994
40,29,MO,Missouri,1994,4093,76077
40,12,FL,Florida,1690,3198,70746
40,08,CO,Colorado,1483,2974,72888
40,04,AZ,Arizona,935,2008,42846
40,13,GA,Georgia,900,2063,36867
40,57,FR,Foreign,882,2083,43137
40,17,IL,Illinois,881,1798,41095
40,37,NC,North Carolina,780,1729,35021
40,22,LA,Louisiana,706,1633,34457
40,53,WA,Washington,705,1546,32964
40,36,NY,New York,698,1293,30228
40,47,TN,Tennessee,695,1469,29235
40,51,VA,Virginia,681,1496,41263
40,35,NM,New Mexico,669,1441,26693
40,39,OH,Ohio,594,1131,30289
40,42,PA,Pennsylvania,516,1028,29643
40,26,MI,Michigan,489,955,19010
40,32,NV,Nevada,471,977,18898
40,18,IN,Indiana,409,895,17474
40,01,AL,Alabama,397,884,19150
40,28,MS,Mississippi,394,817,13798
40,45,SC,South Carolina,365,814,15923
40,31,NE,Nebraska,352,754,16039
40,19,IA,Iowa,348,691,14223
40,21,KY,Kentucky,334,801,13303
40,55,WI,Wisconsin,318,633,14392
40,27,MN,Minnesota,303,648,14879
40,49,UT,Utah,288,696,14436
40,41,OR,Oregon,287,572,11545
40,24,MD,Maryland,286,540,15152
40,02,AK,Alaska,271,625,13363
40,34,NJ,New Jersey,258,490,13546
40,15,HI,Hawaii,240,596,11555
40,56,WY,Wyoming,216,468,13198
40,25,MA,Massachusetts,207,373,9374
40,16,ID,Idaho,185,401,6479
40,38,ND,North Dakota,179,360,9987
40,30,MT,Montana,163,326,6937
40,46,SD,South Dakota,154,306,2765
40,09,CT,Connecticut,123,252,7726
40,54,WV,West Virginia,106,238,6955
40,11,DC,District Of Columbia,67,105,4663
40,23,ME,Maine,62,122,2218
40,33,NH,New Hampshire,53,107,2360
40,10,DE,Delaware,46,88,2377
40,44,RI,Rhode Island,31,53,1143
40,50,VT,Vermont,25,49,800
41,96,OR,OR Total Migration-US and Foreign,57751,104220,3074675
41,97,OR,OR Total Migration-US,57003,102680,3029966
41,98,OR,OR Total Migration-Foreign,748,1540,44709
41,97,OR,OR Total Migration-Same State,55950,99378,2588597
41,41,OR,OR Non-migrants,1371053,2916132,88819999
41,06,CA,California,14271,25666,842814
41,53,WA,Washington,10765,19713,536753
41,04,AZ,Arizona,2763,5177,135999
41,48,TX,Texas,2240,4166,127936
41,16,ID,Idaho,2154,4410,89650
41,08,CO,Colorado,1774,3046,91243
41,32,NV,Nevada,1587,2930,74325
41,12,FL,Florida,1488,2478,66542
41,36,NY,New York,1341,2007,87004
41,49,UT,Utah,1211,2527,58239
41,17,IL,Illinois,1104,1791,65369
41,02,AK,Alaska,1050,1873,56646
41,15,HI,Hawaii,899,1669,38742
41,30,MT,Montana,857,1427,32196
41,51,VA,Virginia,809,1477,56643
41,57,FR,Foreign,748,1540,44709
41,35,NM,New Mexico,721,1369,44144
41,37,NC,North Carolina,714,1392,38646
41,42,PA,Pennsylvania,711,1170,43473
41,26,MI,Michigan,699,1152,32430
41,27,MN,Minnesota,685,1180,35017
41,39,OH,Ohio,637,1086,33768
41,13,GA,Georgia,609,1145,31669
41,55,WI,Wisconsin,605,1000,31671
41,25,MA,Massachusetts,594,911,38676
41,29,MO,Missouri,582,1104,26301
41,18,IN,Indiana,458,794,22235
41,47,TN,Tennessee,448,781,20822
41,20,KS,Kansas,407,708,19320
41,24,MD,Maryland,400,684,26967
41,40,OK,Oklahoma,386,782,18365
41,34,NJ,New Jersey,379,659,25268
41,19,IA,Iowa,312,563,15834
41,56,WY,Wyoming,306,573,12700
41,38,ND,North Dakota,275,476,14950
41,31,NE,Nebraska,271,484,17555
41,05,AR,Arkansas,261,506,13279
41,45,SC,South Carolina,256,433,11329
41,22,LA,Louisiana,230,407,9907
41,21,KY,Kentucky,219,404,8860
41,09,CT,Connecticut,217,353,13288
41,01,AL,Alabama,203,405,8982
41,11,DC,District Of Columbia,172,229,12638
41,46,SD,South Dakota,169,310,8077
41,23,ME,Maine,143,229,6763
41,50,VT,Vermont,138,214,6316
41,33,NH,New Hampshire,137,211,4131
41,28,MS,Mississippi,119,234,4593
41,44,RI,Rhode Island,88,142,3995
41,54,WV,West Virginia,81,140,5132
41,10,DE,Delaware,58,93,2763
42,96,PA,PA Total Migration-US and Foreign,96817,176413,5922541
42,97,PA,PA Total Migration-US,95285,173183,5774964
42,98,PA,PA Total Migration-Foreign,1532,3230,147577
42,97,PA,PA Total Migration-Same State,129235,222021,6416732
42,42,PA,PA Non-migrants,4858301,10081510,334667719
42,34,NJ,New Jersey,14842,25831,1050042
42,36,NY,New York,13898,26009,754474
42,12,FL,Florida,7825,13646,409002
42,24,MD,Maryland,7235,13061,424793
42,51,VA,Virginia,4775,8707,299051
42,39,OH,Ohio,4401,7725,239116
42,06,CA,California,4195,7203,307732
42,48,TX,Texas,3569,6988,242597
42,37,NC,North Carolina,3536,6855,187159
42,10,DE,Delaware,3154,5776,198261
42,13,GA,Georgia,2139,4267,111590
42,25,MA,Massachusetts,2035,3407,140076
42,17,IL,Illinois,1872,3392,152950
42,54,WV,West Virginia,1675,2967,88030
42,57,FR,Foreign,1532,3230,147577
42,45,SC,South Carolina,1477,2750,64629
42,26,MI,Michigan,1361,2457,88880
42,09,CT,Connecticut,1345,2421,97824
42,04,AZ,Arizona,1211,2223,66835
42,08,CO,Colorado,1186,2198,66344
42,47,TN,Tennessee,1185,2304,69274
42,53,WA,Washington,900,1714,55716
42,18,IN,Indiana,898,1713,52512
42,11,DC,District Of Columbia,702,935,50408
42,29,MO,Missouri,694,1367,41686
42,21,KY,Kentucky,667,1269,33128
42,55,WI,Wisconsin,649,1194,38914
42,27,MN,Minnesota,583,1096,47933
42,32,NV,Nevada,565,1033,30726
42,22,LA,Louisiana,521,942,29095
42,01,AL,Alabama,507,996,28329
42,20,KS,Kansas,418,898,22795
42,40,OK,Oklahoma,400,809,27996
42,33,NH,New Hampshire,395,709,23887
42,41,OR,Oregon,391,611,19464
42,49,UT,Utah,384,863,23055
42,15,HI,Hawaii,374,714,19524
42,23,ME,Maine,363,622,20750
42,35,NM,New Mexico,338,600,16105
42,44,RI,Rhode Island,330,602,17972
42,19,IA,Iowa,318,598,18928
42,05,AR,Arkansas,314,685,18035
42,28,MS,Mississippi,271,505,12668
42,02,AK,Alaska,256,480,11817
42,50,VT,Vermont,246,368,9890
42,31,NE,Nebraska,218,433,12807
42,16,ID,Idaho,147,283,5238
42,30,MT,Montana,146,246,7315
42,38,ND,North Dakota,142,275,6619
42,56,WY,Wyoming,130,240,8414
42,46,SD,South Dakota,102,196,4578
44,96,RI,RI Total Migration-US and Foreign,13158,22556,768515
44,97,RI,RI Total Migration-US,12970,22126,754307
44,98,RI,RI Total Migration-Foreign,188,430,14208
44,97,RI,RI Total Migration-Same State,8356,13657,436994
44,44,RI,RI Non-migrants,401380,802474,27431929
44,25,MA,Massachusetts,4290,6951,246252
44,09,CT,Connecticut,1199,1936,78236
44,36,NY,New York,1179,2032,65886
44,12,FL,Florida,1120,1912,59105
44,06,CA,California,599,1103,40110
44,51,VA,Virginia,364,784,25660
44,34,NJ,New Jersey,342,554,28582
44,42,PA,Pennsylvania,335,573,19651
44,48,TX,Texas,309,545,15383
44,37,NC,North Carolina,287,571,15394
44,33,NH,New Hampshire,260,425,13824
44,24,MD,Maryland,212,367,11360
44,13,GA,Georgia,192,371,10203
44,57,FR,Foreign,188,430,14208
44,17,IL,Illinois,175,313,12031
44,23,ME,Maine,171,261,7656
44,39,OH,Ohio,152,258,8001
44,53,WA,Washington,136,269,8649
44,45,SC,South Carolina,131,224,4826
44,08,CO,Colorado,130,225,6993
44,04,AZ,Arizona,128,253,8812
44,50,VT,Vermont,101,143,4504
44,26,MI,Michigan,98,151,5335
44,47,TN,Tennessee,92,186,3724
44,15,HI,Hawaii,84,172,5414
44,41,OR,Oregon,66,92,2745
44,11,DC,District Of Columbia,66,97,5927
44,32,NV,Nevada,64,103,3364
44,27,MN,Minnesota,63,113,4843
44,18,IN,Indiana,63,110,3050
44,29,MO,Missouri,55,87,3810
44,20,KS,Kansas,53,104,2183
44,21,KY,Kentucky,49,106,2227
44,55,WI,Wisconsin,47,86,2654
44,22,LA,Louisiana,47,88,1863
44,01,AL,Alabama,38,77,1798
44,49,UT,Utah,34,59,1568
44,19,IA,Iowa,33,52,1986
44,40,OK,Oklahoma,31,50,1476
44,05,AR,Arkansas,30,62,1651
44,28,MS,Mississippi,27,45,1187
44,31,NE,Nebraska,23,51,1112
44,10,DE,Delaware,23,40,1176
44,35,NM,New Mexico,21,37,1872
44,02,AK,Alaska,21,32,1004
44,54,WV,West Virginia,18,31,692
44,16,ID,Idaho,12,25,530
44,38,ND,North Dakota,-1,-1,-1
44,46,SD,South Dakota,-1,-1,-1
44,56,WY,Wyoming,-1,-1,-1
44,30,MT,Montana,-1,-1,-1
45,96,SC,SC Total Migration-US and Foreign,70671,141698,4406095
45,97,SC,SC Total Migration-US,69351,138653,4311420
45,98,SC,SC Total Migration-Foreign,1320,3045,94675
45,97,SC,SC Total Migration-Same State,59803,120092,2647356
45,45,SC,SC Non-migrants,1596708,3504182,91463319
45,37,NC,North Carolina,13353,26929,725183
45,13,GA,Georgia,7331,14948,402846
45,12,FL,Florida,5737,11061,294398
45,36,NY,New York,4441,8431,310108
45,51,VA,Virginia,3894,7785,268791
45,42,PA,Pennsylvania,2972,5658,195731
45,48,TX,Texas,2619,5572,174614
45,39,OH,Ohio,2608,5061,168278
45,34,NJ,New Jersey,2249,4317,174100
45,06,CA,California,2239,4503,137930
45,24,MD,Maryland,1952,3656,139984
45,47,TN,Tennessee,1834,3734,115835
45,26,MI,Michigan,1368,2646,99665
45,17,IL,Illinois,1340,2742,116599
45,57,FR,Foreign,1320,3045,94675
45,09,CT,Connecticut,1254,2431,134271
45,25,MA,Massachusetts,1064,1955,78985
45,01,AL,Alabama,982,2073,56487
45,18,IN,Indiana,949,1906,57439
45,21,KY,Kentucky,870,1922,44778
45,08,CO,Colorado,806,1598,42248
45,53,WA,Washington,801,1794,52610
45,54,WV,West Virginia,796,1560,45405
45,04,AZ,Arizona,713,1457,44330
45,29,MO,Missouri,619,1262,36584
45,22,LA,Louisiana,498,1064,27841
45,55,WI,Wisconsin,482,1012,32458
45,28,MS,Mississippi,423,887,20704
45,33,NH,New Hampshire,386,755,22851
45,40,OK,Oklahoma,372,767,18192
45,27,MN,Minnesota,365,778,27584
45,20,KS,Kansas,357,781,23536
45,15,HI,Hawaii,326,772,16255
45,05,AR,Arkansas,288,632,15018
45,32,NV,Nevada,281,566,14423
45,19,IA,Iowa,245,494,12744
45,23,ME,Maine,243,488,13692
45,10,DE,Delaware,233,449,15506
45,02,AK,Alaska,224,534,10971
45,44,RI,Rhode Island,220,408,15895
45,35,NM,New Mexico,211,419,11100
45,50,VT,Vermont,209,399,14113
45,41,OR,Oregon,196,366,10467
45,49,UT,Utah,190,438,13255
45,11,DC,District Of Columbia,182,292,23351
45,31,NE,Nebraska,175,370,9315
45,16,ID,Idaho,118,305,6151
45,30,MT,Montana,97,194,4719
45,38,ND,North Dakota,90,189,4458
45,46,SD,South Dakota,75,150,5234
45,56,WY,Wyoming,74,143,4387
46,96,SD,SD Total Migration-US and Foreign,12525,23833,662391
46,97,SD,SD Total Migration-US,12342,23449,654174
46,98,SD,SD Total Migration-Foreign,183,384,8217
46,97,SD,SD Total Migration-Same State,13565,25232,595694
46,46,SD,SD Non-migrants,309854,668927,20522144
46,27,MN,Minnesota,1657,2967,87183
46,19,IA,Iowa,1056,1980,53912
46,31,NE,Nebraska,908,1714,42797
46,06,CA,California,750,1429,38968
46,38,ND,North Dakota,706,1315,38445
46,08,CO,Colorado,685,1289,35219
46,48,TX,Texas,590,1183,28679
46,56,WY,Wyoming,450,864,24361
46,04,AZ,Arizona,449,826,31417
46,12,FL,Florida,417,733,18552
46,53,WA,Washington,303,603,15949
46,55,WI,Wisconsin,291,539,17741
46,29,MO,Missouri,289,608,13573
46,17,IL,Illinois,262,530,30467
46,30,MT,Montana,248,478,10293
46,20,KS,Kansas,222,427,11356
46,26,MI,Michigan,193,377,9289
46,57,FR,Foreign,183,384,8217
46,32,NV,Nevada,183,369,9850
46,39,OH,Ohio,170,334,8913
46,51,VA,Virginia,168,326,11175
46,37,NC,North Carolina,167,341,7158
46,36,NY,New York,164,274,7492
46,42,PA,Pennsylvania,152,288,8458
46,40,OK,Oklahoma,147,298,6407
46,13,GA,Georgia,135,252,6346
46,18,IN,Indiana,128,260,6725
46,41,OR,Oregon,124,239,5050
46,35,NM,New Mexico,116,236,6901
46,02,AK,Alaska,104,237,5512
46,49,UT,Utah,103,217,4988
46,47,TN,Tennessee,102,186,4515
46,16,ID,Idaho,99,191,4300
46,24,MD,Maryland,92,164,5956
46,05,AR,Arkansas,78,158,3549
46,22,LA,Louisiana,72,157,3843
46,45,SC,South Carolina,70,135,3241
46,21,KY,Kentucky,64,121,2673
46,25,MA,Massachusetts,62,91,2326
46,01,AL,Alabama,62,128,2565
46,34,NJ,New Jersey,47,77,2964
46,28,MS,Mississippi,39,88,2088
46,09,CT,Connecticut,39,79,2323
46,54,WV,West Virginia,38,74,1974
46,15,HI,Hawaii,37,72,1685
46,23,ME,Maine,29,62,1601
46,33,NH,New Hampshire,22,47,1801
46,44,RI,Rhode Island,16,31,913
46,11,DC,District Of Columbia,14,20,1050
46,10,DE,Delaware,12,21,1264
46,50,VT,Vermont,11,14,366
47,96,TN,TN Total Migration-US and Foreign,81530,163902,4469073
47,97,TN,TN Total Migration-US,80439,161409,4400043
47,98,TN,TN Total Migration-Foreign,1091,2493,69030
47,97,TN,TN Total Migration-Same State,84993,168771,3527842
47,47,TN,TN Non-migrants,2233176,4914259,132740852
47,12,FL,Florida,7649,14676,511635
47,13,GA,Georgia,7002,14196,339745
47,21,KY,Kentucky,5366,11376,229620
47,28,MS,Mississippi,5040,10508,193552
47,48,TX,Texas,4764,9868,283660
47,06,CA,California,3941,7813,274381
47,37,NC,North Carolina,3929,7965,224248
47,01,AL,Alabama,3923,7996,176116
47,51,VA,Virginia,3613,7313,204006
47,17,IL,Illinois,3514,6962,222147
47,39,OH,Ohio,2739,5381,164205
47,26,MI,Michigan,2503,4808,112477
47,36,NY,New York,2340,4367,130420
47,18,IN,Indiana,2179,4376,107280
47,45,SC,South Carolina,1872,3795,96160
47,05,AR,Arkansas,1783,3657,70631
47,29,MO,Missouri,1649,3148,85308
47,42,PA,Pennsylvania,1546,2969,92835
47,22,LA,Louisiana,1142,2271,55557
47,08,CO,Colorado,1123,2222,64767
47,57,FR,Foreign,1091,2493,69030
47,24,MD,Maryland,1054,2093,89820
47,04,AZ,Arizona,1016,2037,62545
47,55,WI,Wisconsin,953,1887,51099
47,53,WA,Washington,935,2041,50996
47,34,NJ,New Jersey,915,1872,70812
47,40,OK,Oklahoma,712,1465,32121
47,25,MA,Massachusetts,636,1085,36969
47,27,MN,Minnesota,634,1234,47247
47,20,KS,Kansas,606,1344,28604
47,54,WV,West Virginia,484,993,21513
47,32,NV,Nevada,465,865,24923
47,19,IA,Iowa,442,864,22572
47,09,CT,Connecticut,435,849,34937
47,15,HI,Hawaii,382,881,17646
47,41,OR,Oregon,371,669,15470
47,35,NM,New Mexico,316,627,18313
47,49,UT,Utah,276,666,13764
47,02,AK,Alaska,274,650,15334
47,31,NE,Nebraska,226,425,9710
47,23,ME,Maine,204,391,9943
47,33,NH,New Hampshire,180,313,11958
47,11,DC,District Of Columbia,169,236,12725
47,30,MT,Montana,168,297,7736
47,16,ID,Idaho,158,355,8925
47,10,DE,Delaware,155,372,6643
47,46,SD,South Dakota,138,258,9863
47,44,RI,Rhode Island,137,239,9166
47,56,WY,Wyoming,134,255,5367
47,50,VT,Vermont,126,225,6039
47,38,ND,North Dakota,121,254,8533
48,96,TX,TX Total Migration-US and Foreign,308792,643075,17255260
48,97,TX,TX Total Migration-US,300838,623993,16493835
48,98,TX,TX Total Migration-Foreign,7954,19082,761425
48,97,TX,TX Total Migration-Same State,459042,930168,25259746
48,48,TX,TX Non-migrants,8740404,20329645,634482029
48,06,CA,California,33626,71321,2187995
48,12,FL,Florida,30860,57583,1117627
48,13,GA,Georgia,16324,34827,635163
48,22,LA,Louisiana,14514,29948,731908
48,17,IL,Illinois,12428,25998,798497
48,36,NY,New York,12046,23060,796258
48,40,OK,Oklahoma,11300,23332,624648
48,37,NC,North Carolina,9364,21420,448037
48,08,CO,Colorado,9262,19432,616786
48,04,AZ,Arizona,9113,20296,552440
48,51,VA,Virginia,9031,19584,637992
48,26,MI,Michigan,8111,15872,353864
48,57,FR,Foreign,7954,19082,761425
48,35,NM,New Mexico,7448,16129,388494
48,47,TN,Tennessee,7200,15432,343845
48,39,OH,Ohio,6919,13757,374486
48,05,AR,Arkansas,6844,14132,293225
48,29,MO,Missouri,6582,13217,347527
48,42,PA,Pennsylvania,6514,12702,393193
48,53,WA,Washington,6319,13562,359679
48,34,NJ,New Jersey,5490,12123,409799
48,01,AL,Alabama,5212,11506,285880
48,28,MS,Mississippi,5130,10630,194347
48,20,KS,Kansas,5055,11160,271840
48,24,MD,Maryland,4665,9612,317180
48,18,IN,Indiana,4555,9533,212199
48,32,NV,Nevada,4149,8505,229428
48,45,SC,South Carolina,3852,8322,171007
48,55,WI,Wisconsin,3815,8006,194158
48,27,MN,Minnesota,3603,7434,239168
48,25,MA,Massachusetts,3440,6349,247678
48,21,KY,Kentucky,3054,6891,155060
48,49,UT,Utah,2614,6461,138560
48,41,OR,Oregon,2436,4807,131943
48,19,IA,Iowa,2260,4628,111533
48,15,HI,Hawaii,2255,5311,114094
48,09,CT,Connecticut,2132,4219,309565
48,31,NE,Nebraska,2009,4307,104168
48,02,AK,Alaska,1669,3746,102379
48,56,WY,Wyoming,1180,2328,67963
48,16,ID,Idaho,1151,2651,60287
48,11,DC,District Of Columbia,975,1483,73253
48,38,ND,North Dakota,905,1929,57895
48,54,WV,West Virginia,863,1691,43607
48,46,SD,South Dakota,849,1601,36851
48,30,MT,Montana,824,1544,40668
48,33,NH,New Hampshire,750,1402,46067
48,10,DE,Delaware,690,1463,37304
48,23,ME,Maine,617,1189,29561
48,44,RI,Rhode Island,557,1046,42614
48,50,VT,Vermont,277,512,16115
49,96,UT,UT Total Migration-US and Foreign,31181,69959,1844850
49,97,UT,UT Total Migration-US,30578,68401,1800075
49,98,UT,UT Total Migration-Foreign,603,1558,44776
49,97,UT,UT Total Migration-Same State,33388,76785,1570927
49,49,UT,UT Non-migrants,899505,2370897,60801693
49,06,CA,California,5441,12033,344516
49,04,AZ,Arizona,2354,5677,111292
49,16,ID,Idaho,2320,5367,91760
49,32,NV,Nevada,2056,4767,125462
49,48,TX,Texas,1851,4465,111202
49,08,CO,Colorado,1708,3756,97970
49,53,WA,Washington,1481,3292,92258
49,12,FL,Florida,942,1941,60050
49,41,OR,Oregon,855,1752,40569
49,56,WY,Wyoming,813,1808,39753
49,36,NY,New York,647,1209,34330
49,51,VA,Virginia,625,1393,42834
49,57,FR,Foreign,603,1558,44776
49,17,IL,Illinois,595,1249,52947
49,35,NM,New Mexico,504,1154,23342
49,37,NC,North Carolina,467,1082,27634
49,13,GA,Georgia,452,1098,28446
49,30,MT,Montana,449,940,18967
49,15,HI,Hawaii,418,1049,20835
49,42,PA,Pennsylvania,415,838,27754
49,39,OH,Ohio,409,912,24601
49,29,MO,Missouri,383,947,18486
49,26,MI,Michigan,362,778,23792
49,55,WI,Wisconsin,315,634,17846
49,27,MN,Minnesota,309,637,21467
49,02,AK,Alaska,306,672,18167
49,24,MD,Maryland,297,644,25586
49,25,MA,Massachusetts,292,550,44373
49,47,TN,Tennessee,291,671,14638
49,40,OK,Oklahoma,274,647,18935
49,20,KS,Kansas,262,611,11474
49,18,IN,Indiana,258,586,15285
49,34,NJ,New Jersey,231,484,20871
49,38,ND,North Dakota,207,465,10407
49,45,SC,South Carolina,202,461,9125
49,19,IA,Iowa,196,433,9256
49,31,NE,Nebraska,176,445,8578
49,21,KY,Kentucky,162,344,7198
49,01,AL,Alabama,158,337,8952
49,05,AR,Arkansas,151,336,8486
49,22,LA,Louisiana,149,311,6428
49,09,CT,Connecticut,123,254,19240
49,46,SD,South Dakota,111,261,6283
49,33,NH,New Hampshire,104,187,4902
49,23,ME,Maine,103,189,5267
49,28,MS,Mississippi,98,236,4182
49,50,VT,Vermont,67,113,2335
49,54,WV,West Virginia,59,154,3008
49,11,DC,District Of Columbia,49,81,11824
49,44,RI,Rhode Island,43,68,4900
49,10,DE,Delaware,38,83,2261
50,96,VT,VT Total Migration-US and Foreign,8996,14667,480779
50,97,VT,VT Total Migration-US,8870,14437,473790
50,98,VT,VT Total Migration-Foreign,126,230,6989
50,97,VT,VT Total Migration-Same State,6455,10387,251607
50,50,VT,VT Non-migrants,255942,501982,15768934
50,36,NY,New York,1424,2223,82129
50,33,NH,New Hampshire,1225,1968,51521
50,25,MA,Massachusetts,1148,1785,63332
50,12,FL,Florida,648,1078,29354
50,09,CT,Connecticut,461,728,32931
50,06,CA,California,355,548,19461
50,42,PA,Pennsylvania,292,460,15547
50,34,NJ,New Jersey,255,433,24606
50,23,ME,Maine,254,428,11319
50,51,VA,Virginia,223,429,15052
50,37,NC,North Carolina,217,367,8880
50,48,TX,Texas,207,395,12002
50,08,CO,Colorado,205,319,9096
50,24,MD,Maryland,145,240,8568
50,04,AZ,Arizona,133,227,6574
50,57,FR,Foreign,126,230,6989
50,39,OH,Ohio,117,195,5856
50,44,RI,Rhode Island,108,166,5990
50,13,GA,Georgia,105,173,3869
50,53,WA,Washington,102,157,4293
50,17,IL,Illinois,93,159,6571
50,45,SC,South Carolina,92,151,3688
50,41,OR,Oregon,83,136,3106
50,26,MI,Michigan,83,145,4219
50,49,UT,Utah,71,153,4412
50,11,DC,District Of Columbia,61,79,5530
50,47,TN,Tennessee,55,104,2126
50,27,MN,Minnesota,54,83,2651
50,55,WI,Wisconsin,53,89,3277
50,29,MO,Missouri,53,95,3026
50,35,NM,New Mexico,46,74,1927
50,18,IN,Indiana,46,63,1364
50,02,AK,Alaska,45,74,2747
50,30,MT,Montana,41,59,1350
50,21,KY,Kentucky,38,76,2583
50,22,LA,Louisiana,36,55,1652
50,01,AL,Alabama,35,63,2150
50,15,HI,Hawaii,29,48,1015
50,32,NV,Nevada,28,40,1357
50,20,KS,Kansas,27,53,1072
50,40,OK,Oklahoma,26,46,1529
50,54,WV,West Virginia,22,36,726
50,19,IA,Iowa,22,45,1252
50,16,ID,Idaho,21,48,736
50,56,WY,Wyoming,20,31,683
50,31,NE,Nebraska,18,40,1114
50,10,DE,Delaware,18,24,683
50,05,AR,Arkansas,18,27,507
50,28,MS,Mississippi,12,22,357
50,38,ND,North Dakota,-1,-1,-1
50,46,SD,South Dakota,-1,-1,-1
51,96,VA,VA Total Migration-US and Foreign,118828,232128,7418424
51,97,VA,VA Total Migration-US,112356,216391,6919388
51,98,VA,VA Total Migration-Foreign,6472,15737,499036
51,97,VA,VA Total Migration-Same State,174659,330472,9099320
51,51,VA,VA Non-migrants,2872327,6220277,229663631
51,24,MD,Maryland,12915,22870,882626
51,37,NC,North Carolina,10563,21632,501861
51,12,FL,Florida,9190,17834,514839
51,36,NY,New York,7476,13440,505131
51,06,CA,California,7138,14546,504143
51,57,FR,Foreign,6472,15737,499036
51,48,TX,Texas,5987,12803,432661
51,42,PA,Pennsylvania,5535,9532,304358
51,11,DC,District Of Columbia,5039,7486,469718
51,13,GA,Georgia,4255,8749,228294
51,34,NJ,New Jersey,3554,6519,244192
51,47,TN,Tennessee,2901,5976,140619
51,45,SC,South Carolina,2789,5409,134193
51,39,OH,Ohio,2732,5064,142294
51,17,IL,Illinois,2571,4929,175073
51,54,WV,West Virginia,2505,4649,105558
51,25,MA,Massachusetts,2005,3374,138955
51,53,WA,Washington,1826,4070,114331
51,08,CO,Colorado,1825,3759,117688
51,26,MI,Michigan,1659,3078,96662
51,04,AZ,Arizona,1397,2790,88763
51,09,CT,Connecticut,1315,2378,90523
51,01,AL,Alabama,1258,2818,74468
51,15,HI,Hawaii,1154,2981,70943
51,29,MO,Missouri,1100,2093,60404
51,18,IN,Indiana,1086,2038,59139
51,21,KY,Kentucky,1068,2218,50748
51,22,LA,Louisiana,943,1958,67705
51,55,WI,Wisconsin,749,1372,46026
51,28,MS,Mississippi,736,1505,31209
51,10,DE,Delaware,689,1271,38796
51,27,MN,Minnesota,688,1292,46058
51,32,NV,Nevada,686,1395,46242
51,20,KS,Kansas,683,1580,40773
51,40,OK,Oklahoma,676,1416,33273
51,49,UT,Utah,615,1393,33108
51,41,OR,Oregon,537,964,32800
51,35,NM,New Mexico,503,1083,32100
51,23,ME,Maine,440,786,22806
51,02,AK,Alaska,434,1002,25014
51,44,RI,Rhode Island,423,968,28729
51,33,NH,New Hampshire,422,769,25424
51,05,AR,Arkansas,419,856,21188
51,19,IA,Iowa,401,779,23467
51,31,NE,Nebraska,330,719,19302
51,50,VT,Vermont,247,449,13279
51,16,ID,Idaho,244,535,11132
51,30,MT,Montana,203,392,9033
51,38,ND,North Dakota,166,341,9970
51,46,SD,South Dakota,155,310,8361
51,56,WY,Wyoming,124,221,5409
53,96,WA,WA Total Migration-US and Foreign,101663,194560,5927334
53,97,WA,WA Total Migration-US,97899,186541,5656979
53,98,WA,WA Total Migration-Foreign,3764,8019,270355
53,97,WA,WA Total Migration-Same State,84597,156686,4176334
53,53,WA,WA Non-migrants,2539379,5502208,194855785
53,06,CA,California,18383,35225,1289415
53,41,OR,Oregon,12431,23972,649416
53,48,TX,Texas,5823,11752,340146
53,04,AZ,Arizona,4654,8576,254472
53,16,ID,Idaho,4258,8276,180417
53,12,FL,Florida,3956,7066,198305
53,57,FR,Foreign,3764,8019,270355
53,08,CO,Colorado,2955,5563,167180
53,36,NY,New York,2752,4480,199797
53,17,IL,Illinois,2465,4473,175518
53,02,AK,Alaska,2287,4378,126189
53,51,VA,Virginia,2286,4607,297718
53,32,NV,Nevada,2281,4391,-184768
53,15,HI,Hawaii,2036,4327,102747
53,13,GA,Georgia,1997,4195,104857
53,37,NC,North Carolina,1937,3894,130256
53,49,UT,Utah,1826,3973,97054
53,30,MT,Montana,1817,3216,81614
53,39,OH,Ohio,1489,2625,89979
53,26,MI,Michigan,1449,2475,83835
53,42,PA,Pennsylvania,1413,2478,95777
53,27,MN,Minnesota,1383,2363,85682
53,29,MO,Missouri,1251,2430,64387
53,25,MA,Massachusetts,1245,2020,103753
53,47,TN,Tennessee,1077,2165,56705
53,55,WI,Wisconsin,1076,1820,63741
53,24,MD,Maryland,1075,2062,79312
53,20,KS,Kansas,932,2022,50543
53,35,NM,New Mexico,912,1697,49791
53,34,NJ,New Jersey,897,1587,68868
53,45,SC,South Carolina,885,1754,47858
53,18,IN,Indiana,884,1610,47560
53,40,OK,Oklahoma,864,1775,38224
53,21,KY,Kentucky,610,1308,27277
53,22,LA,Louisiana,587,1145,26949
53,19,IA,Iowa,580,1088,28631
53,01,AL,Alabama,580,1257,28211
53,09,CT,Connecticut,544,990,56028
53,38,ND,North Dakota,542,1045,69739
53,31,NE,Nebraska,467,902,22880
53,56,WY,Wyoming,456,938,19959
53,05,AR,Arkansas,446,926,22503
53,11,DC,District Of Columbia,356,552,33974
53,28,MS,Mississippi,337,688,14426
53,46,SD,South Dakota,329,607,14763
53,33,NH,New Hampshire,239,402,13310
53,23,ME,Maine,234,390,10626
53,50,VT,Vermont,175,244,7640
53,44,RI,Rhode Island,164,297,8343
53,10,DE,Delaware,148,265,7966
53,54,WV,West Virginia,129,250,7404
54,96,WV,WV Total Migration-US and Foreign,17208,33216,776639
54,97,WV,WV Total Migration-US,17093,32962,770623
54,98,WV,WV Total Migration-Foreign,115,254,6016
54,97,WV,WV Total Migration-Same State,17524,34048,682255
54,54,WV,WV Non-migrants,627221,1339463,34070461
54,39,OH,Ohio,2599,4992,87564
54,51,VA,Virginia,2580,5090,123211
54,24,MD,Maryland,2086,4027,103933
54,42,PA,Pennsylvania,1699,3055,77819
54,12,FL,Florida,1152,2088,59798
54,37,NC,North Carolina,935,1901,36235
54,21,KY,Kentucky,683,1513,27495
54,48,TX,Texas,521,1072,26019
54,36,NY,New York,432,765,16976
54,45,SC,South Carolina,417,828,16471
54,06,CA,California,342,576,19068
54,13,GA,Georgia,335,673,18391
54,47,TN,Tennessee,331,638,13101
54,34,NJ,New Jersey,229,413,12675
54,26,MI,Michigan,221,446,8528
54,18,IN,Indiana,195,372,8132
54,08,CO,Colorado,174,358,9703
54,17,IL,Illinois,166,314,7768
54,04,AZ,Arizona,152,269,6994
54,01,AL,Alabama,131,258,5898
54,53,WA,Washington,119,249,5935
54,57,FR,Foreign,115,254,6016
54,29,MO,Missouri,113,244,4705
54,22,LA,Louisiana,101,192,5755
54,25,MA,Massachusetts,88,151,5040
54,40,OK,Oklahoma,87,180,4799
54,20,KS,Kansas,85,181,3637
54,55,WI,Wisconsin,81,142,3614
54,11,DC,District Of Columbia,77,116,6220
54,32,NV,Nevada,71,128,3222
54,05,AR,Arkansas,71,145,2892
54,28,MS,Mississippi,67,136,2508
54,09,CT,Connecticut,66,110,3401
54,10,DE,Delaware,59,112,2729
54,02,AK,Alaska,57,101,2203
54,49,UT,Utah,56,123,2810
54,41,OR,Oregon,53,90,2257
54,27,MN,Minnesota,52,105,3433
54,15,HI,Hawaii,50,112,2573
54,35,NM,New Mexico,48,105,2541
54,19,IA,Iowa,42,70,1705
54,23,ME,Maine,37,65,1892
54,30,MT,Montana,35,81,1860
54,33,NH,New Hampshire,33,69,1552
54,56,WY,Wyoming,31,68,2391
54,50,VT,Vermont,25,39,1337
54,38,ND,North Dakota,24,50,752
54,31,NE,Nebraska,24,38,872
54,46,SD,South Dakota,22,38,564
54,16,ID,Idaho,22,51,770
54,44,RI,Rhode Island,17,23,874
55,96,WI,WI Total Migration-US and Foreign,43497,80756,2338486
55,97,WI,WI Total Migration-US,42939,79598,2303206
55,98,WI,WI Total Migration-Foreign,558,1158,35280
55,97,WI,WI Total Migration-Same State,80705,141155,3593792
55,55,WI,WI Non-migrants,2210165,4703500,145338262
55,17,IL,Illinois,8998,16836,486634
55,27,MN,Minnesota,6140,10591,313055
55,12,FL,Florida,2483,4319,132202
55,26,MI,Michigan,2391,4258,115581
55,06,CA,California,2287,4314,134084
55,48,TX,Texas,2033,4139,111591
55,19,IA,Iowa,1418,2587,66473
55,04,AZ,Arizona,1232,2168,64022
55,08,CO,Colorado,1057,1916,56332
55,18,IN,Indiana,1004,1885,47519
55,36,NY,New York,956,1618,55634
55,39,OH,Ohio,876,1644,51745
55,29,MO,Missouri,800,1549,43148
55,37,NC,North Carolina,798,1609,43234
55,13,GA,Georgia,727,1461,37084
55,53,WA,Washington,703,1348,52629
55,42,PA,Pennsylvania,654,1256,40429
55,51,VA,Virginia,649,1272,38197
55,47,TN,Tennessee,581,1149,24878
55,57,FR,Foreign,558,1158,35280
55,38,ND,North Dakota,370,666,19254
55,21,KY,Kentucky,360,759,16840
55,34,NJ,New Jersey,359,717,34155
55,24,MD,Maryland,356,661,26369
55,32,NV,Nevada,354,636,13219
55,25,MA,Massachusetts,346,551,21074
55,45,SC,South Carolina,342,643,19077
55,05,AR,Arkansas,327,658,15948
55,20,KS,Kansas,323,673,17766
55,41,OR,Oregon,321,584,15738
55,31,NE,Nebraska,289,554,15597
55,40,OK,Oklahoma,288,574,13903
55,46,SD,South Dakota,281,575,14050
55,28,MS,Mississippi,262,545,7184
55,01,AL,Alabama,252,517,9930
55,49,UT,Utah,246,540,14439
55,02,AK,Alaska,219,404,13343
55,35,NM,New Mexico,210,367,9512
55,09,CT,Connecticut,209,391,16448
55,22,LA,Louisiana,200,399,9859
55,15,HI,Hawaii,182,346,8210
55,16,ID,Idaho,169,322,8145
55,30,MT,Montana,167,299,7104
55,56,WY,Wyoming,139,235,6720
55,11,DC,District Of Columbia,104,140,7449
55,33,NH,New Hampshire,96,191,5846
55,54,WV,West Virginia,92,162,3749
55,23,ME,Maine,87,155,4566
55,10,DE,Delaware,71,188,5177
55,50,VT,Vermont,70,121,3307
55,44,RI,Rhode Island,61,106,4759
56,96,WY,WY Total Migration-US and Foreign,12911,25533,768673
56,97,WY,WY Total Migration-US,12716,25112,759502
56,98,WY,WY Total Migration-Foreign,195,421,9171
56,97,WY,WY Total Migration-Same State,5164,9744,249529
56,56,WY,WY Non-migrants,212527,457045,18116604
56,08,CO,Colorado,1831,3452,111570
56,06,CA,California,983,1968,72831
56,49,UT,Utah,950,2292,49930
56,30,MT,Montana,721,1298,35278
56,48,TX,Texas,713,1473,76338
56,16,ID,Idaho,549,1265,25286
56,04,AZ,Arizona,477,950,21710
56,12,FL,Florida,446,807,15696
56,46,SD,South Dakota,431,843,18486
56,31,NE,Nebraska,420,846,19040
56,53,WA,Washington,392,799,20476
56,32,NV,Nevada,274,543,13022
56,38,ND,North Dakota,270,551,19181
56,41,OR,Oregon,260,506,10879
56,26,MI,Michigan,238,417,11597
56,17,IL,Illinois,234,410,16017
56,35,NM,New Mexico,208,401,10698
56,57,FR,Foreign,195,421,9171
56,36,NY,New York,192,312,24781
56,27,MN,Minnesota,192,362,17549
56,13,GA,Georgia,190,326,6945
56,40,OK,Oklahoma,182,403,11598
56,29,MO,Missouri,182,347,7618
56,37,NC,North Carolina,177,340,7546
56,42,PA,Pennsylvania,176,302,10298
56,20,KS,Kansas,171,358,8821
56,51,VA,Virginia,161,322,11082
56,55,WI,Wisconsin,160,283,8052
56,39,OH,Ohio,144,247,7610
56,02,AK,Alaska,130,282,11148
56,47,TN,Tennessee,109,204,4858
56,19,IA,Iowa,105,201,6960
56,22,LA,Louisiana,97,220,5405
56,24,MD,Maryland,96,173,9012
56,18,IN,Indiana,94,207,4631
56,05,AR,Arkansas,88,202,3808
56,45,SC,South Carolina,78,145,3019
56,01,AL,Alabama,76,148,3028
56,21,KY,Kentucky,71,143,2998
56,25,MA,Massachusetts,65,96,7355
56,28,MS,Mississippi,61,113,2049
56,34,NJ,New Jersey,59,94,3826
56,09,CT,Connecticut,50,81,8807
56,15,HI,Hawaii,45,108,2221
56,54,WV,West Virginia,40,90,2474
56,50,VT,Vermont,40,46,2479
56,23,ME,Maine,40,55,3346
56,33,NH,New Hampshire,32,48,1523
56,10,DE,Delaware,16,33,618
56,11,DC,District Of Columbia,-1,-1,-1
56,44,RI,Rhode Island,-1,-1,-1
